bundle	file	lines	body_sha256(lines start..end, HEAD 9e5f3ccf)
no-edit/internal-app-engine--context.refreshpairedstrategyentryproductionassembly.ast.json	internal/app/engine/strategy_entry_supervisor.go	575-595	e627c2c081d40ca8507a80f60aa91989dba46f75975224eadd4eb9e88c4257b8
no-edit/internal-app-engine--invokeboundedstrategycycle.ast.json	internal/app/engine/strategy_entry_supervisor.go	1057-1077	eb875bb4984430ec19742f5239d9ddd7cbefcf3894dc8fcc62e406bae455d0ef
no-edit/internal-app-engine--invokestrategycycle.ast.json	internal/app/engine/strategy_entry_supervisor.go	1079-1091	8d6097e037e88a406270c7e6fa50dc14273a10c15d143b8f4994b1f8e43dca99
no-edit/internal-app-engine--strategylaneinputs.ast.json	internal/app/engine/strategy_lane_runtime.go	266-279	a070bab7718f60965dd7a43aefdc324b023e6576e20e3c4c15ee7f638daf4a16
no-edit/internal-app-engine--strategyproposalauthoritypair.formarket.ast.json	internal/app/engine/strategy_proposal_authority.go	167-175	cfaa4d179d80748894746cf6d7252a0d613dae43ffcc60a8b84c1c9532b1b8a8
no-edit/internal-strategyrouter--decodeproductionfamilyactivation.ast.json	internal/strategyrouter/production_family_activation.go	509-528	c217246e7357c2dda7614a7c49a4ef5951cf1c5a78d5b21c4423ba2a514221f7
no-edit/internal-strategyrouter--loadproductionfamilyactivation.ast.json	internal/strategyrouter/production_family_activation.go	429-495	30d0de8f457aaf0598ca9e1ba97bdbfb50ffe21d43a16137c09510bdd0f5dc6f
no-edit/internal-strategyrouter--productionroutedescriptors.ast.json	internal/strategyrouter/production.go	586-604	e25cc169eb06d7c8e7cd087b513a9aa340973c427dc440458028c9b46db5a292
no-edit/internal-strategyrouter--productionroutedigest.ast.json	internal/strategyrouter/production.go	768-771	1bb543bacd7380036059c274817cdfb363231025f42d192ab48d1215767958cf
no-edit/internal-strategyrouter--productionroutedigestvalid.ast.json	internal/strategyrouter/production.go	760-766	0996eacd0a22bdf9522e8141139f7c5df170a2694010f6285b8b84b5e859a1e0
no-edit/internal-strategyrouter--productionrouteidentity.ast.json	internal/strategyrouter/production.go	756-758	5d6acab8695d64a7a36b78522d6f55570d384d5b856f01532be44ddcf25dd49c
no-edit/internal-strategyrouter--productionrouteowneruid.ast.json	internal/strategyrouter/production_owner_unix.go	10-10	72700ad4f42d6e5127e5f26780721fb62038eeb3244847616b2a6f1acb5ef0e0
no-edit/internal-strategyrouter--productionroutetime.ast.json	internal/strategyrouter/production.go	751-754	3608e3eb912cc871ab1ddd175d43d2c47b8ba1bd422a598fc5649d2ed82c8593
no-edit/internal-strategyrouter--readproductionroutefile.ast.json	internal/strategyrouter/production_owner_unix.go	12-39	285e9136157b72a8564f3f0683961c121d5df0e27271f88ba8921206ebb65475
no-edit/internal-strategyrouter--validateproductionfamilyactivation.ast.json	internal/strategyrouter/production_family_activation.go	540-624	ad68c44e90bc6acb67be5b78ec1a19a99b48764fade2fb65899883f0d8a7e547
internal-app-engine--context.newpairedstrategyentryproductionassembly/ast.json	internal/app/engine/strategy_entry_supervisor.go	293-374	c4d7498dc6587d12f3aa0867c605ce64c38876e4c33c54d285d5aeb436ca16d5
internal-app-engine--context.newrefreshingpairedstrategyentrysupervisor/ast.json	internal/app/engine/strategy_entry_supervisor.go	382-410	ea59cb97dab08d6d33f99c1bfb9a40154cccddaf4f7eb3194ed2cfe7209ada53
internal-app-engine--context.productionstrategyworker/ast.json	internal/app/engine/strategy_entry_supervisor.go	412-424	8db4fe3b0cc439f9a84f6e8cdbb61eb6fe84313417ba62e252e4f0c0a1645fa7
internal-app-engine--context.runproductionstrategymarketcycle/ast.json	internal/app/engine/strategy_entry_supervisor.go	514-573	463315ac2ccd762fe73ee841c77cef36e30880467adad87ef2ebd3cc84567659
internal-app-engine--coordinatemarketproposals/ast.json	internal/app/engine/strategy_market_coordinator.go	57-125	8b5dbfa2fd7be1a2cfd3e005214781db9f7ada2204e4cbd4d8f598c971b7ca78
internal-app-engine--newstrategylaneruntime/ast.json	internal/app/engine/strategy_lane_runtime.go	95-103	458c7d40586aa224593bb56ca555d42734611ce15ec0958c193b96f6515df85b
internal-app-engine--strategylaneprojection/ast.json	internal/app/engine/strategy_lane_projection.go	45-87	65708f66b11a424b130dd145b01906a2655be390a802596b260461bcf805fe49
internal-app-engine--strategylaneruntime.evaluate/ast.json	internal/app/engine/strategy_lane_runtime.go	199-258	c4100df96c08bae542f7771c16de6d14ac229f91ed2cb5eec85a6314e1c0955b
internal-app-engine--strategylaneruntime.projection/ast.json	internal/app/engine/strategy_lane_projection.go	31-43	24fb7bc5cff4c34e8170b6bf7a4b559be8b9a2a8b47dd2295398dfcc65a3eeab
internal-app-engine--strategylaneruntime.record/ast.json	internal/app/engine/strategy_lane_runtime.go	322-338	781899797172aa9fdb3247ad3f7de4359aea54864ee00db4056037ae4d729dd3
internal-app-engine--strategylaneruntime.runlane/ast.json	internal/app/engine/strategy_lane_runtime.go	286-316	b1f3d6eb8e5ade6967723649f18fac17370f8d21d5bf566e5c5de8763317b4e5
internal-app-engine--strategyproposalauthorityloader.collect/ast.json	internal/app/engine/strategy_proposal_authority.go	257-291	cc46da7fedd2a7506b1020a3c531f0f15ce48909b8f1309d14ce60116b407c63
internal-app-engine--strategyproposalauthorityloader.collectmarket/ast.json	internal/app/engine/strategy_proposal_authority.go	293-458	05333aebc31fe052aa2ec9d6671e154c6aef7d89cb45568de8395be3594a7041
internal-strategyprojection--validatelane/ast.json	internal/strategyprojection/lanes.go	274-333	be0739e0493c893952b5ea41ed814b685c3bc869f84b7f530157ddaf0335f1ab
