TREE	HEAD 56f107cc4d7b9ea96392f2bff32413efdc01866c	uncommitted tracked: internal/app/engine/alertdelivery.go,internal/app/engine/auxiliary.go,internal/execgw/retry.go,internal/journal/a066_integration_5_6_test.go,internal/journal/alert_claim.go,internal/journal/migration_v34_test.go,internal/journal/outbox.go,internal/journal/risk_bucket.go,internal/journal/risk_bucket_admission_test.go,internal/journal/risk_bucket_usage.go,internal/journal/strategy_first_leg_atomic_test.go	own untracked: internal/journal/a066_integration_5_7_test.go
CONTROL	GREEN	
N01 CRA stale check removed	CAUGHT	8 failing: TestA066StaleUsageRuleEdgesAtBothAdmissionSites/CommitRiskBucketAdmission/understated_held_40_of_50_is_stale, TestA066StaleUsageRuleEdgesAtBothAdmissionSites/CommitRiskBucketAdmission/filled_usage_counts, TestA066StaleUsageRuleEdgesAtBothAdmissionSites/CommitRiskBucketAdmission/unreadable_ledger_refuses, TestA066StaleUsageIsJudgedPerDimension/CommitRiskBucketAdmission/horizon, TestA066StaleUsageIsJudgedPerDimension/CommitRiskBucketAdmission/market, TestA066StaleUsageIsJudgedPerDimension/CommitRiskBucketAdmission/strategy, TestA066StaleUsageIsJudgedPerDimension/CommitRiskBucketAdmission/sector, TestA066LedgerUsageHasOneComputation/refuseStaleBucketUsage
N02 fresh stale check removed	CAUGHT	15 failing: TestA066SharedBucketStaleSnapshotIsRefusedAtAnyPrice/KR_same_price, TestA066SharedBucketStaleSnapshotIsRefusedAtAnyPrice/KR_other_price, TestA066SharedBucketStaleSnapshotIsRefusedAtAnyPrice/US_other_price, TestA066StaleUsageIsRefusedOnceAndReEvaluatedOnTheNextWave, TestA066StaleUsageRuleEdgesAtBothAdmissionSites/RecordQFinalDecisionAndReserve/understated_held_40_of_50_is_stale, TestA066StaleUsageRuleEdgesAtBothAdmissionSites/RecordQFinalDecisionAndReserve/filled_usage_counts, TestA066StaleUsageRuleEdgesAtBothAdmissionSites/RecordQFinalDecisionAndReserve/unreadable_ledger_refuses, TestA066StaleUsageIsJudgedPerDimension/RecordQFinalDecisionAndReserve/horizon …
N03 CRA stale check account<-LaneID	CAUGHT	7 failing: TestA066StaleUsageRuleEdgesAtBothAdmissionSites/CommitRiskBucketAdmission/understated_held_40_of_50_is_stale, TestA066StaleUsageRuleEdgesAtBothAdmissionSites/CommitRiskBucketAdmission/filled_usage_counts, TestA066StaleUsageRuleEdgesAtBothAdmissionSites/CommitRiskBucketAdmission/unreadable_ledger_refuses, TestA066StaleUsageIsJudgedPerDimension/CommitRiskBucketAdmission/horizon, TestA066StaleUsageIsJudgedPerDimension/CommitRiskBucketAdmission/market, TestA066StaleUsageIsJudgedPerDimension/CommitRiskBucketAdmission/strategy, TestA066StaleUsageIsJudgedPerDimension/CommitRiskBucketAdmission/sector
N04 fresh stale check account<-LaneID	CAUGHT	14 failing: TestA066SharedBucketStaleSnapshotIsRefusedAtAnyPrice/KR_same_price, TestA066SharedBucketStaleSnapshotIsRefusedAtAnyPrice/KR_other_price, TestA066SharedBucketStaleSnapshotIsRefusedAtAnyPrice/US_other_price, TestA066StaleUsageIsRefusedOnceAndReEvaluatedOnTheNextWave, TestA066StaleUsageRuleEdgesAtBothAdmissionSites/RecordQFinalDecisionAndReserve/understated_held_40_of_50_is_stale, TestA066StaleUsageRuleEdgesAtBothAdmissionSites/RecordQFinalDecisionAndReserve/filled_usage_counts, TestA066StaleUsageRuleEdgesAtBothAdmissionSites/RecordQFinalDecisionAndReserve/unreadable_ledger_refuses, TestA066StaleUsageIsJudgedPerDimension/RecordQFinalDecisionAndReserve/horizon …
N05 comparison accepts understated usage	CAUGHT	17 failing: TestA066SharedBucketStaleSnapshotIsRefusedAtAnyPrice/KR_same_price, TestA066SharedBucketStaleSnapshotIsRefusedAtAnyPrice/KR_other_price, TestA066SharedBucketStaleSnapshotIsRefusedAtAnyPrice/US_other_price, TestA066StaleUsageIsRefusedOnceAndReEvaluatedOnTheNextWave, TestA066StaleUsageRuleEdgesAtBothAdmissionSites/CommitRiskBucketAdmission/understated_held_40_of_50_is_stale, TestA066StaleUsageRuleEdgesAtBothAdmissionSites/CommitRiskBucketAdmission/filled_usage_counts, TestA066StaleUsageRuleEdgesAtBothAdmissionSites/RecordQFinalDecisionAndReserve/understated_held_40_of_50_is_stale, TestA066StaleUsageRuleEdgesAtBothAdmissionSites/RecordQFinalDecisionAndReserve/filled_usage_counts …
N06 held claim inflated tenfold	CAUGHT	2 failing: TestA066StaleUsageRuleEdgesAtBothAdmissionSites/CommitRiskBucketAdmission/understated_held_40_of_50_is_stale, TestA066StaleUsageRuleEdgesAtBothAdmissionSites/RecordQFinalDecisionAndReserve/understated_held_40_of_50_is_stale
N07 ledger read error admits	CAUGHT	2 failing: TestA066StaleUsageRuleEdgesAtBothAdmissionSites/CommitRiskBucketAdmission/unreadable_ledger_refuses, TestA066StaleUsageRuleEdgesAtBothAdmissionSites/RecordQFinalDecisionAndReserve/unreadable_ledger_refuses
N08 stale refusal becomes retryable	CAUGHT	4 failing: TestA066SharedBucketStaleSnapshotIsRefusedAtAnyPrice/KR_same_price, TestA066SharedBucketStaleSnapshotIsRefusedAtAnyPrice/KR_other_price, TestA066SharedBucketStaleSnapshotIsRefusedAtAnyPrice/US_other_price, TestA066StaleUsageIsRefusedOnceAndReEvaluatedOnTheNextWave
N09 refusal code wrong	CAUGHT	11 failing: TestA066SharedBucketStaleSnapshotIsRefusedAtAnyPrice/KR_same_price, TestA066SharedBucketStaleSnapshotIsRefusedAtAnyPrice/KR_other_price, TestA066SharedBucketStaleSnapshotIsRefusedAtAnyPrice/US_other_price, TestA066StaleUsageIsJudgedPerDimension/CommitRiskBucketAdmission/horizon, TestA066StaleUsageIsJudgedPerDimension/CommitRiskBucketAdmission/market, TestA066StaleUsageIsJudgedPerDimension/CommitRiskBucketAdmission/strategy, TestA066StaleUsageIsJudgedPerDimension/CommitRiskBucketAdmission/sector, TestA066StaleUsageIsJudgedPerDimension/RecordQFinalDecisionAndReserve/horizon …
N10 shared sum drops filled	CAUGHT	10 failing: TestA066StaleUsageRuleEdgesAtBothAdmissionSites/CommitRiskBucketAdmission/filled_usage_counts, TestA066StaleUsageRuleEdgesAtBothAdmissionSites/RecordQFinalDecisionAndReserve/filled_usage_counts, TestA066StaleUsageIsJudgedPerDimension/CommitRiskBucketAdmission/horizon, TestA066StaleUsageIsJudgedPerDimension/CommitRiskBucketAdmission/market, TestA066StaleUsageIsJudgedPerDimension/CommitRiskBucketAdmission/strategy, TestA066StaleUsageIsJudgedPerDimension/CommitRiskBucketAdmission/sector, TestA066StaleUsageIsJudgedPerDimension/RecordQFinalDecisionAndReserve/horizon, TestA066StaleUsageIsJudgedPerDimension/RecordQFinalDecisionAndReserve/market …
N11 shared sum drops held	CAUGHT	8 failing: TestA066SharedBucketStaleSnapshotIsRefusedAtAnyPrice/KR_same_price, TestA066SharedBucketStaleSnapshotIsRefusedAtAnyPrice/KR_other_price, TestA066SharedBucketStaleSnapshotIsRefusedAtAnyPrice/US_other_price, TestA066StaleUsageIsRefusedOnceAndReEvaluatedOnTheNextWave, TestA066StaleUsageRuleEdgesAtBothAdmissionSites/CommitRiskBucketAdmission/understated_held_40_of_50_is_stale, TestA066StaleUsageRuleEdgesAtBothAdmissionSites/RecordQFinalDecisionAndReserve/understated_held_40_of_50_is_stale, TestFirstLegAtomicAdmissionSameAccountKRUSRecollectsTheSerializedLoser, TestProductionRiskSnapshotAuthorityReadsExactUsageAndRefusesLatch
N12 production reader ignores latch	CAUGHT	1 failing: TestProductionRiskSnapshotAuthorityReadsExactUsageAndRefusesLatch
N13 aggregate forgets latched rows	CAUGHT	3 failing: TestA066LatchedUsageInASharedBucketBlocksNewEntry/unknown_actual_latched, TestA066LatchedUsageInASharedBucketBlocksNewEntry/risk_overage_latched, TestProductionRiskSnapshotAuthorityReadsExactUsageAndRefusesLatch
N14 policy record not stored	CAUGHT	80 failing: TestA066SharedBucketSecondAdmissionAtAnotherPriceIsCappedNotCollided/KR, TestA066SharedBucketSecondAdmissionAtAnotherPriceIsCappedNotCollided/US, TestA066SharedBucketStaleSnapshotIsRefusedAtAnyPrice/KR_same_price, TestA066SharedBucketStaleSnapshotIsRefusedAtAnyPrice/KR_other_price, TestA066SharedBucketStaleSnapshotIsRefusedAtAnyPrice/US_other_price, TestA066SharedBucketSecondEntryReadsItsOwnPolicyRecord, TestA066StaleUsageIsRefusedOnceAndReEvaluatedOnTheNextWave, TestA066StaleUsageRuleEdgesAtBothAdmissionSites/CommitRiskBucketAdmission/understated_held_40_of_50_is_stale …
N15 key-only collision reinstated	CAUGHT	8 failing: TestA066SharedBucketSecondAdmissionAtAnotherPriceIsCappedNotCollided/KR, TestA066SharedBucketSecondAdmissionAtAnotherPriceIsCappedNotCollided/US, TestA066SharedBucketSecondEntryReadsItsOwnPolicyRecord, TestA066StaleUsageRuleEdgesAtBothAdmissionSites/CommitRiskBucketAdmission/ledger-true_claim_is_admitted, TestA066StaleUsageRuleEdgesAtBothAdmissionSites/RecordQFinalDecisionAndReserve/ledger-true_claim_is_admitted, TestA066StaleUsageIsJudgedPerDimension/CommitRiskBucketAdmission/all_ledger-true_(filled_only), TestA066StaleUsageIsJudgedPerDimension/RecordQFinalDecisionAndReserve/all_ledger-true_(filled_only), TestRiskBucketAdmissionRejectsImmutablePolicyAndSnapshotCollision
N16 fill loader joins by key only	CAUGHT	1 failing: TestA066SharedBucketSecondEntryReadsItsOwnPolicyRecord
N17 v34 required-record trigger disabled	CAUGHT	1 failing: TestMigrationV33ToV34KeepsLegacyReservationsReadable
N17b v34 trigger ignores bucket_value	CAUGHT	1 failing: TestMigrationV33ToV34KeepsLegacyReservationsReadable
N17c v34 trigger ignores policy_version	CAUGHT	1 failing: TestMigrationV33ToV34KeepsLegacyReservationsReadable
N17d v34 trigger ignores key	CAUGHT	1 failing: TestMigrationV33ToV34KeepsLegacyReservationsReadable
N18b immutability guards only NULL to value	CAUGHT	1 failing: TestMigrationV33ToV34KeepsLegacyReservationsReadable
N22 claim side ignores filled	CAUGHT	8 failing: TestA066StaleUsageIsJudgedPerDimension/CommitRiskBucketAdmission/market, TestA066StaleUsageIsJudgedPerDimension/CommitRiskBucketAdmission/strategy, TestA066StaleUsageIsJudgedPerDimension/CommitRiskBucketAdmission/sector, TestA066StaleUsageIsJudgedPerDimension/CommitRiskBucketAdmission/all_ledger-true_(filled_only), TestA066StaleUsageIsJudgedPerDimension/RecordQFinalDecisionAndReserve/market, TestA066StaleUsageIsJudgedPerDimension/RecordQFinalDecisionAndReserve/strategy, TestA066StaleUsageIsJudgedPerDimension/RecordQFinalDecisionAndReserve/sector, TestA066StaleUsageIsJudgedPerDimension/RecordQFinalDecisionAndReserve/all_ledger-true_(filled_only)
N23 only the first bucket is judged	CAUGHT	8 failing: TestA066StaleUsageRuleEdgesAtBothAdmissionSites/CommitRiskBucketAdmission/unreadable_ledger_refuses, TestA066StaleUsageRuleEdgesAtBothAdmissionSites/RecordQFinalDecisionAndReserve/unreadable_ledger_refuses, TestA066StaleUsageIsJudgedPerDimension/CommitRiskBucketAdmission/market, TestA066StaleUsageIsJudgedPerDimension/CommitRiskBucketAdmission/strategy, TestA066StaleUsageIsJudgedPerDimension/CommitRiskBucketAdmission/sector, TestA066StaleUsageIsJudgedPerDimension/RecordQFinalDecisionAndReserve/market, TestA066StaleUsageIsJudgedPerDimension/RecordQFinalDecisionAndReserve/strategy, TestA066StaleUsageIsJudgedPerDimension/RecordQFinalDecisionAndReserve/sector
N24 sector bucket skipped	CAUGHT	2 failing: TestA066StaleUsageIsJudgedPerDimension/CommitRiskBucketAdmission/sector, TestA066StaleUsageIsJudgedPerDimension/RecordQFinalDecisionAndReserve/sector
N25 market bucket skipped	CAUGHT	2 failing: TestA066StaleUsageIsJudgedPerDimension/CommitRiskBucketAdmission/market, TestA066StaleUsageIsJudgedPerDimension/RecordQFinalDecisionAndReserve/market
N18 v34 immutable binding trigger removed	CAUGHT	1 failing: TestMigrationV33ToV34KeepsLegacyReservationsReadable
N19 schema version not bumped	CAUGHT	111 failing: TestA066SharedBucketSecondAdmissionAtAnotherPriceIsCappedNotCollided/KR, TestA066SharedBucketSecondAdmissionAtAnotherPriceIsCappedNotCollided/US, TestA066SharedBucketStaleSnapshotIsRefusedAtAnyPrice/KR_same_price, TestA066SharedBucketStaleSnapshotIsRefusedAtAnyPrice/KR_other_price, TestA066SharedBucketStaleSnapshotIsRefusedAtAnyPrice/US_other_price, TestA066SharedBucketSecondEntryReadsItsOwnPolicyRecord, TestA066StaleUsageIsRefusedOnceAndReEvaluatedOnTheNextWave, TestA066StaleUsageRuleEdgesAtBothAdmissionSites/CommitRiskBucketAdmission/understated_held_40_of_50_is_stale …
N21 admission ignores latched shared usage	CAUGHT	2 failing: TestA066LatchedUsageInASharedBucketBlocksNewEntry/unknown_actual_latched, TestA066LatchedUsageInASharedBucketBlocksNewEntry/risk_overage_latched
N20 legacy branch of fill loader dropped	CAUGHT	1 failing: TestMigrationV33ToV34KeepsLegacyReservationsReadable
