# old base 23794f86 -> landing e9355a82; self Go commits 39: 4aee6853 c60fee07 4a364caf 9bf1a3a6 a37d97f5 ebb87d3d 8022f578 f992211b 0004536c 7aa158bb af82d17c b8211926 bb44e7af cf381447 2b36ae44 d78f3f4a cba3383e 47b48ae4 9f9aa8e3 a22a2c05 bfaeb2bf 4773eb56 306bc872 9ba1c783 63818553 6c41f9ea 4e5edffd 1b46dc40 53cef064 7023779d e5ad6f9b e0048172 28629ec6 cb16367d bce793a7 90e5170d 48b00df5 93f74c79 e9355a82
# required at the old base (gate window) 395; functions touched by self commits 277; FRESH 28; MISSING 63; NOT-REQUIRED(new-since-base-or-unchanged-at-landing) 186
file	function	commits	bundle	status
cmd/tossctl/console.go	runConsole	8022f578	-	MISSING
cmd/tossctl/engine.go	engineDormantStrategyEntry	8022f578	-	NOT-REQUIRED(new-since-base-or-unchanged-at-landing)
cmd/tossctl/engine.go	engineRuntime	8022f578	-	MISSING
cmd/tossctl/engine.go	newEngineCmd	bce793a7	cmd-tossctl--newenginecmd	FRESH
cmd/tossctl/engine.go	runEngineRun	8022f578	-	MISSING
cmd/tossctl/engine_risk_relaxation.go	newEngineEntryLockReleaseCmd	90e5170d	-	NOT-REQUIRED(new-since-base-or-unchanged-at-landing)
cmd/tossctl/engine_risk_relaxation.go	newEngineRiskLatchReleaseCmd	90e5170d	-	NOT-REQUIRED(new-since-base-or-unchanged-at-landing)
cmd/tossctl/engine_risk_relaxation.go	productionRiskRelaxationDeps	90e5170d	-	NOT-REQUIRED(new-since-base-or-unchanged-at-landing)
cmd/tossctl/engine_risk_relaxation.go	relaxationCommon.bind	90e5170d	-	NOT-REQUIRED(new-since-base-or-unchanged-at-landing)
cmd/tossctl/engine_risk_relaxation.go	relaxationCommon.check	90e5170d	-	NOT-REQUIRED(new-since-base-or-unchanged-at-landing)
cmd/tossctl/engine_risk_relaxation.go	relaxationCommon.reasonWithOperator	90e5170d	-	NOT-REQUIRED(new-since-base-or-unchanged-at-landing)
cmd/tossctl/engine_risk_relaxation.go	runEngineRiskLatchShow	90e5170d	-	NOT-REQUIRED(new-since-base-or-unchanged-at-landing)
cmd/tossctl/engine_risk_relaxation.go	runRiskRelaxation	93f74c79	-	NOT-REQUIRED(new-since-base-or-unchanged-at-landing)
cmd/tossctl/engine_risk_relaxation.go	withRelaxationJournal	90e5170d	-	NOT-REQUIRED(new-since-base-or-unchanged-at-landing)
cmd/tossctl/engine_risk_relaxation_test.go	TestEngineEntryLockReleaseBindsWhatShowPrinted	90e5170d	-	NOT-REQUIRED(new-since-base-or-unchanged-at-landing)
cmd/tossctl/engine_risk_relaxation_test.go	TestEngineRelaxationDoesNotOpenTheJournalWithoutAnAuditLog	90e5170d	-	NOT-REQUIRED(new-since-base-or-unchanged-at-landing)
cmd/tossctl/engine_risk_relaxation_test.go	TestEngineRelaxationFailingAuditChangesNothing	90e5170d	-	NOT-REQUIRED(new-since-base-or-unchanged-at-landing)
cmd/tossctl/engine_risk_relaxation_test.go	TestEngineRelaxationRefusesBeforeOpeningAnything	90e5170d	-	NOT-REQUIRED(new-since-base-or-unchanged-at-landing)
cmd/tossctl/engine_risk_relaxation_test.go	TestEngineRelaxationTreatsADialErrorAsNotReached	93f74c79	-	NOT-REQUIRED(new-since-base-or-unchanged-at-landing)
cmd/tossctl/engine_risk_relaxation_test.go	TestEngineRiskLatchReleaseCarriesTheBinding	48b00df5	-	NOT-REQUIRED(new-since-base-or-unchanged-at-landing)
cmd/tossctl/engine_risk_relaxation_test.go	TestEngineRiskLatchReleaseCarriesTheBindingToTheJournal	90e5170d	-	NOT-REQUIRED(new-since-base-or-unchanged-at-landing)
cmd/tossctl/engine_risk_relaxation_test.go	cliRelaxationAuditor.RecordAction	90e5170d	-	NOT-REQUIRED(new-since-base-or-unchanged-at-landing)
cmd/tossctl/engine_risk_relaxation_test.go	fakeRelaxationWriter.Close	90e5170d	-	NOT-REQUIRED(new-since-base-or-unchanged-at-landing)
cmd/tossctl/engine_risk_relaxation_test.go	fakeRelaxationWriter.ReleaseEntryLossLock	90e5170d	-	NOT-REQUIRED(new-since-base-or-unchanged-at-landing)
cmd/tossctl/engine_risk_relaxation_test.go	fakeRelaxationWriter.ReleaseRiskOverageLatch	90e5170d	-	NOT-REQUIRED(new-since-base-or-unchanged-at-landing)
cmd/tossctl/engine_risk_relaxation_test.go	openLocks	90e5170d	-	NOT-REQUIRED(new-since-base-or-unchanged-at-landing)
cmd/tossctl/engine_risk_relaxation_test.go	relaxationTestJournal	90e5170d	-	NOT-REQUIRED(new-since-base-or-unchanged-at-landing)
cmd/tossctl/engine_risk_relaxation_test.go	runRelaxationCmd	90e5170d	-	NOT-REQUIRED(new-since-base-or-unchanged-at-landing)
cmd/tossctl/engine_risk_relaxation_test.go	testRelaxationDeps	90e5170d	-	NOT-REQUIRED(new-since-base-or-unchanged-at-landing)
cmd/tossctl/engine_runtime_branch_test.go	TestEngineRuntimeConstructionBranchesFailClosedAndAssembleExactSuccess	8022f578	-	MISSING
cmd/tossctl/engine_strategy_entry_dormant_test.go	TestDormantProductionHelperHasNoAuthorityOrMutationInput	8022f578	-	NOT-REQUIRED(new-since-base-or-unchanged-at-landing)
cmd/tossctl/engine_strategy_entry_dormant_test.go	TestProductionRuntimeIncludesOneDormantStrategyEntryOuterLoop	8022f578	-	NOT-REQUIRED(new-since-base-or-unchanged-at-landing)
cmd/tossctl/engine_strategy_entry_dormant_test.go	TestProductionStrategyEntryAssemblyIsPairedDormantAndInert	8022f578	-	NOT-REQUIRED(new-since-base-or-unchanged-at-landing)
cmd/tossctl/engine_test.go	stubRuntime	8022f578	-	MISSING
cmd/tossctl/help_convention_test.go	TestMutatingAnnotationOnTradeCommands	bce793a7	cmd-tossctl--testmutatingannotationontradecommands	FRESH
cmd/tossctl/httpapi.go	runHTTPAPI	8022f578	-	MISSING
cmd/tossctl/httpapi_reader.go	httpAPIReader.Performance	8022f578	-	MISSING
cmd/tossctl/httpapi_reader.go	httpAPIReader.Snapshot	8022f578	-	MISSING
cmd/tossctl/root.go	newRootCmd	8022f578	-	MISSING
cmd/tossctl/soak_test.go	TestSoakAndLiveEndpointsCoverTheEngineInterlock	8022f578	-	MISSING
cmd/tossctl/soak_test.go	TestSoakAttestCoversTheEngineSetOnceTheSupervisedCheckHasRun	8022f578	-	MISSING
cmd/tossctl/soak_test.go	TestSoakAttestDoesNotSatisfyTheEngineInterlockOnItsOwn	8022f578	-	NOT-REQUIRED(new-since-base-or-unchanged-at-landing)
internal/app/engine/a066_risk_relaxation_test.go	TestA066EntryLockReleaseThroughTheEngineEndpoint	93f74c79	-	NOT-REQUIRED(new-since-base-or-unchanged-at-landing)
internal/app/engine/a066_risk_relaxation_test.go	TestA066LatchReleaseCarriesTheBindingIntoTheEngine	93f74c79	-	NOT-REQUIRED(new-since-base-or-unchanged-at-landing)
internal/app/engine/a066_risk_relaxation_test.go	TestA066NoticeSurvivesTheCallerHangingUp	93f74c79	-	NOT-REQUIRED(new-since-base-or-unchanged-at-landing)
internal/app/engine/a066_risk_relaxation_test.go	a066PolicyOnly.Apply	48b00df5	-	NOT-REQUIRED(new-since-base-or-unchanged-at-landing)
internal/app/engine/engine.go	NewContext	8022f578	-	MISSING
internal/app/engine/entryreach_test.go	TestTheEngineSpellsExactlyOneBuy	8022f578	-	MISSING
internal/app/engine/exit_wiring_internal_test.go	TestBindingWiresBothApplyHooks	8022f578	-	MISSING
internal/app/engine/gateway.go	bindApplyHooks	8022f578	-	MISSING
internal/app/engine/interlock.go	RequiredEndpoints	8022f578	-	NOT-REQUIRED(new-since-base-or-unchanged-at-landing)
internal/app/engine/position_policy_command.go	NewPositionPolicyCommandService	90e5170d	internal-app-engine--newpositionpolicycommandservice	FRESH
internal/app/engine/position_policy_transport.go	StartPositionPolicyCommandServer	90e5170d	internal-app-engine--startpositionpolicycommandserver	FRESH
internal/app/engine/risk_relaxation_command.go	PositionPolicyCommandService.ReleaseEntryLossLock	93f74c79	-	NOT-REQUIRED(new-since-base-or-unchanged-at-landing)
internal/app/engine/risk_relaxation_command.go	PositionPolicyCommandService.ReleaseRiskOverageLatch	93f74c79	-	NOT-REQUIRED(new-since-base-or-unchanged-at-landing)
internal/app/engine/risk_relaxation_command.go	notifyRelaxation	93f74c79	-	NOT-REQUIRED(new-since-base-or-unchanged-at-landing)
internal/app/engine/risk_relaxation_command.go	relaxationError	93f74c79	-	NOT-REQUIRED(new-since-base-or-unchanged-at-landing)
internal/app/engine/risk_relaxation_transport.go	writeRiskRelaxationRPCError	93f74c79	-	NOT-REQUIRED(new-since-base-or-unchanged-at-landing)
internal/app/engine/strategy_dispatch_cycle_test.go	TestStrategyDispatchCycleRunsKRUSConcurrentlyUnderOneCentralOwner	d78f3f4a	-	NOT-REQUIRED(new-since-base-or-unchanged-at-landing)
internal/app/engine/strategy_entry_supervisor.go	NewDormantStrategyEntrySupervisor	8022f578	-	NOT-REQUIRED(new-since-base-or-unchanged-at-landing)
internal/app/engine/strategy_entry_supervisor.go	NewStrategyEntrySupervisor	8022f578	-	NOT-REQUIRED(new-since-base-or-unchanged-at-landing)
internal/app/engine/strategy_entry_supervisor.go	StrategyEntrySupervisor.Run	8022f578	-	NOT-REQUIRED(new-since-base-or-unchanged-at-landing)
internal/app/engine/strategy_entry_supervisor.go	StrategyEntrySupervisor.Snapshot	8022f578	-	NOT-REQUIRED(new-since-base-or-unchanged-at-landing)
internal/app/engine/strategy_entry_supervisor.go	StrategyEntrySupervisor.evaluationState	8022f578	-	NOT-REQUIRED(new-since-base-or-unchanged-at-landing)
internal/app/engine/strategy_entry_supervisor.go	StrategyEntrySupervisor.latchMarket	8022f578	-	NOT-REQUIRED(new-since-base-or-unchanged-at-landing)
internal/app/engine/strategy_entry_supervisor.go	StrategyEntrySupervisor.runMarket	8022f578	-	NOT-REQUIRED(new-since-base-or-unchanged-at-landing)
internal/app/engine/strategy_entry_supervisor_test.go	TestMarketPanicIsContainedAndCannotRecoverMemoryAuthority	8022f578	-	NOT-REQUIRED(new-since-base-or-unchanged-at-landing)
internal/app/engine/strategy_entry_supervisor_test.go	TestStrategySupervisorRejectsInvalidAssemblies	8022f578	-	NOT-REQUIRED(new-since-base-or-unchanged-at-landing)
internal/app/engine/strategy_entry_supervisor_test.go	activeStrategyWorker	8022f578	-	NOT-REQUIRED(new-since-base-or-unchanged-at-landing)
internal/candidate/approved_consumer_guard_test.go	TestApprovedCandidateTaintRejectsAuthorityInterface	8022f578	-	MISSING
internal/candidate/approved_consumer_guard_test.go	auditApprovedCandidateBoundaries	8022f578	-	MISSING
internal/candidate/approved_consumer_guard_test.go	pureApprovedCandidateBoundaryViolations	8022f578	-	MISSING
internal/candidate/approved_consumer_guard_test.go	transitiveDependencyWithStop	8022f578	-	MISSING
internal/candidate/store.go	Store.Summaries	8022f578	-	MISSING
internal/candidate/watch.go	Assess	8022f578	-	MISSING
internal/console/performance_history.go	Console.handlePerformanceHistory	8022f578	-	MISSING
internal/console/performance_history_test.go	fakePerformanceReader.Dashboard	8022f578	-	MISSING
internal/console/settings_card.go	settingsPage.LimitCurrencyConsequence	8022f578	-	MISSING
internal/console/settings_card_test.go	TestACurrencyChangeIsNeitherTighteningNorLoosening	8022f578	-	MISSING
internal/console/settings_card_test.go	TestTheCurrencyConsequenceIsRenderedAndNotFolded	8022f578	-	MISSING
internal/console/settings_limits.go	currencyConsequence	8022f578	-	MISSING
internal/console/settings_limits_test.go	TestTheApplyAnswerNamesTheMarketTheCurrencyCloses	8022f578	-	MISSING
internal/continuationlane/evaluator.go	EvaluateUS	8022f578	-	MISSING
internal/continuationlane/evaluator.go	evaluate	8022f578	-	MISSING
internal/execgw/a066_entry_loss_lock_red_test.go	TestA066EntryLossLockIsEntryOnlyPerHorizonAndMarket	0004536c	-	NOT-REQUIRED(new-since-base-or-unchanged-at-landing)
internal/execgw/a066_entry_loss_lock_red_test.go	TestA066LossLockAndBucketFailureNeverBlockRiskReducingPaths	7aa158bb	-	NOT-REQUIRED(new-since-base-or-unchanged-at-landing)
internal/execgw/a066_legacy_entry_census_test.go	TestA066LedgerUsageHasOneComputation	2b36ae44,28629ec6	-	NOT-REQUIRED(new-since-base-or-unchanged-at-landing)
internal/execgw/a066_legacy_entry_census_test.go	TestA066LegacyEntryPathsAreUnreachableFromProductionAssembly	7aa158bb,b8211926	-	NOT-REQUIRED(new-since-base-or-unchanged-at-landing)
internal/execgw/a066_legacy_entry_census_test.go	calls	7aa158bb	-	NOT-REQUIRED(new-since-base-or-unchanged-at-landing)
internal/execgw/a066_legacy_entry_census_test.go	enclosingSites	7aa158bb	-	NOT-REQUIRED(new-since-base-or-unchanged-at-landing)
internal/execgw/a066_legacy_entry_census_test.go	exposureRaisingProducer	7aa158bb	-	NOT-REQUIRED(new-since-base-or-unchanged-at-landing)
internal/execgw/a066_legacy_entry_census_test.go	literalOf	7aa158bb	-	NOT-REQUIRED(new-since-base-or-unchanged-at-landing)
internal/execgw/a098_sender_down_reason_test.go	TestTheSenderDownReasonIsRegisteredInTheEnumeration	0004536c	-	NOT-REQUIRED(new-since-base-or-unchanged-at-landing)
internal/execgw/export_test.go	QFinalEntryIssuance.ClearFXAuthorityForTest	8022f578	-	NOT-REQUIRED(new-since-base-or-unchanged-at-landing)
internal/execgw/failclosed.go	AllReasonCodes	0004536c	internal-execgw--allreasoncodes	FRESH
internal/execgw/gateway.go	Gateway.Place	8022f578	-	MISSING
internal/execgw/gateway.go	Gateway.checkReservation	a37d97f5,0004536c	internal-execgw--gateway-.checkreservation	FRESH
internal/execgw/gateway.go	Gateway.refuse	8022f578	-	MISSING
internal/execgw/gateway.go	Gateway.submit	a37d97f5,8022f578	internal-execgw--gateway-.submit	FRESH
internal/execgw/guardian.go	Gateway.checkDecision	8022f578	-	MISSING
internal/execgw/guardian.go	checkLimits	8022f578	-	MISSING
internal/execgw/retry.go	EntryGate.Block	8022f578	-	MISSING
internal/execgw/retry.go	EntryGate.Clear	8022f578	-	MISSING
internal/execgw/retry.go	EntryGate.RecordSuccess	8022f578	-	MISSING
internal/execgw/retry.go	EntryGate.checkAccountEntry	8022f578	-	MISSING
internal/execgw/retry.go	NewEntryGate	8022f578	-	MISSING
internal/execgw/riskguardian_qfinal.go	RiskGuardian.IssuePrecheckedQFinalEntry	8022f578	-	NOT-REQUIRED(new-since-base-or-unchanged-at-landing)
internal/execgw/riskguardian_qfinal.go	RiskGuardian.PrecheckQFinalEntry	8022f578	-	NOT-REQUIRED(new-since-base-or-unchanged-at-landing)
internal/execgw/riskguardian_qfinal_test.go	qFinalKRRequest	8022f578	-	NOT-REQUIRED(new-since-base-or-unchanged-at-landing)
internal/execgw/symbolgate.go	EntryGate.BlockSymbol	8022f578	-	MISSING
internal/execgw/symbolgate.go	EntryGate.CheckEntryFor	8022f578	-	MISSING
internal/execgw/symbolgate.go	EntryGate.ClearSymbol	8022f578	-	MISSING
internal/execgw/symbolgate.go	EntryGate.ClearSymbolReason	8022f578	-	MISSING
internal/execgw/symbolgate.go	EntryGate.RebuildReconcileProjection	8022f578	-	MISSING
internal/httpapi/model_openapi_test.go	TestOpenAPIStrategyRuntimeIsStrictPairedReadOnlyProjection	8022f578	-	NOT-REQUIRED(new-since-base-or-unchanged-at-landing)
internal/httpapi/read.go	PerformanceFrom	8022f578	-	MISSING
internal/journal/a066_audit_action_census_test.go	TestJournalAuditActionsAreAFrozenCensus	93f74c79,e9355a82	-	NOT-REQUIRED(new-since-base-or-unchanged-at-landing)
internal/journal/a066_fill_transition_layers_test.go	TestA066FillTransitionBucketCountGuardsAreLayered	e0048172	-	NOT-REQUIRED(new-since-base-or-unchanged-at-landing)
internal/journal/a066_fill_transition_limit_test.go	TestA066FillTransitionUsesTheSmallestDecisionLimitPerBucket	28629ec6	-	NOT-REQUIRED(new-since-base-or-unchanged-at-landing)
internal/journal/a066_fill_transition_limit_test.go	TestA066RevalidateDimensionGuardsAreLayered	e0048172	-	NOT-REQUIRED(new-since-base-or-unchanged-at-landing)
internal/journal/a066_fill_transition_limit_test.go	TestA066RevalidateReportsNotRequiredForNonQFinalDecisions	4e5edffd	-	NOT-REQUIRED(new-since-base-or-unchanged-at-landing)
internal/journal/a066_fill_transition_limit_test.go	selectorCall	e0048172	-	NOT-REQUIRED(new-since-base-or-unchanged-at-landing)
internal/journal/a066_fresh_scale_in_test.go	freshScaleInPair	28629ec6	-	NOT-REQUIRED(new-since-base-or-unchanged-at-landing)
internal/journal/a066_integration_5_6_test.go	TestA066SharedBucketStaleSnapshotIsRefusedAtAnyPrice	bb44e7af	-	NOT-REQUIRED(new-since-base-or-unchanged-at-landing)
internal/journal/a066_integration_5_6_test.go	TestA066StaleUsageRecollectionTerminates	bb44e7af	-	NOT-REQUIRED(new-since-base-or-unchanged-at-landing)
internal/journal/a066_integration_5_6_test.go	TestA066StaleUsageRuleEdgesAtBothAdmissionSites	bb44e7af	-	NOT-REQUIRED(new-since-base-or-unchanged-at-landing)
internal/journal/a066_integration_5_6_test.go	refreshSnapshotUsageFromLedger	bb44e7af	-	NOT-REQUIRED(new-since-base-or-unchanged-at-landing)
internal/journal/a066_relaxation_test.go	TestA066EntryLossLockReleaseRefusals	90e5170d,48b00df5	-	NOT-REQUIRED(new-since-base-or-unchanged-at-landing)
internal/journal/a066_relaxation_test.go	TestA066OverageLatchReleaseRefusals	90e5170d,48b00df5	-	NOT-REQUIRED(new-since-base-or-unchanged-at-landing)
internal/journal/a066_relaxation_test.go	TestA066OwnerReleaseOpensOnlyAfterTheOverageLatchRelease	93f74c79	-	NOT-REQUIRED(new-since-base-or-unchanged-at-landing)
internal/journal/a066_review_fixes_test.go	TestA066AdmissionRefusalNamesAnOwnerOverageLatch	cb16367d	-	NOT-REQUIRED(new-since-base-or-unchanged-at-landing)
internal/journal/a066_storage_exit_structure_test.go	TestA066StorageErrorExitsFailClosed	9f9aa8e3,63818553,6c41f9ea	-	NOT-REQUIRED(new-since-base-or-unchanged-at-landing)
internal/journal/a066_storage_exit_structure_test.go	checkStorageExit	63818553	-	NOT-REQUIRED(new-since-base-or-unchanged-at-landing)
internal/journal/a066_storage_exit_structure_test.go	isErrNotNil	6c41f9ea	-	NOT-REQUIRED(new-since-base-or-unchanged-at-landing)
internal/journal/apply_hook.go	Journal.runApplyHooks	9bf1a3a6	internal-journal--journal-.runapplyhooks	FRESH
internal/journal/execution_contract_test.go	TestPartialIndexPredicates	9bf1a3a6	internal-journal--testpartialindexpredicates	FRESH
internal/journal/fills.go	Journal.RecordFill	c60fee07,4a364caf,8022f578	internal-journal--journal.recordfill	FRESH
internal/journal/fills_test.go	recordConfirmedFillOrder	c60fee07	internal-journal--recordconfirmedfillorder	FRESH
internal/journal/fills_test.go	recordConfirmedFillOrderScope	c60fee07	internal-journal--recordconfirmedfillorderscope	FRESH
internal/journal/journal.go	Open	8022f578	-	MISSING
internal/journal/migration_v34_test.go	TestMigrationV33ToV34KeepsLegacyReservationsReadable	bb44e7af	-	NOT-REQUIRED(new-since-base-or-unchanged-at-landing)
internal/journal/migration_v35_test.go	TestMigrationV34ToV35KeepsExistingLocksInForceAndSwapsTheTrigger	93f74c79	-	NOT-REQUIRED(new-since-base-or-unchanged-at-landing)
internal/journal/position_campaign_hardening_test.go	TestCampaignCoreHasNoProductionBrokerOrToggleWiring	8022f578	-	MISSING
internal/journal/readonly_test.go	TestTheReadOnlyHandleHasNoWriteMethods	8022f578,bce793a7	internal-journal--testthereadonlyhandlehasnowritemethods	FRESH
internal/journal/reconcile_states.go	Journal.EnterReconcile	9bf1a3a6	internal-journal--journal.enterreconcile	FRESH
internal/journal/reconcile_states.go	Journal.ReleaseReconcile	9bf1a3a6	internal-journal--journal.releasereconcile	FRESH
internal/journal/reconcile_states.go	Journal.ReleaseReconciles	9bf1a3a6	internal-journal--journal.releasereconciles	FRESH
internal/journal/reconcile_states.go	activeScopeWhere	9bf1a3a6	internal-journal--activescopewhere	FRESH
internal/journal/reconcile_states.go	reconcileStateID	9bf1a3a6	internal-journal--reconcilestateid	FRESH
internal/journal/reconcile_states.go	scanReconcileState	9bf1a3a6	internal-journal--scanreconcilestate	FRESH
internal/journal/reconcile_states.go	scopeArgs	9bf1a3a6	internal-journal--scopeargs	FRESH
internal/journal/reconcile_states_test.go	TestReEnteringAnActiveScopeKeepsTheFirstObservation	9bf1a3a6	internal-journal--testreenteringanactivescopekeepsthefirstobservation	FRESH
internal/journal/risk_bucket.go	Journal.CommitRiskBucketAdmission	c60fee07,4a364caf,9bf1a3a6,8022f578,0004536c,b8211926,28629ec6	-	NOT-REQUIRED(new-since-base-or-unchanged-at-landing)
internal/journal/risk_bucket.go	addRiskMinor	c60fee07	-	NOT-REQUIRED(new-since-base-or-unchanged-at-landing)
internal/journal/risk_bucket.go	ensureRiskBucketEntryScopeClean	28629ec6,cb16367d	-	NOT-REQUIRED(new-since-base-or-unchanged-at-landing)
internal/journal/risk_bucket.go	loadRiskBucketState	c60fee07,9bf1a3a6	-	NOT-REQUIRED(new-since-base-or-unchanged-at-landing)
internal/journal/risk_bucket.go	riskBucketRecordDigest	c60fee07	-	NOT-REQUIRED(new-since-base-or-unchanged-at-landing)
internal/journal/risk_bucket.go	riskBucketSnapshotSetDigest	c60fee07	-	NOT-REQUIRED(new-since-base-or-unchanged-at-landing)
internal/journal/risk_bucket.go	validateRiskBucketAdmission	8022f578	-	NOT-REQUIRED(new-since-base-or-unchanged-at-landing)
internal/journal/risk_bucket_admission_test.go	TestRiskBucketAdmissionRejectsImmutablePolicyAndSnapshotCollision	b8211926,bb44e7af,28629ec6	-	NOT-REQUIRED(new-since-base-or-unchanged-at-landing)
internal/journal/risk_bucket_admission_test.go	rebindRiskBucket	c60fee07	-	NOT-REQUIRED(new-since-base-or-unchanged-at-landing)
internal/journal/risk_bucket_entry_loss_lock.go	Journal.ActivateEntryLossLock	7aa158bb,bce793a7	-	NOT-REQUIRED(new-since-base-or-unchanged-at-landing)
internal/journal/risk_bucket_entry_loss_lock.go	activeEntryLossLock	bce793a7	-	NOT-REQUIRED(new-since-base-or-unchanged-at-landing)
internal/journal/risk_bucket_entry_loss_lock.go	validEntryLossLockScope	7aa158bb	-	NOT-REQUIRED(new-since-base-or-unchanged-at-landing)
internal/journal/risk_bucket_entry_loss_lock_test.go	TestEntryLossLockActivationKeepsTheFirstCauseAndIsImmutable	7aa158bb	-	NOT-REQUIRED(new-since-base-or-unchanged-at-landing)
internal/journal/risk_bucket_entry_loss_lock_test.go	TestEntryLossLockSchemaRefusesValuesTheRuleCannotMatch	af82d17c	-	NOT-REQUIRED(new-since-base-or-unchanged-at-landing)
internal/journal/risk_bucket_entry_loss_lock_test.go	TestMigrationV32ToV33StartsWithNoEntryLossLock	7aa158bb,bce793a7	-	NOT-REQUIRED(new-since-base-or-unchanged-at-landing)
internal/journal/risk_bucket_fill.go	Journal.RegisterRiskBucketOrder	4a364caf	-	NOT-REQUIRED(new-since-base-or-unchanged-at-landing)
internal/journal/risk_bucket_fill.go	Journal.applyRiskBucketFillInTx	8022f578	-	NOT-REQUIRED(new-since-base-or-unchanged-at-landing)
internal/journal/risk_bucket_fill.go	Journal.releaseRiskBucketOrder	8022f578	-	NOT-REQUIRED(new-since-base-or-unchanged-at-landing)
internal/journal/risk_bucket_fill.go	loadRiskBucketFillTransition	4a364caf,2b36ae44	-	NOT-REQUIRED(new-since-base-or-unchanged-at-landing)
internal/journal/risk_bucket_fill.go	loadRiskBucketOrderAuthority	b8211926	-	NOT-REQUIRED(new-since-base-or-unchanged-at-landing)
internal/journal/risk_bucket_fill.go	persistRiskBucketFillTransition	4a364caf	-	NOT-REQUIRED(new-since-base-or-unchanged-at-landing)
internal/journal/risk_bucket_fill.go	riskBucketFillEventDigest	4a364caf	-	NOT-REQUIRED(new-since-base-or-unchanged-at-landing)
internal/journal/risk_bucket_fill.go	riskBucketOrderRemaining	2b36ae44	-	NOT-REQUIRED(new-since-base-or-unchanged-at-landing)
internal/journal/risk_bucket_fill.go	riskBucketOrderReserved	4a364caf	-	NOT-REQUIRED(new-since-base-or-unchanged-at-landing)
internal/journal/risk_bucket_fill.go	subtractRiskMinorFloor	4a364caf	-	NOT-REQUIRED(new-since-base-or-unchanged-at-landing)
internal/journal/risk_bucket_fill.go	verifyRiskBucketStateDigest	28629ec6	-	NOT-REQUIRED(new-since-base-or-unchanged-at-landing)
internal/journal/risk_bucket_fill_test.go	TestRiskBucketActualAndReleaseRequireExactOwnerDecisionScopeForCollidingOrderID	b8211926	-	NOT-REQUIRED(new-since-base-or-unchanged-at-landing)
internal/journal/risk_bucket_fill_test.go	TestRiskBucketAmbiguousSidecarLatchesAllApplicableReservationsWithoutDroppingFill	4a364caf,b8211926	-	NOT-REQUIRED(new-since-base-or-unchanged-at-landing)
internal/journal/risk_bucket_fill_test.go	TestRiskBucketOrderRegistrationFailsClosedForSameOwnerMultiDecisionUntilAggregateAccounting	4a364caf	-	NOT-REQUIRED(new-since-base-or-unchanged-at-landing)
internal/journal/risk_bucket_fill_test.go	TestRiskBucketOrderRegistrationRejectsQuantityDivergentFromConfirmedIntent	4a364caf	-	NOT-REQUIRED(new-since-base-or-unchanged-at-landing)
internal/journal/risk_bucket_fill_test.go	TestRiskBucketScaleInAdmissionFailsClosedWhileOrderAccountingIsActive	4a364caf	-	NOT-REQUIRED(new-since-base-or-unchanged-at-landing)
internal/journal/risk_bucket_fill_test.go	seedRiskBucketFillFixture	4a364caf	-	NOT-REQUIRED(new-since-base-or-unchanged-at-landing)
internal/journal/risk_bucket_issuance.go	Journal.RevalidateQFinalAdmission	0004536c,28629ec6	-	NOT-REQUIRED(new-since-base-or-unchanged-at-landing)
internal/journal/risk_bucket_issuance.go	commitFreshRiskBucketAdmissionTx	0004536c,b8211926,28629ec6	-	NOT-REQUIRED(new-since-base-or-unchanged-at-landing)
internal/journal/risk_bucket_issuance.go	insertFreshRiskBucketReservations	8022f578,b8211926	-	NOT-REQUIRED(new-since-base-or-unchanged-at-landing)
internal/journal/risk_bucket_migration_test.go	TestMigrationV22AddsOnlyAuthoritativeRiskBucketJournalState	c60fee07	-	NOT-REQUIRED(new-since-base-or-unchanged-at-landing)
internal/journal/risk_bucket_migration_test.go	TestMigrationV22FailureRollsBackEveryTableAndVersion	c60fee07	-	NOT-REQUIRED(new-since-base-or-unchanged-at-landing)
internal/journal/risk_bucket_migration_test.go	TestMigrationV22PreservesV21AsUnknownWithoutBackfill	c60fee07	-	NOT-REQUIRED(new-since-base-or-unchanged-at-landing)
internal/journal/risk_bucket_migration_test.go	TestMigrationV22ToV23PreservesLegacyRowsWithoutPromotingThemToAuthority	9bf1a3a6	-	NOT-REQUIRED(new-since-base-or-unchanged-at-landing)
internal/journal/risk_bucket_migration_test.go	TestMigrationV23AddsScopedFillTablesAndPreservesReleasedV22LegacyShapes	9bf1a3a6	-	NOT-REQUIRED(new-since-base-or-unchanged-at-landing)
internal/journal/risk_bucket_migration_test.go	TestReleasedV22BuildRefusesV23Journal	9bf1a3a6	-	NOT-REQUIRED(new-since-base-or-unchanged-at-landing)
internal/journal/risk_bucket_owner.go	Journal.applyRiskBucketOwnerBindingInTx	9f9aa8e3	-	NOT-REQUIRED(new-since-base-or-unchanged-at-landing)
internal/journal/risk_bucket_owner_test.go	seedRiskBucketOwnerLifecycle	28629ec6	-	NOT-REQUIRED(new-since-base-or-unchanged-at-landing)
internal/journal/risk_bucket_relaxation.go	Journal.ReleaseEntryLossLock	93f74c79	-	NOT-REQUIRED(new-since-base-or-unchanged-at-landing)
internal/journal/risk_bucket_relaxation.go	Journal.ReleaseRiskOverageLatch	93f74c79	-	NOT-REQUIRED(new-since-base-or-unchanged-at-landing)
internal/journal/risk_bucket_relaxation.go	ReadOnly.ReadEntryLossLocks	93f74c79	-	NOT-REQUIRED(new-since-base-or-unchanged-at-landing)
internal/journal/risk_bucket_relaxation.go	ReadOnly.ReadRiskOwnerLatches	93f74c79	-	NOT-REQUIRED(new-since-base-or-unchanged-at-landing)
internal/journal/risk_bucket_relaxation.go	nilAuditor	93f74c79	-	NOT-REQUIRED(new-since-base-or-unchanged-at-landing)
internal/journal/risk_bucket_relaxation.go	validRelaxation	48b00df5,93f74c79	-	NOT-REQUIRED(new-since-base-or-unchanged-at-landing)
internal/journal/risk_bucket_usage.go	refuseStaleBucketUsage	bb44e7af,28629ec6,cb16367d	-	NOT-REQUIRED(new-since-base-or-unchanged-at-landing)
internal/journal/risk_bucket_usage.go	smallestRecordedBucketLimit	cb16367d	-	NOT-REQUIRED(new-since-base-or-unchanged-at-landing)
internal/journal/risk_bucket_usage.go	sumMinor	28629ec6	-	NOT-REQUIRED(new-since-base-or-unchanged-at-landing)
internal/journal/schema_test.go	TestSchemaIndexes	9bf1a3a6	internal-journal--testschemaindexes	FRESH
internal/journal/schema_test.go	TestSchemaTablesAndColumns	9bf1a3a6,8022f578,0004536c,b8211926,bce793a7	internal-journal--testschematablesandcolumns	FRESH
internal/journal/strategy_dispatch_runtime.go	Journal.AcquireStrategyDispatchOwner	8022f578	-	NOT-REQUIRED(new-since-base-or-unchanged-at-landing)
internal/journal/strategy_dispatch_runtime.go	Journal.BeginStrategyDispatchSubmitting	8022f578	-	NOT-REQUIRED(new-since-base-or-unchanged-at-landing)
internal/journal/strategy_dispatch_runtime.go	Journal.ClaimStrategyDispatchLease	8022f578	-	NOT-REQUIRED(new-since-base-or-unchanged-at-landing)
internal/journal/strategy_dispatch_runtime.go	Journal.DiscoverStrategyDispatchRecovery	8022f578	-	NOT-REQUIRED(new-since-base-or-unchanged-at-landing)
internal/journal/strategy_dispatch_runtime.go	Journal.RecoverClaimedStrategyDispatchLease	8022f578	-	NOT-REQUIRED(new-since-base-or-unchanged-at-landing)
internal/journal/strategy_dispatch_runtime.go	loadStrategyDispatchLease	8022f578	-	NOT-REQUIRED(new-since-base-or-unchanged-at-landing)
internal/journal/strategy_dispatch_runtime.go	requireCurrentStrategyDispatchOwner	8022f578	-	NOT-REQUIRED(new-since-base-or-unchanged-at-landing)
internal/journal/strategy_dispatch_runtime.go	requireStrategyDispatchOneRow	8022f578	-	NOT-REQUIRED(new-since-base-or-unchanged-at-landing)
internal/journal/strategy_dispatch_runtime_migration_test.go	TestMigrationV25AddsOnlyDurableStrategyDispatchStateAndPreservesV24	8022f578	-	NOT-REQUIRED(new-since-base-or-unchanged-at-landing)
internal/journal/strategy_dispatch_runtime_migration_test.go	TestReleasedV24BuildRefusesV25Journal	8022f578	-	NOT-REQUIRED(new-since-base-or-unchanged-at-landing)
internal/journal/strategy_dispatch_runtime_test.go	TestStrategyDispatchBrokerOrderIDCannotCrossKRUSWithinAccount	8022f578	-	NOT-REQUIRED(new-since-base-or-unchanged-at-landing)
internal/journal/strategy_dispatch_runtime_test.go	TestStrategyDispatchColdRestartDiscoversOldIssuedClaimedAndSubmitting	8022f578	-	NOT-REQUIRED(new-since-base-or-unchanged-at-landing)
internal/journal/strategy_dispatch_runtime_test.go	TestStrategyDispatchLeaseSchemaRequiresExactQFinalAuthorityAndHolds	8022f578	-	NOT-REQUIRED(new-since-base-or-unchanged-at-landing)
internal/journal/strategy_dispatch_runtime_test.go	TestStrategyDispatchOwnerEpochFencesPredecessorAndDormantAPIsMintNothing	8022f578	-	NOT-REQUIRED(new-since-base-or-unchanged-at-landing)
internal/journal/strategy_dispatch_runtime_test.go	openStrategyDispatchTestJournal	8022f578	-	NOT-REQUIRED(new-since-base-or-unchanged-at-landing)
internal/journal/strategy_dispatch_runtime_test.go	openStrategyDispatchV25Journal	0004536c	-	NOT-REQUIRED(new-since-base-or-unchanged-at-landing)
internal/journal/strategy_dispatch_runtime_test.go	prepareStrategyDispatchLease	0004536c,b8211926	-	NOT-REQUIRED(new-since-base-or-unchanged-at-landing)
internal/journal/strategy_dispatch_runtime_test.go	recordQFinalIntoOlderSchema	b8211926	-	NOT-REQUIRED(new-since-base-or-unchanged-at-landing)
internal/journal/strategy_dispatch_runtime_test.go	tableDump	b8211926	-	NOT-REQUIRED(new-since-base-or-unchanged-at-landing)
internal/journal/strategy_evidence_migration_test.go	TestMigrationV21AddsOnlyNullableConsumedSnapshotReference	9bf1a3a6	internal-journal--testmigrationv21addsonlynullableconsumedsnapshotreference	FRESH
internal/journal/strategy_first_leg_atomic_test.go	TestFirstLegAtomicAdmissionSameAccountKRUSRecollectsTheSerializedLoser	b8211926,bb44e7af	-	NOT-REQUIRED(new-since-base-or-unchanged-at-landing)
internal/journal/strategy_lineage.go	Journal.PendingStrategyPlans	8022f578	-	MISSING
internal/journal/strategy_lineage.go	verifyStrategyRiskBinding	8022f578	-	MISSING
internal/officialfx/evidence.go	ReadOfficial	8022f578	-	NOT-REQUIRED(new-since-base-or-unchanged-at-landing)
internal/performance/attribution_persistence.go	validateAttributionGeneration	8022f578	-	NOT-REQUIRED(new-since-base-or-unchanged-at-landing)
internal/positionpolicyrpc/risk_relaxation_client.go	decodeRemoteRiskRelaxationError	93f74c79	-	NOT-REQUIRED(new-since-base-or-unchanged-at-landing)
internal/reversallane/evaluate.go	EvaluateUS	8022f578	-	MISSING
internal/reversallane/evaluate.go	evaluate	8022f578	-	MISSING
internal/risk/chain.go	EntryExposureValue	8022f578	-	MISSING
internal/risk/chain.go	checkDailyLoss	8022f578	-	MISSING
internal/risk/chain.go	checkOpenExposure	8022f578	-	MISSING
internal/risk/chain.go	checkOrderSize	8022f578	-	MISSING
internal/riskbucket/a066_fill_branch_gaps_test.go	TestA066ApplyFillHeldDeductionIsCappedAtHeldAndLatchesOverage	53cef064	-	NOT-REQUIRED(new-since-base-or-unchanged-at-landing)
internal/riskbucket/a066_fill_branch_gaps_test.go	TestA066ApplyFillRecordKeepsTheActualEvidenceItWasValuedWith	e5ad6f9b	-	NOT-REQUIRED(new-since-base-or-unchanged-at-landing)
internal/riskbucket/a066_fill_branch_gaps_test.go	TestA066ApplyFillValidatesBucketShapeBeforeAnyArithmetic	7023779d	-	NOT-REQUIRED(new-since-base-or-unchanged-at-landing)
internal/riskbucket/a066_fill_target_held_layering_test.go	TestA066ApplyFillTargetHeldGuardsAreLayered	53cef064	-	NOT-REQUIRED(new-since-base-or-unchanged-at-landing)
internal/riskbucket/a066_fill_target_held_layering_test.go	returnsInside	53cef064	-	NOT-REQUIRED(new-since-base-or-unchanged-at-landing)
internal/riskbucket/fill.go	ApplyFill	4a364caf	internal-riskbucket--applyfill	FRESH
internal/riskbucket/fill.go	cloneFillState	2b36ae44	internal-riskbucket--clonefillstate	FRESH
internal/riskbucket/fill.go	recomputeOverageLatches	2b36ae44	internal-riskbucket--recomputeoveragelatches	FRESH
internal/riskbucket/fill_test.go	TestApplyFillRetryIsIdempotent	4a364caf	internal-riskbucket--testapplyfillretryisidempotent	FRESH
internal/riskbucket/production_snapshot_authority.go	aggregateProductionRiskUsage	b8211926,2b36ae44,28629ec6	-	NOT-REQUIRED(new-since-base-or-unchanged-at-landing)
internal/riskbucket/production_snapshot_authority.go	loadProductionRiskEntries	b8211926	-	NOT-REQUIRED(new-since-base-or-unchanged-at-landing)
internal/riskbucket/production_snapshot_authority.go	readProductionRiskUsage	b8211926	-	NOT-REQUIRED(new-since-base-or-unchanged-at-landing)
internal/riskbucket/snapshot_authority_bundle.go	RiskSnapshotAuthorityBundle.Digest	8022f578	-	NOT-REQUIRED(new-since-base-or-unchanged-at-landing)
internal/riskbucket/snapshot_authority_bundle.go	RiskSnapshotAuthorityBundle.Validate	8022f578	-	NOT-REQUIRED(new-since-base-or-unchanged-at-landing)
internal/riskbucket/snapshot_authority_bundle.go	sealRiskSnapshotAuthorityBundle	8022f578	-	NOT-REQUIRED(new-since-base-or-unchanged-at-landing)
internal/scheduler/desired.go	Restore	8022f578	-	MISSING
internal/scheduler/desired_test.go	testManifestClaim.verifyActivation	8022f578	-	MISSING
internal/strategyevidence/model.go	authoritySupportsMarket	8022f578	-	MISSING
internal/strategyevidence/model.go	authorityValid	8022f578	-	MISSING
internal/strategyevidence/model_test.go	validHeader	8022f578	-	MISSING
internal/strategyflow/adapters.go	defaultRegistry	8022f578	-	NOT-REQUIRED(new-since-base-or-unchanged-at-landing)
internal/strategyflow/adapters.go	evaluateContinuationUS	8022f578	-	NOT-REQUIRED(new-since-base-or-unchanged-at-landing)
internal/strategyflow/adapters.go	evaluateReversalUS	8022f578	-	NOT-REQUIRED(new-since-base-or-unchanged-at-landing)
internal/strategyflow/adapters.go	evaluateWeeklyUS	8022f578	-	NOT-REQUIRED(new-since-base-or-unchanged-at-landing)
internal/strategyflow/dependency_test.go	TestPureFlowAndLaneDependencyClosureHasNoMutationAuthority	8022f578	-	NOT-REQUIRED(new-since-base-or-unchanged-at-landing)
internal/strategyflow/execution_terms_test.go	TestEvaluateSealsExactExecutionTerms	8022f578	-	NOT-REQUIRED(new-since-base-or-unchanged-at-landing)
internal/strategyflow/flow.go	Evaluate	8022f578	-	NOT-REQUIRED(new-since-base-or-unchanged-at-landing)
internal/strategyflow/flow.go	evaluateWith	8022f578	-	NOT-REQUIRED(new-since-base-or-unchanged-at-landing)
internal/strategyflow/flow_test.go	TestApprovedCandidatesRouteAndEvaluateAllPairedBindingsWithCompleteLineage	8022f578	-	NOT-REQUIRED(new-since-base-or-unchanged-at-landing)
internal/strategyflow/production_integration_test.go	TestProductionEvaluateUsesRealRouterAndAllSixConcreteEvaluators	8022f578	-	NOT-REQUIRED(new-since-base-or-unchanged-at-landing)
internal/strategyflow/types.go	PriceProvenance.UnitVersion	8022f578	-	NOT-REQUIRED(new-since-base-or-unchanged-at-landing)
internal/strategyflow/types.go	lineageIdentity	8022f578	-	NOT-REQUIRED(new-since-base-or-unchanged-at-landing)
internal/strategyprojectionrpc/transport_unix.go	Start	8022f578	-	NOT-REQUIRED(new-since-base-or-unchanged-at-landing)
internal/strategyprojectionrpc/transport_unix_test.go	TestAuthenticatedUnixProjectionCrossNamespaceAndReadOnlyAuthority	8022f578	-	NOT-REQUIRED(new-since-base-or-unchanged-at-landing)
internal/strategyrouter/dependency_test.go	TestDescriptorsShipKRAndUSTogetherDefaultOFF	8022f578	-	MISSING
internal/strategyrouter/registry.go	Descriptors	8022f578	-	MISSING
internal/strategyrouter/registry.go	ValidateDescriptors	8022f578	-	MISSING
internal/weeklyvaluelane/evaluate.go	EvaluateUS	8022f578	-	NOT-REQUIRED(new-since-base-or-unchanged-at-landing)
internal/weeklyvaluelane/evaluate.go	evaluate	8022f578	-	NOT-REQUIRED(new-since-base-or-unchanged-at-landing)
