TREE	HEAD 9cbc756064b8862f9c337de92641f5ce07c82476 (git archive) + own: internal/app/engine/a112_first_leg_owner_scope_seal_test.go,internal/app/engine/a112_owner_scope_handoff_test.go,internal/app/engine/strategy_account_first_leg_authority.go,internal/app/engine/strategy_account_first_leg_authority_test.go,internal/app/engine/strategy_dispatch_cycle.go,internal/app/engine/strategy_dispatch_cycle_test.go,internal/app/engine/strategy_dispatch_handoff.go,internal/app/engine/strategy_dispatch_handoff_guard_test.go,internal/app/engine/strategy_entry_supervisor.go,internal/app/engine/strategy_first_leg_admission.go,internal/app/engine/strategy_first_leg_identity_backstop_test.go,internal/app/engine/strategy_market_handoff_delivery.go,internal/app/engine/strategy_proposal_authority.go,internal/app/engine/strategy_proposal_set_digest.go,internal/app/engine/strategy_risk_authority.go,internal/app/engine/strategy_risk_authority_test.go,internal/app/engine/strategy_runtime_projection.go,internal/app/engine/a112_owner_scope_trading_test.go,internal/app/engine/a112_scope_fixture_helpers_test.go,internal/app/engine/a112_scope_refusal_census_test.go,internal/app/engine/strategy_owner_scope_authority.go
CONTROL	GREEN	[./internal/app/engine pass events 54] [./internal/app/engine pass events 22]
X01 every delivery fault skipped as a scope refusal (J4 misclassification)	CAUGHT	6 failing: TestAScopeFaultStopsTheCycleBeforeTheNextScope, TestAForgedScopeStopsTheCycleBeforeTheNextValidScope, TestOnlyATypedScopeRefusalIsSkippedEveryOtherFaultStops/journal, TestOnlyATypedScopeRefusalIsSkippedEveryOtherFaultStops/gateway, TestOnlyATypedScopeRefusalIsSkippedEveryOtherFaultStops/central, TestOnlyATypedScopeRefusalIsSkippedEveryOtherFaultStops/mimic_of_the_scope_sentence
X02 a scope refusal stops the cycle (starvation — J3)	CAUGHT	6 failing: TestTwoOwnerScopesTradeOnlyWhereEachHasItsOwnAuthority/coordinator_order_(000660_first), TestAScopeWithoutItsOwnAccountAuthorityIsRefusedAloneAndRecorded, TestOnlyATypedScopeRefusalIsSkippedEveryOtherFaultStops/journal, TestOnlyATypedScopeRefusalIsSkippedEveryOtherFaultStops/gateway, TestOnlyATypedScopeRefusalIsSkippedEveryOtherFaultStops/central, TestOnlyATypedScopeRefusalIsSkippedEveryOtherFaultStops/mimic_of_the_scope_sentence
X03 skipped refusals dropped when a later fault stops (J4 ③)	CAUGHT	4 failing: TestOnlyATypedScopeRefusalIsSkippedEveryOtherFaultStops/journal, TestOnlyATypedScopeRefusalIsSkippedEveryOtherFaultStops/gateway, TestOnlyATypedScopeRefusalIsSkippedEveryOtherFaultStops/central, TestOnlyATypedScopeRefusalIsSkippedEveryOtherFaultStops/mimic_of_the_scope_sentence
X04 skipped refusals dropped at the end (silent skip — J3 ②)	CAUGHT	4 failing: TestTwoOwnerScopesTradeOnlyWhereEachHasItsOwnAuthority/fixture_order_(original_scope_first), TestTwoOwnerScopesTradeOnlyWhereEachHasItsOwnAuthority/coordinator_order_(000660_first), TestAScopeWithoutItsOwnAccountAuthorityIsRefusedAloneAndRecorded, TestOnlyATypedScopeRefusalIsSkippedEveryOtherFaultStops
X05 admit types every collection failure as a scope refusal	CAUGHT	2 failing: TestAForgedScopeStopsTheCycleBeforeTheNextValidScope, TestTheScopeRefusalTypeIsMadeOnlyWhereTheCensusSaysItIs
X06 dispatch wraps every admission refusal with the scope type	CAUGHT	4 failing: TestTheProductionCycleHandsEveryOwnerScopeToTheDispatch, TestAnActivatedTwoScopeMarketIssuesOneFirstLegPerScope, TestTheSecondLegOfOneCycleCountsTheFirstLegsHeldReservation, TestAForgedScopeStopsTheCycleBeforeTheNextValidScope
X07 identity mismatch returned as a scope refusal	CAUGHT	14 failing: TestTheFirstLegSealRefusesEveryForgeryAxis/one-scope_pair/same-scope_loser_(another_campaign), TestTheFirstLegSealRefusesEveryForgeryAxis/one-scope_pair/gated_lane_(same_scope,_another_family_lane), TestTheFirstLegSealRefusesEveryForgeryAxis/one-scope_pair/same_lineage,_rewritten_execution_terms, TestTheFirstLegSealRefusesEveryForgeryAxis/two-scope_pair/same-scope_loser_(another_campaign), TestTheFirstLegSealRefusesEveryForgeryAxis/two-scope_pair/gated_lane_(same_scope,_another_family_lane), TestTheFirstLegSealRefusesEveryForgeryAxis/two-scope_pair/same_lineage,_rewritten_execution_terms, TestTheFirstLegSealRefusesEveryForgeryAxis/two-scope_pair,_coordinator_order/same-scope_loser_(another_campaign), TestTheFirstLegSealRefusesEveryForgeryAxis/two-scope_pair,_coordinator_order/gated_lane_(same_scope,_another_family_lane) …
X08 risk authority falls back to the market bundle (J3 ① envelope fallback)	CAUGHT	5 failing: TestTwoOwnerScopesTradeOnlyWhereEachHasItsOwnAuthority/fixture_order_(original_scope_first), TestTwoOwnerScopesTradeOnlyWhereEachHasItsOwnAuthority/coordinator_order_(000660_first), TestAnActivatedTwoScopeMarketIssuesOneFirstLegPerScope, TestTheSecondLegOfOneCycleCountsTheFirstLegsHeldReservation, TestAScopeWithoutItsOwnAccountAuthorityIsRefusedAloneAndRecorded
X09 account authority falls back to the market authority (J3 ①)	CAUGHT	3 failing: TestAnActivatedTwoScopeMarketIssuesOneFirstLegPerScope, TestTheSecondLegOfOneCycleCountsTheFirstLegsHeldReservation, TestAScopeWithoutItsOwnAccountAuthorityIsRefusedAloneAndRecorded
X10 currency from the envelope again (A#3)	CAUGHT	1 failing: TestTheFirstLegCurrencyComesFromTheLineageNotTheEnvelope
X11 market count gate restored	CAUGHT	9 failing: TestTheFirstLegSealRefusesEveryForgeryAxis/two-scope_pair, TestTheFirstLegSealRefusesEveryForgeryAxis/two-scope_pair,_coordinator_order, TestTheFirstLegSealSelectsByScopeInATwoScopePair, TestTwoOwnerScopesTradeOnlyWhereEachHasItsOwnAuthority/fixture_order_(original_scope_first), TestTwoOwnerScopesTradeOnlyWhereEachHasItsOwnAuthority/coordinator_order_(000660_first), TestAnActivatedTwoScopeMarketIssuesOneFirstLegPerScope, TestTheSecondLegOfOneCycleCountsTheFirstLegsHeldReservation, TestAScopeWithoutItsOwnAccountAuthorityIsRefusedAloneAndRecorded …
X12 risk loader loads only the first scope	CAUGHT	3 failing: TestAnActivatedTwoScopeMarketIssuesOneFirstLegPerScope, TestTheSecondLegOfOneCycleCountsTheFirstLegsHeldReservation, TestAScopeWithoutItsOwnAccountAuthorityIsRefusedAloneAndRecorded
X13 result authority hands the risk loader only the first scope	CAUGHT	4 failing: TestAnActivatedTwoScopeMarketIssuesOneFirstLegPerScope, TestTheSecondLegOfOneCycleCountsTheFirstLegsHeldReservation, TestAScopeWithoutItsOwnAccountAuthorityIsRefusedAloneAndRecorded, TestTheRiskStubBridgeIsStillNeededBecauseTheLoaderRefusesTheRealJournal
X14 account loader loads the first entry's symbol for every scope (A#5)	CAUGHT	4 failing: TestAnActivatedTwoScopeMarketIssuesOneFirstLegPerScope, TestTheSecondLegOfOneCycleCountsTheFirstLegsHeldReservation, TestAScopeWithoutItsOwnAccountAuthorityIsRefusedAloneAndRecorded, TestTheSingleProposalAssumptionLivesOnlyWhereTheCensusSaysItDoes
X15 worker promotion needs every scope (one refusal starves the market)	CAUGHT	1 failing: TestAnActivatedTwoScopeMarketPromotesItsWorkerPerScope
X16 worker promotion reads the market-wide handoff	CAUGHT	1 failing: TestAnActivatedTwoScopeMarketPromotesItsWorkerPerScope
X17 worker promoted although the entry gate refused every scope	CAUGHT	1 failing: TestAnActivatedTwoScopeMarketPromotesItsWorkerPerScope
X18 assembly digest drifts from the contract function (A#6)	CAUGHT	1 failing: TestTheProposalSetDigestMatchesWhatTheAssemblyRecords
X19 projection reads the market-wide handoff	CAUGHT	1 failing: TestAnActivatedTwoScopeMarketPromotesItsWorkerPerScope
M20 risk generation read from the market bundle — expected to SURVIVE (every scope's bundle comes from the same signed market manifest; generation is per market by construction)	SURVIVED	
X21 the delivery body stops on the first scope refusal of the account (J3, account half)	CAUGHT	2 failing: TestAScopeWithoutItsOwnAccountAuthorityIsRefusedAloneAndRecorded, TestTheScopeRefusalTypeIsMadeOnlyWhereTheCensusSaysItIs
X22 the risk scope refusal untyped (J3, risk half)	CAUGHT	4 failing: TestTheFirstLegSealSelectsByScopeInATwoScopePair, TestTwoOwnerScopesTradeOnlyWhereEachHasItsOwnAuthority/fixture_order_(original_scope_first), TestTwoOwnerScopesTradeOnlyWhereEachHasItsOwnAuthority/coordinator_order_(000660_first), TestTheScopeRefusalTypeIsMadeOnlyWhereTheCensusSaysItIs
