TREE	HEAD 4fb0b26e	uncommitted: 6.5 fixes (risk_bucket.go, risk_bucket_usage.go, risk_bucket_issuance.go, risk_bucket_fill.go, production_snapshot_authority.go) + tests
CONTROL	GREEN	
V01 submit scope rule removed	CAUGHT	TestA066SubmitRevalidationRefusesALatchTakenAfterIssuance/active_reconcile_on_the_entry_symbol, TestA066StorageErrorExitsFailClosed, TestA066LedgerUsageHasOneComputation/ensureRiskBucketEntryScopeClean, TestA066IssuedEntryIsRefusedAtSubmitWhenItsScopeLatchedAfterIssuance/active_reconcile_after_issuance_refuses_the_submit
V02 submit bucket-latch loop skipped	CAUGHT	TestA066SubmitRevalidationRefusesALatchTakenAfterIssuance/shared_bucket_overage_on_another_owner, TestA066SubmitRevalidationRefusesALatchTakenAfterIssuance/shared_bucket_unknown_actual_on_another_owner, TestA066StorageErrorExitsFailClosed, TestA066LedgerUsageHasOneComputation/latchedUsageRefusal
V03 submit reads usage of the wrong account (plumbing)	CAUGHT	TestA066SubmitRevalidationRefusesALatchTakenAfterIssuance/shared_bucket_overage_on_another_owner, TestA066SubmitRevalidationRefusesALatchTakenAfterIssuance/shared_bucket_unknown_actual_on_another_owner
V04 submit scope rule on the wrong symbol (plumbing)	CAUGHT	TestA066SubmitRevalidationRefusesALatchTakenAfterIssuance/active_reconcile_on_the_entry_symbol, TestA066IssuedEntryIsRefusedAtSubmitWhenItsScopeLatchedAfterIssuance/active_reconcile_after_issuance_refuses_the_submit
V05 latch rule never refuses	CAUGHT	TestA066KRUSFailureIsolation/a_latch_in_a_shared_bucket_blocks_both_markets_(not_isolated,_by_design_D5), TestA066LatchedUsageInASharedBucketBlocksNewEntry/unknown_actual_latched, TestA066LatchedUsageInASharedBucketBlocksNewEntry/risk_overage_latched, TestA066SharedBucketOverageFromOneOwnersActualFillIsLatched, TestA066SubmitRevalidationRefusesALatchTakenAfterIssuance/shared_bucket_overage_on_another_owner
V06 latch kind not named	CAUGHT	TestA066SubmitRevalidationRefusesALatchTakenAfterIssuance/shared_bucket_overage_on_another_owner
V07 overage flag never set	CAUGHT	TestA066SubmitRevalidationRefusesALatchTakenAfterIssuance/shared_bucket_overage_on_another_owner
V08 scope rule ignores reconciles	CAUGHT	TestA066KRUSFailureIsolation/KR-scoped_reconcile, TestA066SubmitRevalidationRefusesALatchTakenAfterIssuance/active_reconcile_on_the_entry_symbol, TestReleasedOwnerLateFillBlocksFirstFreshAdmissionOnlyInExactMarket, TestA066IssuedEntryIsRefusedAtSubmitWhenItsScopeLatchedAfterIssuance/active_reconcile_after_issuance_refuses_the_submit
V09 scope rule ignores owner overage	SURVIVED	
L01 recorded-limit cap skipped	CAUGHT	TestA066SharedBucketAdmissionIsCappedByTheSmallestRecordedLimit
L02 cap uses <= (off by one)	CAUGHT	TestA066FillTransitionUsesTheSmallestDecisionLimitPerBucket/earlier_decision_tighter, TestA066FreshScaleInReusesTheOwnerOnlyAfterStateAndBucketIdentityMatch/control, TestA066KRUSConcurrentContract, TestA066KRUSFailureIsolation/KR_market_bucket_exhausted, TestA066SharedBucketSecondAdmissionAtAnotherPriceIsCappedNotCollided/KR
L03 recorded limit takes the largest	SURVIVED	
L04 caps not plumbed at CRA	CAUGHT	TestA066ReleasedProspectiveGenerationCannotBeReacquired/CommitRiskBucketAdmission, TestA066FillWithAMissingDecisionReservationLatchesAndKeepsTheFill, TestA066FillTransitionUsesTheSmallestDecisionLimitPerBucket/later_decision_tighter, TestA066FillTransitionUsesTheSmallestDecisionLimitPerBucket/earlier_decision_tighter, TestA066KRUSConcurrentContract
L05 caps not plumbed at issuance	CAUGHT	TestA066ReleasedProspectiveGenerationCannotBeReacquired/RecordQFinalDecisionAndReserve, TestA066QFinalTransactionIDCannotBeReusedByAnotherDecision, TestA066RevalidateRefusesAMissingDimensionReservation, TestA066FreshScaleInReusesTheOwnerOnlyAfterStateAndBucketIdentityMatch/control, TestA066FreshScaleInReusesTheOwnerOnlyAfterStateAndBucketIdentityMatch/bucket_identity_drift
L06 cap ignores this reservation	CAUGHT	TestA066SharedBucketAdmissionIsCappedByTheSmallestRecordedLimit
S01 missing seal stays raw	CAUGHT	TestA066FillWithAMissingStateSealLatchesAndKeepsTheFill
CONTROL(2)	GREEN	
V09 scope rule ignores owner overage (recheck)	CAUGHT	TestA066AdmissionRefusalNamesAnOwnerOverageLatch
L03 recorded limit takes the largest (recheck)	CAUGHT	TestA066RecordedLimitCapUsesTheSmallestOfSeveral
