id	verdict	secs	description	evidence
CONTROL	GREEN	-	./internal/app/engine	ok  	github.com/JungHoonGhae/tossinvest-cli/internal/app/engine	15.879s
CONTROL	GREEN	-	./internal/journal	ok  	github.com/JungHoonGhae/tossinvest-cli/internal/journal	2.301s
CONTROL	GREEN	-	./internal/execgw	ok  	github.com/JungHoonGhae/tossinvest-cli/internal/execgw	0.194s
M01	CAUGHT	18	판정 제거 — 한도에 닿아도 판정하지 않음	ailedAttempts (0.23s) | --- FAIL: TestARestartFromAReopenedLedgerRelatches (0.25s) | --- FAIL: TestTheLatchLineIsWrittenOnlyWhenThisExecutorLatches (0.46s) | --- FAIL: TestTheLedgerModeRowAddsNoEntryEnforcementBeforeProjectionIsWired (0.22s) | --- FAIL: TestThePermittedRelatchHoldsOnTheProductionGate (0.22s) | --- FAIL: TestTheMandatedRelatchHoldsOnTheProductionGate (0.22s) | --- FAIL: TestAStopNotifyDoesNotWaitWhileTheExecutorWaitsForTheGate (0.23s) | --- FAIL: TestTheProductionExecutorLatchesWithoutTheSynchronousPath (0.43s) | FAIL | FAIL	github.com/JungHoonGhae/tossinvest-cli/internal/app/engine	15.919s | FAIL
M02	CAUGHT	17	승격 제거	ailureRun (0.23s) | --- FAIL: TestAPublisherThatTimesOutCountsAsFailedAttempts (0.23s) | --- FAIL: TestARestartFromAReopenedLedgerRelatches (0.22s) | --- FAIL: TestACancelledDeliveryJudgementFallsBackToAnUnconditionalLatch (0.21s) | --- FAIL: TestTheLedgerModeRowAddsNoEntryEnforcementBeforeProjectionIsWired (0.21s) | --- FAIL: TestTheMandatedRelatchHoldsOnTheProductionGate (0.21s) | --- FAIL: TestALeaseCanLapseWhileTheJudgementWaitsForTheGate (0.19s) | --- FAIL: TestTheProductionExecutorLatchesWithoutTheSynchronousPath (0.42s) | FAIL | FAIL	github.com/JungHoonGhae/tossinvest-cli/internal/app/engine	15.506s | FAIL
M03	CAUGHT	18	「뒤」 해제에서 승격도 버림	- FAIL: TestAFullAcknowledgementBeforeTheLatchLeavesNoLatchOnAnEmptyBacklog (0.24s) | --- FAIL: TestAFailedEscalationLeavesTheLatch (0.42s) | --- FAIL: TestAClearAfterTheLimitthRecordFailureStillEscalates (0.41s) | --- FAIL: TestADeliveryAndAnEmptyAcknowledgementAfterTheEvidenceDropOnlyTheBlock (0.21s) | --- FAIL: TestAStaleClearAfterTheEvidenceDropsOnlyTheBlock (0.47s) | --- FAIL: TestAClearAroundTheLimitthListingFailureStillEscalates (0.38s) | --- FAIL: TestACancelledDeliveryJudgementFallsBackToAnUnconditionalLatch (0.18s) | FAIL | FAIL	github.com/JungHoonGhae/tossinvest-cli/internal/app/engine	15.744s | FAIL
M04	CAUGHT	5	선택 순서 제거 — 오래된 것 먼저만	--- FAIL: TestDeliverySelectionPutsRowsBelowTheLimitFirst (0.24s) | FAIL | FAIL	github.com/JungHoonGhae/tossinvest-cli/internal/journal	2.292s | FAIL
M04e	CAUGHT	18	선택 순서 제거 — 실행자 쪽에서 본다	--- FAIL: TestANewRowIsTriedBeforeExhaustedOnes (0.44s) | FAIL | FAIL	github.com/JungHoonGhae/tossinvest-cli/internal/app/engine	15.960s | FAIL
M05	CAUGHT	17	한도 행 버림	--- FAIL: TestATruncatedListingDoesNotForgetARun (0.23s) | FAIL | FAIL	github.com/JungHoonGhae/tossinvest-cli/internal/app/engine	15.301s | FAIL
M06	CAUGHT	17	나열 값으로 판정 (Alert.Attempts+1)	--- FAIL: TestAStaleListingDoesNotDelayTheJudgement (0.24s) | FAIL | FAIL	github.com/JungHoonGhae/tossinvest-cli/internal/app/engine	15.577s | FAIL
M07a	CAUGHT	18	Outcome 검사 제거 — 0 행 결과도 판정	--- FAIL: TestAnAcknowledgementDuringTheSendDoesNotLatch (0.22s) | --- FAIL: TestOutcomesThatWroteNothingNeverJudge (0.46s) | --- FAIL: TestARealLeaseLossNeverJudges (0.21s) | FAIL | FAIL	github.com/JungHoonGhae/tossinvest-cli/internal/app/engine	15.960s | FAIL
M07b	CAUGHT	17	err 먼저 보지 않음 — 오류 결과를 Applied 로 읽음	tTheCount (0.26s) | --- FAIL: TestAClearBetweenRecordFailuresRestartsTheCount (0.23s) | --- FAIL: TestAClearAfterTheLimitthRecordFailureStillEscalates (0.44s) | --- FAIL: TestLeaseLostAndReleaseDoNotResetTheCount (0.20s) | --- FAIL: TestATruncatedListingDoesNotForgetARun (0.22s) | --- FAIL: TestAFailedAcknowledgementKeepsTheRecordFailureRun (0.22s) | --- FAIL: TestARearmWithoutAClearCarriesTheRecordFailureRun (0.21s) | --- FAIL: TestAnAppliedRecordOnTheRowEndsItsRun (0.18s) | --- FAIL: TestTheRunRestartsAfterItsJudgement (0.38s) | FAIL | FAIL	github.com/JungHoonGhae/tossinvest-cli/internal/app/engine	15.457s | FAIL
M08	CAUGHT	1	세대 비교 제거	--- FAIL: TestAConditionalBlockAfterAClearChangesNothing (0.00s) | --- FAIL: TestTheEpochComparisonAndTheLatchAreOneStep (0.00s) | FAIL | FAIL	github.com/JungHoonGhae/tossinvest-cli/internal/execgw	0.190s | FAIL
M08e	CAUGHT	18	세대 비교 제거 — 실행자 쪽에서 본다	ClearAfterTheEvidenceLeavesWhatAnOnTimeLatchWouldHave (0.52s) | --- FAIL: TestAFullAcknowledgementBeforeTheLatchLeavesNoLatchOnAnEmptyBacklog (0.25s) | --- FAIL: TestALatchOnlyJudgementNeverEscalatesEvenAfterAClear (0.20s) | --- FAIL: TestAClearAfterTheLimitthRecordFailureStillEscalates (0.41s) | --- FAIL: TestADeliveryAndAnEmptyAcknowledgementAfterTheEvidenceDropOnlyTheBlock (0.23s) | --- FAIL: TestAStaleClearAfterTheEvidenceDropsOnlyTheBlock (0.46s) | --- FAIL: TestAClearAroundTheLimitthListingFailureStillEscalates (0.39s) | FAIL | FAIL	github.com/JungHoonGhae/tossinvest-cli/internal/app/engine	16.061s | FAIL
M09	CAUGHT	18	Clear 세대 증가 제거	FAIL: TestAFullAcknowledgementBeforeTheLatchLeavesNoLatchOnAnEmptyBacklog (0.21s) | --- FAIL: TestALatchOnlyJudgementNeverEscalatesEvenAfterAClear (0.18s) | --- FAIL: TestAClearBetweenRecordFailuresRestartsTheCount (0.20s) | --- FAIL: TestAClearAfterTheLimitthRecordFailureStillEscalates (0.40s) | --- FAIL: TestADeliveryAndAnEmptyAcknowledgementAfterTheEvidenceDropOnlyTheBlock (0.24s) | --- FAIL: TestAStaleClearAfterTheEvidenceDropsOnlyTheBlock (0.43s) | --- FAIL: TestAClearAroundTheLimitthListingFailureStillEscalates (0.37s) | FAIL | FAIL	github.com/JungHoonGhae/tossinvest-cli/internal/app/engine	15.729s | FAIL
M10	CAUGHT	18	세대를 「실제로 지웠을 때만」 증가	FAIL: TestAFullAcknowledgementBeforeTheLatchLeavesNoLatchOnAnEmptyBacklog (0.21s) | --- FAIL: TestALatchOnlyJudgementNeverEscalatesEvenAfterAClear (0.19s) | --- FAIL: TestAClearBetweenRecordFailuresRestartsTheCount (0.23s) | --- FAIL: TestAClearAfterTheLimitthRecordFailureStillEscalates (0.42s) | --- FAIL: TestADeliveryAndAnEmptyAcknowledgementAfterTheEvidenceDropOnlyTheBlock (0.22s) | --- FAIL: TestAStaleClearAfterTheEvidenceDropsOnlyTheBlock (0.43s) | --- FAIL: TestAClearAroundTheLimitthListingFailureStillEscalates (0.37s) | FAIL | FAIL	github.com/JungHoonGhae/tossinvest-cli/internal/app/engine	15.870s | FAIL
M11	CAUGHT	1	다른 사유의 해제가 세대를 올림	--- FAIL: TestNothingButThatReasonsClearMovesItsEpoch (0.00s) | FAIL | FAIL	github.com/JungHoonGhae/tossinvest-cli/internal/execgw	0.209s | FAIL
M12	CAUGHT	27	세대 읽기를 정산 전으로	AIL: TestALatchOnlyJudgementNeverEscalatesEvenAfterAClear (0.19s) | --- FAIL: TestAClearJustBeforeTheRecordIsBeforeTheEvidence (0.22s) | --- FAIL: TestADeliveryAndAnEmptyAcknowledgementAfterTheEvidenceDropOnlyTheBlock (0.22s) | --- FAIL: TestAStaleClearAfterTheEvidenceDropsOnlyTheBlock (0.41s) | --- FAIL: TestAnAcknowledgementThatFailedBeforeItsClearDoesNotDropTheJudgement (0.24s) | --- FAIL: TestThePermittedRelatchHoldsOnTheProductionGate (0.23s) | --- FAIL: TestAStopNotifyDoesNotWaitWhileTheExecutorWaitsForTheGate (10.23s) | FAIL | FAIL	github.com/JungHoonGhae/tossinvest-cli/internal/app/engine	25.449s | FAIL
M13	CAUGHT	18	오류 판정에 원장 승인 상태 확인을 넣음	--- FAIL: TestAnErrorJudgementIsNotDroppedByTheLedgersAcknowledgementState (0.20s) | FAIL | FAIL	github.com/JungHoonGhae/tossinvest-cli/internal/app/engine	15.688s | FAIL
M14	CAUGHT	18	기록 실패 계수 제거	tTheCount (0.23s) | --- FAIL: TestAClearBetweenRecordFailuresRestartsTheCount (0.22s) | --- FAIL: TestAClearAfterTheLimitthRecordFailureStillEscalates (0.41s) | --- FAIL: TestLeaseLostAndReleaseDoNotResetTheCount (0.21s) | --- FAIL: TestATruncatedListingDoesNotForgetARun (0.22s) | --- FAIL: TestAFailedAcknowledgementKeepsTheRecordFailureRun (0.21s) | --- FAIL: TestARearmWithoutAClearCarriesTheRecordFailureRun (0.22s) | --- FAIL: TestAnAppliedRecordOnTheRowEndsItsRun (0.19s) | --- FAIL: TestTheRunRestartsAfterItsJudgement (0.39s) | FAIL | FAIL	github.com/JungHoonGhae/tossinvest-cli/internal/app/engine	15.826s | FAIL
M15	CAUGHT	17	ctx 취소 제외 제거	--- FAIL: TestACancelledEngineIsNotALedgerFault (0.19s) | FAIL | FAIL	github.com/JungHoonGhae/tossinvest-cli/internal/app/engine	15.660s | FAIL
M16	CAUGHT	17	LeaseLost/AlreadySettled 로 계수 지움	--- FAIL: TestLeaseLostAndReleaseDoNotResetTheCount (0.20s) | FAIL | FAIL	github.com/JungHoonGhae/tossinvest-cli/internal/app/engine	15.638s | FAIL
M16b	CAUGHT	18	반납 Applied 로 계수 지움	atch (0.20s) | --- FAIL: TestAnotherRowsSuccessDoesNotResetTheCount (0.22s) | --- FAIL: TestAClearBetweenRecordFailuresRestartsTheCount (0.22s) | --- FAIL: TestAClearAfterTheLimitthRecordFailureStillEscalates (0.41s) | --- FAIL: TestLeaseLostAndReleaseDoNotResetTheCount (0.21s) | --- FAIL: TestATruncatedListingDoesNotForgetARun (0.22s) | --- FAIL: TestAFailedAcknowledgementKeepsTheRecordFailureRun (0.19s) | --- FAIL: TestARearmWithoutAClearCarriesTheRecordFailureRun (0.21s) | --- FAIL: TestTheRunRestartsAfterItsJudgement (0.38s) | FAIL | FAIL	github.com/JungHoonGhae/tossinvest-cli/internal/app/engine	15.570s | FAIL
M17	CAUGHT	17	「이미 정산됨」 거름 제거	--- FAIL: TestAClaimThatFindsTheRowSettledEndsItsRun (0.21s) | FAIL | FAIL	github.com/JungHoonGhae/tossinvest-cli/internal/app/engine	15.661s | FAIL
M18	CAUGHT	17	전달 정산 실패 판정 제거	--- FAIL: TestAnErrorJudgementIsNotDroppedByTheLedgersAcknowledgementState (0.21s) | --- FAIL: TestAPublishedButUnrecordedAlertLatchesAtOnceAndKeepsTheLease (0.19s) | --- FAIL: TestADeliveryRecordErrorFollowedByCancellationStillLatches (0.38s) | --- FAIL: TestACancelledDeliveryJudgementFallsBackToAnUnconditionalLatch (0.19s) | --- FAIL: TestALeaseCanLapseWhileTheJudgementWaitsForTheGate (0.19s) | FAIL | FAIL	github.com/JungHoonGhae/tossinvest-cli/internal/app/engine	15.638s | FAIL
M19	CAUGHT	18	한도째 판정보다 리셋이 먼저 (AA2 순서 뒤집기)	--- FAIL: TestAClearAfterTheLimitthRecordFailureStillEscalates (0.40s) | --- FAIL: TestAClearAroundTheLimitthListingFailureStillEscalates (0.38s) | FAIL | FAIL	github.com/JungHoonGhae/tossinvest-cli/internal/app/engine	15.962s | FAIL
M20	CAUGHT	18	나열 성공이 나열 계수를 안 지움	--- FAIL: TestASuccessfulListingBreaksTheListingRun (0.18s) | FAIL | FAIL	github.com/JungHoonGhae/tossinvest-cli/internal/app/engine	15.920s | FAIL
M21	CAUGHT	18	잘린 나열에서도 거름	--- FAIL: TestATruncatedListingDoesNotForgetARun (0.27s) | FAIL | FAIL	github.com/JungHoonGhae/tossinvest-cli/internal/app/engine	15.862s | FAIL
M22	CAUGHT	18	승격 실패 무조건 차단 제거	--- FAIL: TestAFailedEscalationLeavesTheLatch (0.44s) | --- FAIL: TestACancelledDeliveryJudgementFallsBackToAnUnconditionalLatch (0.19s) | --- FAIL: TestTheMandatedRelatchHoldsOnTheProductionGate (0.21s) | FAIL | FAIL	github.com/JungHoonGhae/tossinvest-cli/internal/app/engine	15.904s | FAIL
M23	CAUGHT	18	publisher 없음을 세지 않음 (D3)	--- FAIL: TestTheExecutorLatchesAndEscalatesAtTheAttemptLimit (0.41s) | --- FAIL: TestTheProductionExecutorLatchesWithoutTheSynchronousPath (0.45s) | FAIL | FAIL	github.com/JungHoonGhae/tossinvest-cli/internal/app/engine	16.000s | FAIL
M24	CAUGHT	18	실패 기록 NotFound 가 승격	--- FAIL: TestARecordThatFindsNoRowLatchesButNeverEscalates (0.41s) | --- FAIL: TestALatchOnlyJudgementNeverEscalatesEvenAfterAClear (0.19s) | FAIL | FAIL	github.com/JungHoonGhae/tossinvest-cli/internal/app/engine	16.038s | FAIL
M25	CAUGHT	5	가산 읽기 없이 Attempts 0	--- FAIL: TestAFailedAttemptReturnsTheAttemptsItCommitted (0.20s) | --- FAIL: TestTheJudgementIgnoresAListingThatWentStale (0.21s) | --- FAIL: TestARearmedRowCountsFromZero (0.21s) | --- FAIL: TestAFailedAttemptsReadLeavesTheLedgerAsItWas (1.21s) | FAIL | FAIL	github.com/JungHoonGhae/tossinvest-cli/internal/journal	2.304s | FAIL
M26	CAUGHT	5	가산 읽기를 커밋 뒤 j.db 로	--- FAIL: TestAFailedAttemptsReadLeavesTheLedgerAsItWas (1.22s) | FAIL | FAIL	github.com/JungHoonGhae/tossinvest-cli/internal/journal	2.354s | FAIL
M27	CAUGHT	18	전달 정산 오류를 취소 중이면 판정하지 않음 (codex I1 이전 판)	--- FAIL: TestADeliveryRecordErrorFollowedByCancellationStillLatches (0.42s) | --- FAIL: TestACancelledDeliveryJudgementFallsBackToAnUnconditionalLatch (0.22s) | FAIL | FAIL	github.com/JungHoonGhae/tossinvest-cli/internal/app/engine	16.210s | FAIL
M28	CAUGHT	1	게이트 잠금 안에서 밖을 부름 (잠금 범위 — 승격을 잠금 안으로의 구조 대응)	--- FAIL: TestTheEpochMethodsCallNothingUnderTheLock (0.00s) | FAIL | FAIL	github.com/JungHoonGhae/tossinvest-cli/internal/execgw	0.191s | FAIL
M29	CAUGHT	1	세대 비교와 삽입을 두 잠금으로 나눔 (split-lock)	--- FAIL: TestTheEpochComparisonAndTheLatchAreOneStep (0.00s) | --- FAIL: TestTheEpochMethodsCallNothingUnderTheLock (0.00s) | FAIL | FAIL	github.com/JungHoonGhae/tossinvest-cli/internal/execgw	0.208s | FAIL
M30	CAUGHT	18	취소 중이면 승격을 건너뜀 (승격 실패 대체 차단도 사라짐)	--- FAIL: TestACancelledDeliveryJudgementFallsBackToAnUnconditionalLatch (0.20s) | FAIL | FAIL	github.com/JungHoonGhae/tossinvest-cli/internal/app/engine	15.933s | FAIL
M31	CAUGHT	18	래치 줄을 이미 있던 래치에도 씀 (D9)	--- FAIL: TestTheLatchLineIsWrittenOnlyWhenThisExecutorLatches (0.22s) | FAIL | FAIL	github.com/JungHoonGhae/tossinvest-cli/internal/app/engine	15.876s | FAIL
M32	CAUGHT	18	그 행의 실패 기록 Applied 가 연속을 안 지움	--- FAIL: TestAnAppliedRecordOnTheRowEndsItsRun (0.20s) | FAIL | FAIL	github.com/JungHoonGhae/tossinvest-cli/internal/app/engine	15.940s | FAIL
M33	CAUGHT	18	완전한 나열이 거르지 않음	--- FAIL: TestACompleteListingForgetsARowThatLeftPending (0.21s) | FAIL | FAIL	github.com/JungHoonGhae/tossinvest-cli/internal/app/engine	15.981s | FAIL
M34	CAUGHT	18	기록 연속 판정 뒤 계수를 안 지움	--- FAIL: TestTheRunRestartsAfterItsJudgement (0.41s) | FAIL | FAIL	github.com/JungHoonGhae/tossinvest-cli/internal/app/engine	15.929s | FAIL
M35	CAUGHT	18	나열 연속 판정 뒤 계수를 안 지움	--- FAIL: TestTheRunRestartsAfterItsJudgement (0.39s) | FAIL | FAIL	github.com/JungHoonGhae/tossinvest-cli/internal/app/engine	15.873s | FAIL
