TREE	HEAD f473d8155da16c06e90a228593031e56f83c4712 (git archive) + own: internal/strategyrouter/production_family_activation.go,internal/app/engine/strategy_proposal_authority.go,internal/strategyrouter/a112_activation_error_fields_test.go,internal/app/engine/a112_proposal_closure_carriage_test.go
CONTROL	GREEN	[./internal/strategyrouter pass events 174] [./internal/app/engine pass events 38]
B1 the undeclared wrap drops its sentinel (engine would read it as declared-but-unusable)	CAUGHT	4 failing: TestEveryActivationRefusalNamesItsFieldAndKeepsItsSentinel/undeclared_pin, TestOnlyAnEmptyPinMeansTheActivationWasNeverDeclared, TestADeclaredActivationThatLapsesRollsItsMarketBackInsteadOfWidening/핀_없음_—_4-가족_런타임_미배포, TestAnUndeclaredMarketStaysUndeclaredWhateverItsCalibrationSays
B2 failedFields keeps only the first failed field	CAUGHT	3 failing: TestEveryActivationRefusalNamesItsFieldAndKeepsItsSentinel/config_binding:_three_fields_at_once, TestEveryActivationRefusalNamesItsFieldAndKeepsItsSentinel/body_binding:_three_fields_at_once, TestEveryActivationRefusalNamesItsFieldAndKeepsItsSentinel/lifetime:_two_faults_at_once
B3 failedFields never reports (every compound binding passes)	CAUGHT	51 failing: TestEveryActivationRefusalNamesItsFieldAndKeepsItsSentinel/body_binding:_market, TestEveryActivationRefusalNamesItsFieldAndKeepsItsSentinel/body_binding:_route_manifest, TestEveryActivationRefusalNamesItsFieldAndKeepsItsSentinel/body_binding:_risk_policy, TestEveryActivationRefusalNamesItsFieldAndKeepsItsSentinel/body_binding:_actor, TestEveryActivationRefusalNamesItsFieldAndKeepsItsSentinel/config_binding:_malformed_route_manifest_digest, TestEveryActivationRefusalNamesItsFieldAndKeepsItsSentinel/body_binding:_schema, TestEveryActivationRefusalNamesItsFieldAndKeepsItsSentinel/body_binding:_domain, TestEveryActivationRefusalNamesItsFieldAndKeepsItsSentinel/body_binding:_protection_floor …
B4 a config field is mislabelled (calendar_version says build_digest)	CAUGHT	2 failing: TestEveryActivationRefusalNamesItsFieldAndKeepsItsSentinel/config_binding:_empty_calendar, TestEveryActivationRefusalNamesItsFieldAndKeepsItsSentinel/config_binding:_three_fields_at_once
B5 a config binding term is dropped from the collection (and so from the decision)	CAUGHT	2 failing: TestEveryActivationRefusalNamesItsFieldAndKeepsItsSentinel/config_binding:_three_fields_at_once, TestEveryActivationRefusalNamesItsFieldAndKeepsItsSentinel/config_binding:_empty_build
B6 the read fault loses its cause (%v instead of %w)	CAUGHT	1 failing: TestEveryActivationRefusalNamesItsFieldAndKeepsItsSentinel/manifest_file_missing
B7 the read fault is reported as a digest mismatch (the two kinds merged back)	CAUGHT	1 failing: TestEveryActivationRefusalNamesItsFieldAndKeepsItsSentinel/manifest_file_missing
B8 the decode refusal is replaced by the bare sentinel	CAUGHT	3 failing: TestEveryActivationRefusalNamesItsFieldAndKeepsItsSentinel/bytes_not_canonical, TestEveryActivationRefusalNamesItsFieldAndKeepsItsSentinel/an_unknown_field, TestEveryActivationRefusalNamesItsFieldAndKeepsItsSentinel/trailing_data_after_the_document
B9 an unknown lane also blames its table fields (known guard dropped)	CAUGHT	1 failing: TestEveryActivationRefusalNamesItsFieldAndKeepsItsSentinel/descriptor:_unknown_lane
B10 the expiry wrap drops the Expired sentinel	CAUGHT	4 failing: TestEveryActivationRefusalNamesItsFieldAndKeepsItsSentinel/expired, TestTheLeaseCeilingOnlyEverShrinks, TestAnActivationOutsideItsApprovedLifetimePromotesNothing/already_expired_at_the_observed_instant, TestADeclaredActivationThatLapsesRollsItsMarketBackInsteadOfWidening/핀_+_만료
E1 the gate computation moves back after the proposal load	CAUGHT	19 failing: TestTheThirteenProposalClosuresKeepTheirOrderAndTheGateIsComputedRightAfterRouteReadiness, TestEveryReachableProposalClosureCarriesTheGatesActivationExceptRouteNotReady/verified/fx_not_ready, TestEveryReachableProposalClosureCarriesTheGatesActivationExceptRouteNotReady/verified/loader_misconfigured, TestEveryReachableProposalClosureCarriesTheGatesActivationExceptRouteNotReady/verified/proposal_public_key_invalid, TestEveryReachableProposalClosureCarriesTheGatesActivationExceptRouteNotReady/verified/duplicate_routed_symbol, TestEveryReachableProposalClosureCarriesTheGatesActivationExceptRouteNotReady/verified/proposal_load_failed, TestEveryReachableProposalClosureCarriesTheGatesActivationExceptRouteNotReady/verified/a_scope_lost_its_proposal, TestEveryReachableProposalClosureCarriesTheGatesActivationExceptRouteNotReady/rolled_back_(declared_but_unusable)/fx_not_ready …
E2 the gate is computed before the route-readiness guard (RouteNotReady would carry it)	CAUGHT	4 failing: TestTheThirteenProposalClosuresKeepTheirOrderAndTheGateIsComputedRightAfterRouteReadiness, TestEveryReachableProposalClosureCarriesTheGatesActivationExceptRouteNotReady/verified/route_not_ready, TestEveryReachableProposalClosureCarriesTheGatesActivationExceptRouteNotReady/rolled_back_(declared_but_unusable)/route_not_ready, TestEveryReachableProposalClosureCarriesTheGatesActivationExceptRouteNotReady/undeclared/route_not_ready
E3 the fail closure stops carrying the gate's activation	CAUGHT	9 failing: TestAClosedMarketStillCarriesTheGatesActivation, TestTheThirteenProposalClosuresKeepTheirOrderAndTheGateIsComputedRightAfterRouteReadiness, TestEveryReachableProposalClosureCarriesTheGatesActivationExceptRouteNotReady/verified/fx_not_ready, TestEveryReachableProposalClosureCarriesTheGatesActivationExceptRouteNotReady/verified/loader_misconfigured, TestEveryReachableProposalClosureCarriesTheGatesActivationExceptRouteNotReady/verified/proposal_public_key_invalid, TestEveryReachableProposalClosureCarriesTheGatesActivationExceptRouteNotReady/verified/duplicate_routed_symbol, TestEveryReachableProposalClosureCarriesTheGatesActivationExceptRouteNotReady/verified/proposal_load_failed, TestEveryReachableProposalClosureCarriesTheGatesActivationExceptRouteNotReady/verified/a_scope_lost_its_proposal …
