TREE	HEAD fe3db32695832cbdf60f824b44e8d7a0a14886f4	uncommitted tracked: internal/app/engine/a112_family_gate_test.go,internal/app/engine/strategy_dispatch_cycle.go,internal/app/engine/strategy_dispatch_cycle_test.go,internal/app/engine/strategy_entry_supervisor.go,internal/app/engine/strategy_family_activation.go,internal/app/engine/strategy_proposal_authority.go,internal/execgw/a066_entry_loss_lock_red_test.go,internal/execgw/a066_legacy_entry_census_test.go,internal/journal/risk_bucket_entry_loss_lock.go,internal/journal/risk_bucket_entry_loss_lock_test.go,internal/strategyrouter/production_family_activation.go,internal/strategyrouter/production_family_activation_testseam.go
CONTROL	GREEN	
M01 CRA call removed	CAUGHT	3 failing: TestEntryLossLockRefusesEveryEntrySiteOnlyInItsOwnScope/CommitRiskBucketAdmission/KR_SHORT/own_scope, TestEntryLossLockRefusesEveryEntrySiteOnlyInItsOwnScope/CommitRiskBucketAdmission/US_MEDIUM/own_scope, TestEntryLossLockSurvivesReopen
M02 CRA account<-LaneID	CAUGHT	3 failing: TestEntryLossLockRefusesEveryEntrySiteOnlyInItsOwnScope/CommitRiskBucketAdmission/KR_SHORT/own_scope, TestEntryLossLockRefusesEveryEntrySiteOnlyInItsOwnScope/CommitRiskBucketAdmission/US_MEDIUM/own_scope, TestEntryLossLockSurvivesReopen
M03 CRA market<-KR	CAUGHT	2 failing: TestEntryLossLockRefusesEveryEntrySiteOnlyInItsOwnScope/CommitRiskBucketAdmission/US_MEDIUM/own_scope, TestEntryLossLockRefusesEveryEntrySiteOnlyInItsOwnScope/CommitRiskBucketAdmission/US_MEDIUM/other_market
M04 CRA horizon<-SHORT	CAUGHT	2 failing: TestEntryLossLockRefusesEveryEntrySiteOnlyInItsOwnScope/CommitRiskBucketAdmission/US_MEDIUM/own_scope, TestEntryLossLockRefusesEveryEntrySiteOnlyInItsOwnScope/CommitRiskBucketAdmission/US_MEDIUM/other_horizon
M05 fresh call removed	CAUGHT	6 failing: TestEntryLossLockRefusesEveryEntrySiteOnlyInItsOwnScope/RecordQFinalDecisionAndReserve/KR_SHORT/own_scope, TestEntryLossLockRefusesEveryEntrySiteOnlyInItsOwnScope/RecordQFinalDecisionAndReserve/US_MEDIUM/own_scope, TestEntryLossLockRefusesTheStrategyFirstLegAdmission/KR_SHORT_lock_refuses_KR, TestEntryLossLockRefusesTheStrategyFirstLegAdmission/US_SHORT_lock_refuses_US, TestA066EntryLossLockIsEntryOnlyPerHorizonAndMarket/KR_SHORT_lock_refuses_KR_SHORT, TestA066EntryLossLockIsEntryOnlyPerHorizonAndMarket/KR_MEDIUM_lock_refuses_KR_MEDIUM
M06 fresh account<-LaneID	CAUGHT	6 failing: TestEntryLossLockRefusesEveryEntrySiteOnlyInItsOwnScope/RecordQFinalDecisionAndReserve/KR_SHORT/own_scope, TestEntryLossLockRefusesEveryEntrySiteOnlyInItsOwnScope/RecordQFinalDecisionAndReserve/US_MEDIUM/own_scope, TestEntryLossLockRefusesTheStrategyFirstLegAdmission/KR_SHORT_lock_refuses_KR, TestEntryLossLockRefusesTheStrategyFirstLegAdmission/US_SHORT_lock_refuses_US, TestA066EntryLossLockIsEntryOnlyPerHorizonAndMarket/KR_SHORT_lock_refuses_KR_SHORT, TestA066EntryLossLockIsEntryOnlyPerHorizonAndMarket/KR_MEDIUM_lock_refuses_KR_MEDIUM
M07 fresh market<-KR	CAUGHT	4 failing: TestEntryLossLockRefusesEveryEntrySiteOnlyInItsOwnScope/RecordQFinalDecisionAndReserve/US_MEDIUM/own_scope, TestEntryLossLockRefusesEveryEntrySiteOnlyInItsOwnScope/RecordQFinalDecisionAndReserve/US_MEDIUM/other_market, TestEntryLossLockRefusesTheStrategyFirstLegAdmission/US_SHORT_lock_refuses_US, TestEntryLossLockRefusesTheStrategyFirstLegAdmission/KR_locks_do_not_reach_US
M08 fresh horizon<-SHORT	CAUGHT	3 failing: TestEntryLossLockRefusesEveryEntrySiteOnlyInItsOwnScope/RecordQFinalDecisionAndReserve/US_MEDIUM/own_scope, TestEntryLossLockRefusesEveryEntrySiteOnlyInItsOwnScope/RecordQFinalDecisionAndReserve/US_MEDIUM/other_horizon, TestA066EntryLossLockIsEntryOnlyPerHorizonAndMarket/KR_MEDIUM_lock_refuses_KR_MEDIUM
M09 reval call removed	CAUGHT	4 failing: TestEntryLossLockRefusesEveryEntrySiteOnlyInItsOwnScope/RevalidateQFinalAdmission/KR_SHORT/own_scope, TestEntryLossLockRefusesEveryEntrySiteOnlyInItsOwnScope/RevalidateQFinalAdmission/US_MEDIUM/own_scope, TestA066DecisionIssuedBeforeLockIsRefusedAtSubmit/KR_SHORT_lock_after_issuance_refuses_the_KR_SHORT_submit, TestA066LockActivatedAfterInitialCheckIsRefusedAtTheLastMoment
M10 reval account<-lane	CAUGHT	4 failing: TestEntryLossLockRefusesEveryEntrySiteOnlyInItsOwnScope/RevalidateQFinalAdmission/KR_SHORT/own_scope, TestEntryLossLockRefusesEveryEntrySiteOnlyInItsOwnScope/RevalidateQFinalAdmission/US_MEDIUM/own_scope, TestA066DecisionIssuedBeforeLockIsRefusedAtSubmit/KR_SHORT_lock_after_issuance_refuses_the_KR_SHORT_submit, TestA066LockActivatedAfterInitialCheckIsRefusedAtTheLastMoment
M11 reval market<-KR	CAUGHT	2 failing: TestEntryLossLockRefusesEveryEntrySiteOnlyInItsOwnScope/RevalidateQFinalAdmission/US_MEDIUM/own_scope, TestEntryLossLockRefusesEveryEntrySiteOnlyInItsOwnScope/RevalidateQFinalAdmission/US_MEDIUM/other_market
M12 reval horizon<-SHORT	CAUGHT	2 failing: TestEntryLossLockRefusesEveryEntrySiteOnlyInItsOwnScope/RevalidateQFinalAdmission/US_MEDIUM/own_scope, TestEntryLossLockRefusesEveryEntrySiteOnlyInItsOwnScope/RevalidateQFinalAdmission/US_MEDIUM/other_horizon
M13 decisionHorizon reads market dimension	CAUGHT	14 failing: TestEntryLossLockRefusesEveryEntrySiteOnlyInItsOwnScope/RevalidateQFinalAdmission/KR_SHORT/no_lock, TestEntryLossLockRefusesEveryEntrySiteOnlyInItsOwnScope/RevalidateQFinalAdmission/KR_SHORT/own_scope, TestEntryLossLockRefusesEveryEntrySiteOnlyInItsOwnScope/RevalidateQFinalAdmission/KR_SHORT/other_horizon, TestEntryLossLockRefusesEveryEntrySiteOnlyInItsOwnScope/RevalidateQFinalAdmission/KR_SHORT/other_market, TestEntryLossLockRefusesEveryEntrySiteOnlyInItsOwnScope/RevalidateQFinalAdmission/KR_SHORT/other_account, TestEntryLossLockRefusesEveryEntrySiteOnlyInItsOwnScope/RevalidateQFinalAdmission/US_MEDIUM/no_lock, TestEntryLossLockRefusesEveryEntrySiteOnlyInItsOwnScope/RevalidateQFinalAdmission/US_MEDIUM/own_scope, TestEntryLossLockRefusesEveryEntrySiteOnlyInItsOwnScope/RevalidateQFinalAdmission/US_MEDIUM/other_horizon, TestEntryLossLockRefusesEveryEntrySiteOnlyInItsOwnScope/RevalidateQFinalAdmission/US_MEDIUM/other_market, TestEntryLossLockRefusesEveryEntrySiteOnlyInItsOwnScope/RevalidateQFinalAdmission/US_MEDIUM/other_account, TestA066DecisionIssuedBeforeLockIsRefusedAtSubmit/control:_no_lock_submits_the_pre-issued_KR_SHORT_decision, TestA066DecisionIssuedBeforeLockIsRefusedAtSubmit/KR_MEDIUM_lock_does_not_refuse_a_KR_SHORT_decision, TestA066DecisionIssuedBeforeLockIsRefusedAtSubmit/KR_SHORT_lock_after_issuance_refuses_the_KR_SHORT_submit, TestA066LockActivatedAfterInitialCheckIsRefusedAtTheLastMoment
M14 admissionHorizon reads market cap	CAUGHT	46 failing: TestEntryLossLockRefusesEveryEntrySiteOnlyInItsOwnScope/CommitRiskBucketAdmission/KR_SHORT/no_lock, TestEntryLossLockRefusesEveryEntrySiteOnlyInItsOwnScope/CommitRiskBucketAdmission/KR_SHORT/own_scope, TestEntryLossLockRefusesEveryEntrySiteOnlyInItsOwnScope/CommitRiskBucketAdmission/KR_SHORT/other_horizon, TestEntryLossLockRefusesEveryEntrySiteOnlyInItsOwnScope/CommitRiskBucketAdmission/KR_SHORT/other_market, TestEntryLossLockRefusesEveryEntrySiteOnlyInItsOwnScope/CommitRiskBucketAdmission/KR_SHORT/other_account, TestEntryLossLockRefusesEveryEntrySiteOnlyInItsOwnScope/CommitRiskBucketAdmission/US_MEDIUM/no_lock, TestEntryLossLockRefusesEveryEntrySiteOnlyInItsOwnScope/CommitRiskBucketAdmission/US_MEDIUM/own_scope, TestEntryLossLockRefusesEveryEntrySiteOnlyInItsOwnScope/CommitRiskBucketAdmission/US_MEDIUM/other_horizon, TestEntryLossLockRefusesEveryEntrySiteOnlyInItsOwnScope/CommitRiskBucketAdmission/US_MEDIUM/other_market, TestEntryLossLockRefusesEveryEntrySiteOnlyInItsOwnScope/CommitRiskBucketAdmission/US_MEDIUM/other_account, TestEntryLossLockRefusesEveryEntrySiteOnlyInItsOwnScope/RecordQFinalDecisionAndReserve/KR_SHORT/no_lock, TestEntryLossLockRefusesEveryEntrySiteOnlyInItsOwnScope/RecordQFinalDecisionAndReserve/KR_SHORT/own_scope, TestEntryLossLockRefusesEveryEntrySiteOnlyInItsOwnScope/RecordQFinalDecisionAndReserve/KR_SHORT/other_horizon, TestEntryLossLockRefusesEveryEntrySiteOnlyInItsOwnScope/RecordQFinalDecisionAndReserve/KR_SHORT/other_market, TestEntryLossLockRefusesEveryEntrySiteOnlyInItsOwnScope/RecordQFinalDecisionAndReserve/KR_SHORT/other_account, TestEntryLossLockRefusesEveryEntrySiteOnlyInItsOwnScope/RecordQFinalDecisionAndReserve/US_MEDIUM/no_lock, TestEntryLossLockRefusesEveryEntrySiteOnlyInItsOwnScope/RecordQFinalDecisionAndReserve/US_MEDIUM/own_scope, TestEntryLossLockRefusesEveryEntrySiteOnlyInItsOwnScope/RecordQFinalDecisionAndReserve/US_MEDIUM/other_horizon, TestEntryLossLockRefusesEveryEntrySiteOnlyInItsOwnScope/RecordQFinalDecisionAndReserve/US_MEDIUM/other_market, TestEntryLossLockRefusesEveryEntrySiteOnlyInItsOwnScope/RecordQFinalDecisionAndReserve/US_MEDIUM/other_account, TestEntryLossLockRefusesEveryEntrySiteOnlyInItsOwnScope/RevalidateQFinalAdmission/KR_SHORT/no_lock, TestEntryLossLockRefusesEveryEntrySiteOnlyInItsOwnScope/RevalidateQFinalAdmission/KR_SHORT/own_scope, TestEntryLossLockRefusesEveryEntrySiteOnlyInItsOwnScope/RevalidateQFinalAdmission/KR_SHORT/other_horizon, TestEntryLossLockRefusesEveryEntrySiteOnlyInItsOwnScope/RevalidateQFinalAdmission/KR_SHORT/other_market, TestEntryLossLockRefusesEveryEntrySiteOnlyInItsOwnScope/RevalidateQFinalAdmission/KR_SHORT/other_account, TestEntryLossLockRefusesEveryEntrySiteOnlyInItsOwnScope/RevalidateQFinalAdmission/US_MEDIUM/no_lock, TestEntryLossLockRefusesEveryEntrySiteOnlyInItsOwnScope/RevalidateQFinalAdmission/US_MEDIUM/own_scope, TestEntryLossLockRefusesEveryEntrySiteOnlyInItsOwnScope/RevalidateQFinalAdmission/US_MEDIUM/other_horizon, TestEntryLossLockRefusesEveryEntrySiteOnlyInItsOwnScope/RevalidateQFinalAdmission/US_MEDIUM/other_market, TestEntryLossLockRefusesEveryEntrySiteOnlyInItsOwnScope/RevalidateQFinalAdmission/US_MEDIUM/other_account, TestEntryLossLockSurvivesReopen, TestEntryLossLockRefusesTheStrategyFirstLegAdmission/KR_no_lock, TestEntryLossLockRefusesTheStrategyFirstLegAdmission/KR_SHORT_lock_refuses_KR, TestEntryLossLockRefusesTheStrategyFirstLegAdmission/KR_MEDIUM_lock_does_not_reach_KR_SHORT, TestEntryLossLockRefusesTheStrategyFirstLegAdmission/US_SHORT_lock_refuses_US, TestEntryLossLockRefusesTheStrategyFirstLegAdmission/KR_locks_do_not_reach_US, TestA066EntryLossLockIsEntryOnlyPerHorizonAndMarket/control:_no_lock_admits_KR_SHORT, TestA066EntryLossLockIsEntryOnlyPerHorizonAndMarket/control:_no_lock_admits_KR_MEDIUM, TestA066EntryLossLockIsEntryOnlyPerHorizonAndMarket/KR_MEDIUM_lock_does_not_reach_KR_SHORT, TestA066EntryLossLockIsEntryOnlyPerHorizonAndMarket/KR_SHORT_lock_refuses_KR_SHORT, TestA066EntryLossLockIsEntryOnlyPerHorizonAndMarket/KR_MEDIUM_lock_refuses_KR_MEDIUM, TestA066EntryLossLockIsEntryOnlyPerHorizonAndMarket/US_locks_do_not_reach_KR, TestA066DecisionIssuedBeforeLockIsRefusedAtSubmit/control:_no_lock_submits_the_pre-issued_KR_SHORT_decision, TestA066DecisionIssuedBeforeLockIsRefusedAtSubmit/KR_MEDIUM_lock_does_not_refuse_a_KR_SHORT_decision, TestA066DecisionIssuedBeforeLockIsRefusedAtSubmit/KR_SHORT_lock_after_issuance_refuses_the_KR_SHORT_submit, TestA066LockActivatedAfterInitialCheckIsRefusedAtTheLastMoment
M15 rule ignores found lock	CAUGHT	13 failing: TestEntryLossLockRefusesEveryEntrySiteOnlyInItsOwnScope/CommitRiskBucketAdmission/KR_SHORT/own_scope, TestEntryLossLockRefusesEveryEntrySiteOnlyInItsOwnScope/CommitRiskBucketAdmission/US_MEDIUM/own_scope, TestEntryLossLockRefusesEveryEntrySiteOnlyInItsOwnScope/RecordQFinalDecisionAndReserve/KR_SHORT/own_scope, TestEntryLossLockRefusesEveryEntrySiteOnlyInItsOwnScope/RecordQFinalDecisionAndReserve/US_MEDIUM/own_scope, TestEntryLossLockRefusesEveryEntrySiteOnlyInItsOwnScope/RevalidateQFinalAdmission/KR_SHORT/own_scope, TestEntryLossLockRefusesEveryEntrySiteOnlyInItsOwnScope/RevalidateQFinalAdmission/US_MEDIUM/own_scope, TestEntryLossLockSurvivesReopen, TestEntryLossLockRefusesTheStrategyFirstLegAdmission/KR_SHORT_lock_refuses_KR, TestEntryLossLockRefusesTheStrategyFirstLegAdmission/US_SHORT_lock_refuses_US, TestA066EntryLossLockIsEntryOnlyPerHorizonAndMarket/KR_SHORT_lock_refuses_KR_SHORT, TestA066EntryLossLockIsEntryOnlyPerHorizonAndMarket/KR_MEDIUM_lock_refuses_KR_MEDIUM, TestA066DecisionIssuedBeforeLockIsRefusedAtSubmit/KR_SHORT_lock_after_issuance_refuses_the_KR_SHORT_submit, TestA066LockActivatedAfterInitialCheckIsRefusedAtTheLastMoment
M16 lock query ignores horizon	CAUGHT	9 failing: TestEntryLossLockRefusesEveryEntrySiteOnlyInItsOwnScope/CommitRiskBucketAdmission/KR_SHORT/other_horizon, TestEntryLossLockRefusesEveryEntrySiteOnlyInItsOwnScope/CommitRiskBucketAdmission/US_MEDIUM/other_horizon, TestEntryLossLockRefusesEveryEntrySiteOnlyInItsOwnScope/RecordQFinalDecisionAndReserve/KR_SHORT/other_horizon, TestEntryLossLockRefusesEveryEntrySiteOnlyInItsOwnScope/RecordQFinalDecisionAndReserve/US_MEDIUM/other_horizon, TestEntryLossLockRefusesEveryEntrySiteOnlyInItsOwnScope/RevalidateQFinalAdmission/KR_SHORT/other_horizon, TestEntryLossLockRefusesEveryEntrySiteOnlyInItsOwnScope/RevalidateQFinalAdmission/US_MEDIUM/other_horizon, TestEntryLossLockRefusesTheStrategyFirstLegAdmission/KR_MEDIUM_lock_does_not_reach_KR_SHORT, TestA066EntryLossLockIsEntryOnlyPerHorizonAndMarket/KR_MEDIUM_lock_does_not_reach_KR_SHORT, TestA066DecisionIssuedBeforeLockIsRefusedAtSubmit/KR_MEDIUM_lock_does_not_refuse_a_KR_SHORT_decision
M17 lock query ignores market	CAUGHT	8 failing: TestEntryLossLockRefusesEveryEntrySiteOnlyInItsOwnScope/CommitRiskBucketAdmission/KR_SHORT/other_market, TestEntryLossLockRefusesEveryEntrySiteOnlyInItsOwnScope/CommitRiskBucketAdmission/US_MEDIUM/other_market, TestEntryLossLockRefusesEveryEntrySiteOnlyInItsOwnScope/RecordQFinalDecisionAndReserve/KR_SHORT/other_market, TestEntryLossLockRefusesEveryEntrySiteOnlyInItsOwnScope/RecordQFinalDecisionAndReserve/US_MEDIUM/other_market, TestEntryLossLockRefusesEveryEntrySiteOnlyInItsOwnScope/RevalidateQFinalAdmission/KR_SHORT/other_market, TestEntryLossLockRefusesEveryEntrySiteOnlyInItsOwnScope/RevalidateQFinalAdmission/US_MEDIUM/other_market, TestEntryLossLockRefusesTheStrategyFirstLegAdmission/KR_locks_do_not_reach_US, TestA066EntryLossLockIsEntryOnlyPerHorizonAndMarket/US_locks_do_not_reach_KR
M18 lock query ignores account	CAUGHT	6 failing: TestEntryLossLockRefusesEveryEntrySiteOnlyInItsOwnScope/CommitRiskBucketAdmission/KR_SHORT/other_account, TestEntryLossLockRefusesEveryEntrySiteOnlyInItsOwnScope/CommitRiskBucketAdmission/US_MEDIUM/other_account, TestEntryLossLockRefusesEveryEntrySiteOnlyInItsOwnScope/RecordQFinalDecisionAndReserve/KR_SHORT/other_account, TestEntryLossLockRefusesEveryEntrySiteOnlyInItsOwnScope/RecordQFinalDecisionAndReserve/US_MEDIUM/other_account, TestEntryLossLockRefusesEveryEntrySiteOnlyInItsOwnScope/RevalidateQFinalAdmission/KR_SHORT/other_account, TestEntryLossLockRefusesEveryEntrySiteOnlyInItsOwnScope/RevalidateQFinalAdmission/US_MEDIUM/other_account
M19 rule read error admits	CAUGHT	1 failing: TestRefuseEntryUnderLossLockFailsClosedOnUnknownScopeAndReadError
M20 rule unknown scope admits	CAUGHT	1 failing: TestRefuseEntryUnderLossLockFailsClosedOnUnknownScopeAndReadError
M21 locked error not wrapping blocked	CAUGHT	6 failing: TestEntryLossLockRefusesEveryEntrySiteOnlyInItsOwnScope/CommitRiskBucketAdmission/KR_SHORT/own_scope, TestEntryLossLockRefusesEveryEntrySiteOnlyInItsOwnScope/CommitRiskBucketAdmission/US_MEDIUM/own_scope, TestEntryLossLockRefusesEveryEntrySiteOnlyInItsOwnScope/RecordQFinalDecisionAndReserve/KR_SHORT/own_scope, TestEntryLossLockRefusesEveryEntrySiteOnlyInItsOwnScope/RecordQFinalDecisionAndReserve/US_MEDIUM/own_scope, TestEntryLossLockRefusesEveryEntrySiteOnlyInItsOwnScope/RevalidateQFinalAdmission/KR_SHORT/own_scope, TestEntryLossLockRefusesEveryEntrySiteOnlyInItsOwnScope/RevalidateQFinalAdmission/US_MEDIUM/own_scope
M22 API skips existing check	CAUGHT	3 failing: TestEntryLossLockActivationKeepsTheFirstCauseAndIsImmutable, TestEntryLossLockConcurrentActivationsLeaveOneLock, TestA066LossLockAndBucketFailureNeverBlockRiskReducingPaths
M23 API accepts empty cause	CAUGHT	1 failing: TestEntryLossLockActivationKeepsTheFirstCauseAndIsImmutable
M24 API accepts zero time	CAUGHT	1 failing: TestEntryLossLockActivationKeepsTheFirstCauseAndIsImmutable
M25 no first-cause trigger	CAUGHT	1 failing: TestEntryLossLockActivationKeepsTheFirstCauseAndIsImmutable
M26 first-cause trigger ignores horizon	CAUGHT	4 failing: TestEntryLossLockActivationKeepsTheFirstCauseAndIsImmutable, TestEntryLossLockRefusesTheStrategyFirstLegAdmission/KR_locks_do_not_reach_US, TestA066EntryLossLockIsEntryOnlyPerHorizonAndMarket/US_locks_do_not_reach_KR, TestA066LossLockAndBucketFailureNeverBlockRiskReducingPaths
M27 no update trigger	CAUGHT	1 failing: TestEntryLossLockActivationKeepsTheFirstCauseAndIsImmutable
M28 no delete trigger	CAUGHT	1 failing: TestEntryLossLockActivationKeepsTheFirstCauseAndIsImmutable
M29 schema version not bumped	CAUGHT	52 failing: TestEntryLossLockRefusesEveryEntrySiteOnlyInItsOwnScope/CommitRiskBucketAdmission/KR_SHORT/no_lock, TestEntryLossLockRefusesEveryEntrySiteOnlyInItsOwnScope/CommitRiskBucketAdmission/KR_SHORT/own_scope, TestEntryLossLockRefusesEveryEntrySiteOnlyInItsOwnScope/CommitRiskBucketAdmission/KR_SHORT/other_horizon, TestEntryLossLockRefusesEveryEntrySiteOnlyInItsOwnScope/CommitRiskBucketAdmission/KR_SHORT/other_market, TestEntryLossLockRefusesEveryEntrySiteOnlyInItsOwnScope/CommitRiskBucketAdmission/KR_SHORT/other_account, TestEntryLossLockRefusesEveryEntrySiteOnlyInItsOwnScope/CommitRiskBucketAdmission/US_MEDIUM/no_lock, TestEntryLossLockRefusesEveryEntrySiteOnlyInItsOwnScope/CommitRiskBucketAdmission/US_MEDIUM/own_scope, TestEntryLossLockRefusesEveryEntrySiteOnlyInItsOwnScope/CommitRiskBucketAdmission/US_MEDIUM/other_horizon, TestEntryLossLockRefusesEveryEntrySiteOnlyInItsOwnScope/CommitRiskBucketAdmission/US_MEDIUM/other_market, TestEntryLossLockRefusesEveryEntrySiteOnlyInItsOwnScope/CommitRiskBucketAdmission/US_MEDIUM/other_account, TestEntryLossLockRefusesEveryEntrySiteOnlyInItsOwnScope/RecordQFinalDecisionAndReserve/KR_SHORT/no_lock, TestEntryLossLockRefusesEveryEntrySiteOnlyInItsOwnScope/RecordQFinalDecisionAndReserve/KR_SHORT/own_scope, TestEntryLossLockRefusesEveryEntrySiteOnlyInItsOwnScope/RecordQFinalDecisionAndReserve/KR_SHORT/other_horizon, TestEntryLossLockRefusesEveryEntrySiteOnlyInItsOwnScope/RecordQFinalDecisionAndReserve/KR_SHORT/other_market, TestEntryLossLockRefusesEveryEntrySiteOnlyInItsOwnScope/RecordQFinalDecisionAndReserve/KR_SHORT/other_account, TestEntryLossLockRefusesEveryEntrySiteOnlyInItsOwnScope/RecordQFinalDecisionAndReserve/US_MEDIUM/no_lock, TestEntryLossLockRefusesEveryEntrySiteOnlyInItsOwnScope/RecordQFinalDecisionAndReserve/US_MEDIUM/own_scope, TestEntryLossLockRefusesEveryEntrySiteOnlyInItsOwnScope/RecordQFinalDecisionAndReserve/US_MEDIUM/other_horizon, TestEntryLossLockRefusesEveryEntrySiteOnlyInItsOwnScope/RecordQFinalDecisionAndReserve/US_MEDIUM/other_market, TestEntryLossLockRefusesEveryEntrySiteOnlyInItsOwnScope/RecordQFinalDecisionAndReserve/US_MEDIUM/other_account, TestEntryLossLockRefusesEveryEntrySiteOnlyInItsOwnScope/RevalidateQFinalAdmission/KR_SHORT/no_lock, TestEntryLossLockRefusesEveryEntrySiteOnlyInItsOwnScope/RevalidateQFinalAdmission/KR_SHORT/own_scope, TestEntryLossLockRefusesEveryEntrySiteOnlyInItsOwnScope/RevalidateQFinalAdmission/KR_SHORT/other_horizon, TestEntryLossLockRefusesEveryEntrySiteOnlyInItsOwnScope/RevalidateQFinalAdmission/KR_SHORT/other_market, TestEntryLossLockRefusesEveryEntrySiteOnlyInItsOwnScope/RevalidateQFinalAdmission/KR_SHORT/other_account, TestEntryLossLockRefusesEveryEntrySiteOnlyInItsOwnScope/RevalidateQFinalAdmission/US_MEDIUM/no_lock, TestEntryLossLockRefusesEveryEntrySiteOnlyInItsOwnScope/RevalidateQFinalAdmission/US_MEDIUM/own_scope, TestEntryLossLockRefusesEveryEntrySiteOnlyInItsOwnScope/RevalidateQFinalAdmission/US_MEDIUM/other_horizon, TestEntryLossLockRefusesEveryEntrySiteOnlyInItsOwnScope/RevalidateQFinalAdmission/US_MEDIUM/other_market, TestEntryLossLockRefusesEveryEntrySiteOnlyInItsOwnScope/RevalidateQFinalAdmission/US_MEDIUM/other_account, TestEntryLossLockActivationKeepsTheFirstCauseAndIsImmutable, TestEntryLossLockSurvivesReopen, TestEntryLossLockConcurrentActivationsLeaveOneLock, TestRefuseEntryUnderLossLockFailsClosedOnUnknownScopeAndReadError, TestEntryLossLockRefusesTheStrategyFirstLegAdmission/KR_no_lock, TestEntryLossLockRefusesTheStrategyFirstLegAdmission/KR_SHORT_lock_refuses_KR, TestEntryLossLockRefusesTheStrategyFirstLegAdmission/KR_MEDIUM_lock_does_not_reach_KR_SHORT, TestEntryLossLockRefusesTheStrategyFirstLegAdmission/US_SHORT_lock_refuses_US, TestEntryLossLockRefusesTheStrategyFirstLegAdmission/KR_locks_do_not_reach_US, TestEntryLossLockSchemaRefusesValuesTheRuleCannotMatch, TestSchemaTablesAndColumns, TestA066EntryLossLockIsEntryOnlyPerHorizonAndMarket/control:_no_lock_admits_KR_SHORT, TestA066EntryLossLockIsEntryOnlyPerHorizonAndMarket/control:_no_lock_admits_KR_MEDIUM, TestA066EntryLossLockIsEntryOnlyPerHorizonAndMarket/KR_MEDIUM_lock_does_not_reach_KR_SHORT, TestA066EntryLossLockIsEntryOnlyPerHorizonAndMarket/KR_SHORT_lock_refuses_KR_SHORT, TestA066EntryLossLockIsEntryOnlyPerHorizonAndMarket/KR_MEDIUM_lock_refuses_KR_MEDIUM, TestA066EntryLossLockIsEntryOnlyPerHorizonAndMarket/US_locks_do_not_reach_KR, TestA066DecisionIssuedBeforeLockIsRefusedAtSubmit/control:_no_lock_submits_the_pre-issued_KR_SHORT_decision, TestA066DecisionIssuedBeforeLockIsRefusedAtSubmit/KR_MEDIUM_lock_does_not_refuse_a_KR_SHORT_decision, TestA066DecisionIssuedBeforeLockIsRefusedAtSubmit/KR_SHORT_lock_after_issuance_refuses_the_KR_SHORT_submit, TestA066LossLockAndBucketFailureNeverBlockRiskReducingPaths, TestA066LockActivatedAfterInitialCheckIsRefusedAtTheLastMoment
M30 gateway typed mapping removed	CAUGHT	2 failing: TestA066DecisionIssuedBeforeLockIsRefusedAtSubmit/KR_SHORT_lock_after_issuance_refuses_the_KR_SHORT_submit, TestA066LockActivatedAfterInitialCheckIsRefusedAtTheLastMoment
M31 gateway maps lock to mismatch	CAUGHT	2 failing: TestA066DecisionIssuedBeforeLockIsRefusedAtSubmit/KR_SHORT_lock_after_issuance_refuses_the_KR_SHORT_submit, TestA066LockActivatedAfterInitialCheckIsRefusedAtTheLastMoment
M32 refusal code wrong	CAUGHT	10 failing: TestEntryLossLockRefusesEveryEntrySiteOnlyInItsOwnScope/CommitRiskBucketAdmission/KR_SHORT/own_scope, TestEntryLossLockRefusesEveryEntrySiteOnlyInItsOwnScope/CommitRiskBucketAdmission/US_MEDIUM/own_scope, TestEntryLossLockRefusesEveryEntrySiteOnlyInItsOwnScope/RecordQFinalDecisionAndReserve/KR_SHORT/own_scope, TestEntryLossLockRefusesEveryEntrySiteOnlyInItsOwnScope/RecordQFinalDecisionAndReserve/US_MEDIUM/own_scope, TestEntryLossLockRefusesEveryEntrySiteOnlyInItsOwnScope/RevalidateQFinalAdmission/KR_SHORT/own_scope, TestEntryLossLockRefusesEveryEntrySiteOnlyInItsOwnScope/RevalidateQFinalAdmission/US_MEDIUM/own_scope, TestEntryLossLockRefusesTheStrategyFirstLegAdmission/KR_SHORT_lock_refuses_KR, TestEntryLossLockRefusesTheStrategyFirstLegAdmission/US_SHORT_lock_refuses_US, TestA066EntryLossLockIsEntryOnlyPerHorizonAndMarket/KR_SHORT_lock_refuses_KR_SHORT, TestA066EntryLossLockIsEntryOnlyPerHorizonAndMarket/KR_MEDIUM_lock_refuses_KR_MEDIUM
M33 reason code not registered	CAUGHT	1 failing: TestReasonCodeEnumIsStable
M37 scope accepts padded account	CAUGHT	1 failing: TestEntryLossLockActivationKeepsTheFirstCauseAndIsImmutable
M38 gateway last-moment check removed	CAUGHT	1 failing: TestA066LockActivatedAfterInitialCheckIsRefusedAtTheLastMoment
M39 returned ActivatedAt not truncated	CAUGHT	1 failing: TestEntryLossLockActivationKeepsTheFirstCauseAndIsImmutable
M40 production method value of IssueEntry	CAUGHT	1 failing: TestA066LegacyEntryPathsAreUnreachableFromProductionAssembly/any_reference_to_IssueEntry
M41 production new(GuardianAdapter)	CAUGHT	1 failing: TestA066LegacyEntryPathsAreUnreachableFromProductionAssembly/any_reference_to_GuardianAdapter
M42 first-leg site skips the lock	CAUGHT	2 failing: TestEntryLossLockRefusesTheStrategyFirstLegAdmission/KR_SHORT_lock_refuses_KR, TestEntryLossLockRefusesTheStrategyFirstLegAdmission/US_SHORT_lock_refuses_US
M43 schema market CHECK removed	CAUGHT	1 failing: TestEntryLossLockSchemaRefusesValuesTheRuleCannotMatch
M44 schema horizon CHECK removed	CAUGHT	1 failing: TestEntryLossLockSchemaRefusesValuesTheRuleCannotMatch
M45 producer via field assignment	CAUGHT	1 failing: TestA066LegacyEntryPathsAreUnreachableFromProductionAssembly/exposure-raising_decision_producers
M46 producer via string literal	CAUGHT	1 failing: TestA066LegacyEntryPathsAreUnreachableFromProductionAssembly/exposure-raising_decision_producers
M47 census walker drops cmd and tools	CAUGHT	1 failing: TestA066LegacyEntryPathsAreUnreachableFromProductionAssembly
M49 census walker skips cmd files	CAUGHT	1 failing: TestA066LegacyEntryPathsAreUnreachableFromProductionAssembly
M34 production NewTracer call	CAUGHT	2 failing: TestA066LegacyEntryPathsAreUnreachableFromProductionAssembly/NewTracer_callers, TestA066LegacyEntryPathsAreUnreachableFromProductionAssembly/any_reference_to_NewTracer
M35 production GuardianAdapter	CAUGHT	1 failing: TestA066LegacyEntryPathsAreUnreachableFromProductionAssembly/GuardianAdapter_construction
M36 new exposure-raising producer	CAUGHT	1 failing: TestA066LegacyEntryPathsAreUnreachableFromProductionAssembly/exposure-raising_decision_producers
