TREE	HEAD e5e7a67f9cfccc901b65a0af0887ab89e0cc1e15 (git archive) + own: internal/strategyhandoff/handoff.go,internal/strategyhandoff/escape_test.go,internal/strategyhandoff/mint_census_test.go,internal/strategyhandoff/owner_scope_axes_test.go,internal/strategyhandoff/dependency_closure_test.go,internal/app/engine/strategy_market_handoff_delivery.go,internal/app/engine/strategy_entry_supervisor.go,internal/app/engine/strategy_dispatch_handoff_guard_test.go,internal/app/engine/a112_owner_scope_handoff_test.go,internal/app/engine/a112_owner_scope_delivery_test.go,internal/app/engine/a112_market_delivery_structure_test.go
CONTROL	GREEN	
G01 owner scope keyed by horizon (B X03)	CAUGHT	2 failing: TestTwoFamiliesOnOneScopeAreStillOneScope, TestOwnerScopeAgreesWithTheRouterOwnerKey
G02 owner scope keyed by lane (B X04)	CAUGHT	2 failing: TestTwoFamiliesOnOneScopeAreStillOneScope, TestOwnerScopeAgreesWithTheRouterOwnerKey
G03 owner scope ignores account (codex P2-4)	CAUGHT	2 failing: TestAccountAloneOrMarketAloneMakesAnotherScope, TestOwnerScopeAgreesWithTheRouterOwnerKey
G04 owner scope ignores market (codex P2-4 · B X02)	CAUGHT	2 failing: TestAccountAloneOrMarketAloneMakesAnotherScope, TestOwnerScopeAgreesWithTheRouterOwnerKey
G05 router OwnerKey normalises account differently (C #4a)	CAUGHT	4 failing: TestEntriesComeBackInOwnerScopeOrderNotRouteOrder, TestAPromotedLaneAdmitsItsFamilyWhileAnUnpromotedOneStopsIt/all_four_promoted, TestAPromotedLaneAdmitsItsFamilyWhileAnUnpromotedOneStopsIt/only_continuation_promoted, TestOwnerScopeAgreesWithTheRouterOwnerKey
G06 production body drops the second scope onward (B X09)	CAUGHT	8 failing: TestTheDeliveryBodyHandsEveryHandoffToOneClosureThatWritesNothingOutside, TestTheMarketDeliveryDispatchesEveryAdmittedScopeInOrder, TestASkippedScopeDoesNotStopTheNextOne, TestAFaultInOneScopeStopsTheCycleBeforeTheNext, TestTheDeliveryBodyHandsEveryHandoffToOneClosureThatWritesNothingOutside, TestTheMarketDeliveryDispatchesEveryAdmittedScopeInOrder, TestASkippedScopeDoesNotStopTheNextOne, TestAFaultInOneScopeStopsTheCycleBeforeTheNext
G07 cycle delivers through a same-named method of another type (B X08)	CAUGHT	2 failing: TestTheProductionCycleEndsByDeliveringEveryOwnerScopeHandoff, TestTheProductionCycleEndsByDeliveringEveryOwnerScopeHandoff
G08 local shadow of the delivery function (B X10)	CAUGHT	2 failing: TestTheProductionCycleEndsByDeliveringEveryOwnerScopeHandoff, TestTheProductionCycleEndsByDeliveringEveryOwnerScopeHandoff
N01 same-behaviour refactor: handoffs through a local variable (B X11)	GREEN-AS-EXPECTED	
G09 cycle passes the market-wide handoff (old F11)	CAUGHT	2 failing: TestTheProductionCycleEndsByDeliveringEveryOwnerScopeHandoff, TestTheProductionCycleEndsByDeliveringEveryOwnerScopeHandoff
G10 B2 always refuses — only the control half should fail (codex P2-3 · F16)	CAUGHT	4 failing: TestTwoOwnerScopesStillPlaceNothingBecauseTheFirstLegGuardRefuses/fixture_order_(original_scope_first), TestTwoOwnerScopesStillPlaceNothingBecauseTheFirstLegGuardRefuses/coordinator_order_(000660_first), TestStrategyDispatchCyclePairsKRUSThroughDerivedLeaseAndGateway, TestStrategyDispatchCycleRunsKRUSConcurrentlyUnderOneCentralOwner
G11 second minting door via a public var's private type (codex P1-2)	CAUGHT	3 failing: TestThePackageExposesExactlyTheSurfaceTheSeamNeeds, TestOnlyTheTwoDoorsReturnASeamValue, TestSeamValuesAreBuiltOnlyInsideTheirDoors
G12 engine admits each element separately (C #2 experiment C2)	CAUGHT	1 failing: TestTheSameOwnerScopeSealedTwiceRefusesTheActivatedMarket
G13 a fourth Single() site with the new spelling (C #3 experiment D)	CAUGHT	2 failing: TestNoProductionSiteDiscardsTheSeamsAdmissionAnswer, TestNoProductionSiteDiscardsTheSeamsAdmissionAnswer
G14 Single() answer discarded via an intermediate binding (C #3 experiment D')	CAUGHT	2 failing: TestNoProductionSiteDiscardsTheSeamsAdmissionAnswer, TestNoProductionSiteDiscardsTheSeamsAdmissionAnswer
G15 new exported door the engine uses (C #1 experiment B shape)	CAUGHT	3 failing: TestEveryNameTheEngineTakesFromTheSeamIsClassified, TestEveryNameTheEngineTakesFromTheSeamIsClassified, TestThePackageExposesExactlyTheSurfaceTheSeamNeeds
G16 delivery keeps going after a fault (old F10, now on the production body)	CAUGHT	3 failing: TestAFaultInOneScopeStopsTheCycleBeforeTheNext, TestAScopeFaultStopsTheCycleBeforeTheNextScope, TestAFaultInOneScopeStopsTheCycleBeforeTheNext
G17 claimed scope stops the cycle instead of being skipped	CAUGHT	2 failing: TestASkippedScopeDoesNotStopTheNextOne, TestASkippedScopeDoesNotStopTheNextOne
# --- 추가 판(--only ^G18, 하네스에 G18 을 더한 뒤 별도 실행) ---
TREE	HEAD 0e5cb08f128827561f5bdeb05365f7a4943d47a7 (git archive) + own: internal/strategyhandoff/handoff.go,internal/strategyhandoff/escape_test.go,internal/strategyhandoff/mint_census_test.go,internal/strategyhandoff/owner_scope_axes_test.go,internal/strategyhandoff/dependency_closure_test.go,internal/app/engine/strategy_market_handoff_delivery.go,internal/app/engine/strategy_entry_supervisor.go,internal/app/engine/strategy_dispatch_handoff_guard_test.go,internal/app/engine/a112_owner_scope_handoff_test.go,internal/app/engine/a112_owner_scope_delivery_test.go,internal/app/engine/a112_market_delivery_structure_test.go
CONTROL	GREEN	
G18 B2 count condition removed — both orders must fail (old F14; fixture order by orders, coordinator order by the message)	CAUGHT	2 failing: TestTwoOwnerScopesStillPlaceNothingBecauseTheFirstLegGuardRefuses/fixture_order_(original_scope_first), TestTwoOwnerScopesStillPlaceNothingBecauseTheFirstLegGuardRefuses/coordinator_order_(000660_first)
# --- 수동 확인(격리 사본, 태그 스위트 -run TestTwoOwnerScopesStill, 줄 단위 실패 자리) ---
# G10(B2 가 늘 거절): 두 하위 시험 모두 a112_owner_scope_handoff_test.go:177 「control: a single-scope market was refused by the same sentence」 에서만 실패 — 대조 절반 단독 판별 확인
# G18(개수 조건 제거): fixture 순서 :152 「placed 1 orders」, 조정자 순서 :157 「first scope error = … production risk authority scope changed …」 — 보이스 A 의 조정자 순서 탐침(:221 · :228 이 대신 막음)과 일치
