TREE	HEAD cba3383e	uncommitted: internal/riskbucket/a066_fill_branch_gaps_test.go (new)
CONTROL	GREEN	
B4	CAUGHT	TestA066ApplyFillTargetHeldShapeIsRefused
B6	SURVIVED	
B13	CAUGHT	TestA066ApplyFillSameFillIDWithAnotherWatermarkIsRefused
B15	CAUGHT	TestA066ApplyFillRetryWithStillUnknownActualIsADuplicateNoOp
B17	CAUGHT	TestA066ApplyFillCorruptStoredFillRecordIsRefusedOnCompletion
B18	CAUGHT	TestA066ApplyFillCorruptStoredFillRecordIsRefusedOnCompletion
B22	CAUGHT	TestA066ApplyFillCompletionOverflowIsRefused
B24	CAUGHT	TestA066ApplyFillNonIncreasingCumulativeIsRefused
B34	CAUGHT	TestA066ApplyFillHeldDeductionIsCappedAtHeldAndLatchesOverage
rec B5	CAUGHT	TestA066ApplyFillUsageOverflowInOverageIsRefused
rec B7	CAUGHT	TestA066ApplyFillCorruptSharedUsageIsRefusedOnBothPaths
rec B8	CAUGHT	TestA066ApplyFillUsageOverflowInOverageIsRefused
B32 alone	SURVIVED	
B6+B32 together	CAUGHT	TestA066ApplyFillTargetHeldShapeIsRefused
