TREE	HEAD 83234affb6e208b754344824a322ffac141332ef (git archive) + own: internal/app/engine/a112_first_leg_owner_scope_seal_test.go,internal/app/engine/a112_owner_scope_handoff_test.go,internal/app/engine/a112_owner_scope_trading_test.go,internal/app/engine/a112_scope_refusal_census_test.go,internal/app/engine/strategy_account_first_leg_authority.go,internal/app/engine/strategy_dispatch_cycle.go,internal/app/engine/strategy_dispatch_handoff_guard_test.go,internal/app/engine/strategy_entry_supervisor.go,internal/app/engine/strategy_first_leg_admission.go,internal/app/engine/strategy_owner_scope_authority.go,internal/app/engine/strategy_risk_authority.go,internal/app/engine/strategy_risk_authority_test.go,internal/riskbucket/production_snapshot_authority.go
CONTROL	GREEN	[./internal/app/engine pass events 60] [./internal/app/engine pass events 8] [./internal/riskbucket pass events 122]
Y01 sentinel removed at the out-of-policy symbol site	CAUGHT	2 failing: TestARiskScopeOutsideTheSignedPolicyIsRefusedAloneInEitherOrder/fixture_order, TestARiskScopeOutsideTheSignedPolicyIsRefusedAloneInEitherOrder/coordinator_order_(000660_first)
Y02 sentinel removed at the scope latch site	CAUGHT	1 failing: TestAScopeLatchIsRefusedAloneButALatchReadFaultStops
Y03 sentinel widened onto the latch read fault	SURVIVED	
Y04 sentinel widened onto every ledger-entry fault	CAUGHT	1 failing: TestACorruptLedgerRowStopsTheCycleWithItsCause
Y05 bind cause flattened again (%v)	CAUGHT	2 failing: TestARiskScopeOutsideTheSignedPolicyIsRefusedAloneInEitherOrder/fixture_order, TestARiskScopeOutsideTheSignedPolicyIsRefusedAloneInEitherOrder/coordinator_order_(000660_first)
Y06 engine risk loader stamps every failure scope-local	CAUGHT	1 failing: TestACorruptLedgerRowStopsTheCycleWithItsCause
Y07 risk classifier calls every cause scope-local	CAUGHT	1 failing: TestACorruptLedgerRowStopsTheCycleWithItsCause
Y08 a scope the risk authority does not hold becomes scope-local	CAUGHT	3 failing: TestTheFirstLegSealSelectsByScopeInATwoScopePair, TestAScopeTheRiskAuthorityDoesNotHoldIsAFaultInEitherOrder/fixture_order_(original_scope_first), TestAScopeTheRiskAuthorityDoesNotHoldIsAFaultInEitherOrder/coordinator_order_(000660_first)
Y09 account ctx fault classified scope-local	BUILD-FAIL	0 failing:  | internal/app/engine/strategy_owner_scope_authority.go:64:3: declared and not used: fault | internal/app/engine/strategy_owner_scope_authority.go:64:3: declared and not used: fault
Y10 every account failure classified as a fault	BUILD-FAIL	0 failing:  | internal/app/engine/strategy_owner_scope_authority.go:64:3: declared and not used: fault | internal/app/engine/strategy_owner_scope_authority.go:64:3: declared and not used: fault
Y11 account loader ignores its own context after a failure	CAUGHT	1 failing: TestAnAccountLoadThatFailsUnderACancelledContextIsAFault
Y12 unactivated count gate removed	CAUGHT	1 failing: TestAnUnactivatedMultiEntryPairIsStillRefusedAtTheFirstLeg
Y13 count gate applied to activated markets too	CAUGHT	14 failing: TestTheFirstLegSealRefusesEveryForgeryAxis/two-scope_pair, TestTheFirstLegSealRefusesEveryForgeryAxis/two-scope_pair,_coordinator_order, TestTheFirstLegSealSelectsByScopeInATwoScopePair, TestAScopeTheRiskAuthorityDoesNotHoldIsAFaultInEitherOrder/fixture_order_(original_scope_first), TestAScopeTheRiskAuthorityDoesNotHoldIsAFaultInEitherOrder/coordinator_order_(000660_first), TestAnActivatedTwoScopeMarketIssuesOneFirstLegPerScope, TestTheSecondLegOfOneCycleCountsTheFirstLegsHeldReservation, TestAScopeWithoutItsOwnAccountAuthorityIsRefusedAloneAndRecorded …
M14 unkeyed first leg no longer refused — expected to SURVIVE (unreachable: the seal's selection already normalises the key)	SURVIVED	
Y15 worker promotion skips the scope's risk readiness	CAUGHT	1 failing: TestAWorkerPromotesOnlyOnAScopeWithBothAuthorities/000660_without_risk_authority
Y16 worker promotion skips the scope's account readiness	CAUGHT	1 failing: TestAWorkerPromotesOnlyOnAScopeWithBothAuthorities/000660_without_account_authority
Y17 worker expiry from the first ready scope again	CAUGHT	1 failing: TestAWorkerOverTwoReadyScopesExpiresWithItsEarliestAccountScope
Y18 account identity not bundled over scopes	CAUGHT	1 failing: TestAWorkerOverTwoReadyScopesExpiresWithItsEarliestAccountScope
Y19 admit drops the collection cause	CAUGHT	6 failing: TestAScopeWithoutItsOwnAccountAuthorityIsRefusedAloneAndRecorded, TestARiskScopeOutsideTheSignedPolicyIsRefusedAloneInEitherOrder/fixture_order, TestARiskScopeOutsideTheSignedPolicyIsRefusedAloneInEitherOrder/coordinator_order_(000660_first), TestACorruptLedgerRowStopsTheCycleWithItsCause, TestAScopeLatchIsRefusedAloneButALatchReadFaultStops, TestAnAccountLoadCancelledByItsContextStopsTheCycle
Y20 dispatch flattens the collection cause (%v)	CAUGHT	6 failing: TestAScopeWithoutItsOwnAccountAuthorityIsRefusedAloneAndRecorded, TestARiskScopeOutsideTheSignedPolicyIsRefusedAloneInEitherOrder/fixture_order, TestARiskScopeOutsideTheSignedPolicyIsRefusedAloneInEitherOrder/coordinator_order_(000660_first), TestACorruptLedgerRowStopsTheCycleWithItsCause, TestAScopeLatchIsRefusedAloneButALatchReadFaultStops, TestAnAccountLoadCancelledByItsContextStopsTheCycle
Y21 dispatch types a cause-less refusal as a scope refusal (non-nil wrap — review B #7)	CAUGHT	2 failing: TestAnActivatedTwoScopeMarketIssuesOneFirstLegPerScope, TestTheScopeRefusalTypeIsMadeOnlyWhereTheCensusSaysItIs
Y22 delivery skips every fault (J4 misclassification, carried from X01)	CAUGHT	9 failing: TestAScopeTheRiskAuthorityDoesNotHoldIsAFaultInEitherOrder/coordinator_order_(000660_first), TestAScopeFaultStopsTheCycleBeforeTheNextScope, TestAForgedScopeStopsTheCycleBeforeTheNextValidScope, TestACorruptLedgerRowStopsTheCycleWithItsCause, TestAnAccountLoadCancelledByItsContextStopsTheCycle, TestOnlyATypedScopeRefusalIsSkippedEveryOtherFaultStops/journal, TestOnlyATypedScopeRefusalIsSkippedEveryOtherFaultStops/gateway, TestOnlyATypedScopeRefusalIsSkippedEveryOtherFaultStops/central …
