TREE	HEAD d54f4dca0475ae61795cc71d110b54dea1f04784 (git archive) + own: internal/breakoutlane/machine.go,internal/breakoutlane/a112_rvol_counterfactual_test.go
CONTROL	GREEN	[./internal/breakoutlane pass events 119]
CF-01 the counterfactual record is suppressed (block deleted)	CAUGHT	2 failing: TestTheOnePointTwoCounterfactualRecordsABarThatOnlyTheLowerThresholdWouldAdmit/RVOL_exactly_1.2,_close_and_wick_qualify, TestTheOnePointTwoCounterfactualRecordsABarThatOnlyTheLowerThresholdWouldAdmit/RVOL_one_ppm_under_admission
CF-02 threshold swapped 1.2 -> admission (1.5)	CAUGHT	2 failing: TestTheOnePointTwoCounterfactualRecordsABarThatOnlyTheLowerThresholdWouldAdmit/RVOL_exactly_1.2,_close_and_wick_qualify, TestTheOnePointTwoCounterfactualRecordsABarThatOnlyTheLowerThresholdWouldAdmit/RVOL_one_ppm_under_admission
CF-03 threshold swapped 1.2 -> 2.0	CAUGHT	2 failing: TestTheOnePointTwoCounterfactualRecordsABarThatOnlyTheLowerThresholdWouldAdmit/RVOL_exactly_1.2,_close_and_wick_qualify, TestTheOnePointTwoCounterfactualRecordsABarThatOnlyTheLowerThresholdWouldAdmit/RVOL_one_ppm_under_admission
CF-04 threshold one ppm high	CAUGHT	1 failing: TestTheOnePointTwoCounterfactualRecordsABarThatOnlyTheLowerThresholdWouldAdmit/RVOL_exactly_1.2,_close_and_wick_qualify
CF-05 threshold exclusive	CAUGHT	1 failing: TestTheOnePointTwoCounterfactualRecordsABarThatOnlyTheLowerThresholdWouldAdmit/RVOL_exactly_1.2,_close_and_wick_qualify
CF-06 wick veto dropped from the counterfactual	CAUGHT	1 failing: TestTheOnePointTwoCounterfactualRecordsABarThatOnlyTheLowerThresholdWouldAdmit/wick_one_ppm_over_the_veto
CF-07 breakout close dropped from the counterfactual	CAUGHT	1 failing: TestTheOnePointTwoCounterfactualRecordsABarThatOnlyTheLowerThresholdWouldAdmit/close_inside_the_buffer_(no_breakout_close)
CF-08 the counterfactual writes the admission flag instead	CAUGHT	3 failing: TestTheOnePointTwoCounterfactualRecordsABarThatOnlyTheLowerThresholdWouldAdmit/RVOL_exactly_1.2,_close_and_wick_qualify, TestTheOnePointTwoCounterfactualRecordsABarThatOnlyTheLowerThresholdWouldAdmit/RVOL_one_ppm_under_admission, TestRVOLAdmissionAndCounterfactualBoundaries
CF-09 the counterfactual also changes the decision (adds a transition)	CAUGHT	3 failing: TestTheOnePointTwoCounterfactualRecordsABarThatOnlyTheLowerThresholdWouldAdmit/RVOL_exactly_1.2,_close_and_wick_qualify, TestTheOnePointTwoCounterfactualRecordsABarThatOnlyTheLowerThresholdWouldAdmit/RVOL_one_ppm_under_admission, TestTheBreakoutTransitionProducersAreExactlyTheCensus
CF-10 the admitted path's 1.2 flag is swapped to 2.0 (admitted path must stay)	CAUGHT	2 failing: TestTheAdmittedBreakoutPathIsUnchangedByTheCounterfactual, TestEvaluatorDerivesOnlyCompleteClosedBarPathToProposal
