# go test -json -timeout 60m -count=1 ./internal/journal/ at 102d4e99; package pass 827.713s; tests 948
TestEvaluatedEventRequiresExactFlattenedTuple	pass	20.39
TestRefuseClaimedStrategyDispatchPreTransportRejectsCrossScopePairedKRUS	pass	16.41
TestLegacyEventRequiresEveryV10ColumnToBeNull	pass	13.63
TestEntryLossLockRefusesEveryEntrySiteOnlyInItsOwnScope	pass	12.87
TestBeginStrategyDispatchSubmittingPairedKRUSAuthorityDriftRefusesAndReleases	pass	12.76
TestRawFirstLegBindingMismatchMatrixRejectsKRAndUS	pass	11.69
TestTheFullTransitionMatrix	pass	9.97
TestSeedRejectsEveryPartialV10OutputColumn	pass	8.93
TestStrategyProductionIssuanceRejectsEveryDivergentLineageProjection	pass	8.15
TestA066EntryLossLockReleaseRefusals	pass	6.6
TestA066StaleUsageIsJudgedPerDimension	pass	6.57
TestFutureLeaseRejectsCancelledOrBlockedKRAndUSFirstLeg	pass	6.57
TestExitEventReadRejectsForgedArmSuppressionEvidence	pass	5.98
TestDispatchStrategyVerifiedPairedKRUSRefusalAndAmbiguityMatrix	pass	5.83
TestV21TriggerRefusesEveryMalformedReferenceShape	pass	5.62
TestA111RefreshRejectsSeedAndEveryStrongerOrIncompatibleCandidateWithoutWriting	pass	5.58
TestA066StaleUsageRuleEdgesAtBothAdmissionSites	pass	5.36
TestFirstLegBindingIsImmutableAndRequiredByFutureLease	pass	5.35
TestRunTransportFaults	pass	5.16
TestStrategyRecoveryClassifiesOneCoreAttemptExactly	pass	5.08
TestRefuseClaimedStrategyDispatchPreTransportIntegrityRollbackPairedKRUS	pass	4.73
TestA066OverageLatchReleaseRefusals	pass	4.64
TestOneSenderAloneDecidesExactlyAsBefore	pass	4.5
TestClaimStrategyDispatchLeasePairedKRUSRefusesExpiredChangedCrossMarketAndStaleOwner	pass	4.41
TestRiskBucketOwnerReleaseBlocksTerminalButDirtyEvidence	pass	4.28
TestA111RefreshRejectsInvalidRequestsBeforeStartingAWrite	pass	4.14
TestAFailedAttemptsReadLeavesTheLedgerAsItWas	pass	3.91
TestStrategyEvidenceGoGuardRefusesBeforeSQL	pass	3.84
TestEachTriggerEscalatesImmediatelyAndDurably	pass	3.55
TestResolveCurrentOrderIDScopedIgnoresEarlierReplacementOutsideCanonicalScope	pass	3.38
TestStrategyDispatchLeaseSchemaRequiresExactQFinalAuthorityAndHolds	pass	3.17
TestStrategyDispatchColdRestartDiscoversOldIssuedClaimedAndSubmitting	pass	3.11
TestAdoptPositionRefusesAnUnusableT0	pass	3.06
TestStrategyEvidenceLineageRejectsPartialOrMalformedReference	pass	3
TestClaimStrategyDispatchLeaseReleaseCardinalityMismatchRollsBackKRUS	pass	2.88
TestClaimStrategyDispatchLeaseRepeatsLiveAttemptStrategyAndClientJoinsKRUS	pass	2.8
TestA066SubmitRevalidationRefusesALatchTakenAfterIssuance	pass	2.71
TestStrategyEvidenceReadBoundaryRefusesAMalformedStoredReference	pass	2.67
TestOrderableSnapshotMustArmItsExactProposal	pass	2.62
TestA066KRUSFailureIsolation	pass	2.49
TestCampaignReplayBindsImmutableIdentityAndDurableClaim	pass	2.37
TestEntryLossLockRefusesTheStrategyFirstLegAdmission	pass	2.31
TestOrphanSweepDoesNotReleaseReservationAcrossTerminalScope	pass	2.25
TestA066AuditLineBeforeCommitIsAnAttemptAndACommitFailureIsCompensated	pass	2.16
TestDispatchStrategyVerifiedReleasesTerminalACKWindowRemaindersPairedKRUS	pass	2.13
TestFirstLegAtomicAdmissionLateStatementFailuresRollbackEveryFamily	pass	2.13
TestEvaluatedTupleRequiresEveryNonOptionalFlattenedColumn	pass	2.12
TestExitSnapshotWriteStagesRollbackAsOneTransaction	pass	2.01
TestRefuseClaimedStrategyDispatchPreTransportReplayAndConcurrencyPairedKRUS	pass	1.92
TestA066SharedBucketStaleSnapshotIsRefusedAtAnyPrice	pass	1.9
TestRefuseClaimedStrategyDispatchPreTransportNormalizesSafePartialReleasePairedKRUS	pass	1.9
TestBrokerOrderExitLinksFailsClosedOnlyWhenLineageExceedsDepthBound	pass	1.87
TestLinkCampaignOrderAmbiguityAndQuantityAuthorityLatch	pass	1.87
TestA066FreshScaleInReusesTheOwnerOnlyAfterStateAndBucketIdentityMatch	pass	1.84
TestCampaignReplayDetectsCompleteProjectionDrift	pass	1.8
TestRiskBucketAdmissionRejectsSnapshotReferenceEvidenceTamperWithoutWrites	pass	1.73
TestWeeklyFirstLegRequiresExactReservationAndNonWeeklyCannotSmuggleOne	pass	1.71
TestFirstLegAtomicAdmissionRejectsCallerTokenAndCrossMarketSubstitution	pass	1.67
TestStrategyPlanRejectsEveryDivergentReplay	pass	1.65
TestFlattenIsNeverGatedByTheMode	pass	1.64
TestStrategyProductionIssuanceRejectsNonCanonicalDecisionPayload	pass	1.62
TestNonConfirmedFillDoesNotEnterTradeOutcome	pass	1.6
TestReusedOrderIDDoesNotContaminateLaterDayTradeOutcome	pass	1.53
TestA066LatchReleaseOfAnOwnerThatIsGoneIsStale	pass	1.5
TestAQuarantineTheSelectorNeverDecidedIsNotReJudged	pass	1.5
TestA066OwnerBindUnreadableFillDeltaLatchesEntryWithoutBlockingTheFill	pass	1.48
TestA066FillTransitionUsesTheSmallestDecisionLimitPerBucket	pass	1.47
TestExitSnapshotTransactionSurvivesSIGKILLAtomically	pass	1.46
TestAdoptedOutcomeIgnoresTheCostBasisEntirely	pass	1.43
TestBrokerOrderExitLinksUsesCollisionFreeOpaqueLineagePaths	pass	1.39
TestA066RelaxationRecordsAreAppendOnly	pass	1.37
TestExecutionCorrectionsScopedRequiresPreexistingUniqueConfirmedOwner	pass	1.37
TestQFinalIssuanceDivergentReplayFailsClosedWithoutDuplicateAuthority	pass	1.37
TestLegacyJudgementRejectsEveryArmSuppressionReason	pass	1.36
TestA066SubmitRevalidationRefusesOwnerAndScopeLatches	pass	1.34
TestAttemptTransitionsAppendHistory	pass	1.33
TestLegacySnapshotWithCrossAccountOrSideOwnersFailsClosed	pass	1.33
TestLinkCampaignOrderUsesAuthoritativeAttemptAndUniqueOrderScope	pass	1.33
TestA066SharedBucketAdmissionIsCappedByTheSmallestRecordedLimit	pass	1.32
TestOpenRefusesCorruptDatabase	pass	1.31
TestCampaignZeroAndPartialUnchangedTerminalObservationsCancelResidualIdempotently	pass	1.31
TestEntryLossLockAccountFormIsTheDecisionBuildersForm	pass	1.29
TestAckIdentifiersAreStoredVerbatim	pass	1.29
TestA066ReleasedProspectiveGenerationCannotBeReacquired	pass	1.28
TestA066RevalidateReportsNotRequiredForNonQFinalDecisions	pass	1.28
TestFillEventsScopedRequiresPreexistingUniqueConfirmedOwner	pass	1.28
TestBeginStrategyDispatchSubmittingRollbackIsAtomicKRUS	pass	1.28
TestMigrationV26AddsPairedFirstLegAuthorityWithoutChangingV25Rows	pass	1.28
TestOpenFillsTheDefaultLease	pass	1.27
TestBeginStrategyDispatchSubmittingConcurrentCASAtMostOneKRUS	pass	1.27
TestA066SharedBucketSecondAdmissionAtAnotherPriceIsCappedNotCollided	pass	1.25
TestFutureLeaseAcceptsExactKRAndUSFirstLegBinding	pass	1.25
TestA066LatchedUsageInASharedBucketBlocksNewEntry	pass	1.24
TestBeginStrategyDispatchSubmittingPairedKRUSCurrentAuthority	pass	1.23
TestGapScanFindsOnlyDecisionsPastTheWriteDeadline	pass	1.22
TestOpenReadOnlyRejectsDamagedV20CampaignSchema	pass	1.19
TestDetachedWALLosesCommittedRecord	pass	1.18
TestExposureAdmissionReadsPositionAndPendingRiskReduction	pass	1.18
TestPositionPolicyLifecycleAndAuditSurviveSIGKILLAtomically	pass	1.17
TestCreatePositionCampaignRequiresExactStrategyDecisionLineage	pass	1.16
TestMigrationV15TransactionBoundariesSurviveSIGKILL	pass	1.12
TestFailedV10MigrationRollsBackDDLMetadataAndUserVersion	pass	1.11
TestRiskBucketReplacementRequiresOneExactActivePredecessor	pass	1.11
TestBeginStrategyDispatchSubmittingReleaseCardinalityMismatchRollsBackKRUS	pass	1.11
TestFirstLegRouterIdentityIsRequiredAndReplayBoundKRUS	pass	1.1
TestRiskBucketOwnerReleasedReplayRequiresExactSealedReceiptAndEvent	pass	1.08
TestBeginStrategyDispatchSubmittingPairedKRUSStaleOwnerAndRecoveryRefusal	pass	1.07
TestFailedV6MigrationLeavesTheJournalRestorable	pass	1.05
TestReconcileActiveUnique	pass	1.04
TestMigrationV13CommitAndUserVersionSurviveSIGKILL	pass	1.03
TestDispatchStrategyVerifiedClosesACKFillRaceInOneCompositeTxPairedKRUS	pass	1.03
TestDispatchStrategyVerifiedLateFailureRollsBackCompositePairedKRUS	pass	1.03
TestClosedStrategyTradeSourcesUsesExclusiveLowerInclusiveUpperAndStableOrder	pass	1.02
TestA066SharedBucketOverageFromOneOwnersActualFillIsLatched	pass	1.01
TestDispatchStrategyVerifiedPreventsOwnerTakeoverBetweenSubmittingAndBrokerKRUS	pass	1.01
TestDispatchStrategyVerifiedRequiresOfficialVerifierBeforeMutationPairedKRUS	pass	1.01
TestMigrationV12CommitAndUserVersionSurviveSIGKILL	pass	1
TestA111MaxExitObservationCycleIgnoresEveryOutOfScopeEvidenceShape	pass	0.99
TestMigrationV9ToV10IsAdditiveNullableAndPreservesRows	pass	0.98
TestMigrationV33ToV34KeepsLegacyReservationsReadable	pass	0.98
TestRecoverClaimedStrategyDispatchLeaseClosesPreparedCoreInSameCommitKRUS	pass	0.98
TestRecoverClaimedStrategyDispatchLeaseRejectsSubmittingWithoutReleaseKRUS	pass	0.98
TestAttemptRefuseClaimedStrategyPreTransportIsOneCommitPairedKRUS	pass	0.98
TestRecoverClaimedStrategyDispatchLeaseRollbackIsAtomicKRUS	pass	0.97
TestRefuseClaimedStrategyDispatchPreTransportRejectsInvalidReasonPairedKRUS	pass	0.97
TestReservationsAwaitingOperatorUsesOnlyExactScopedFailClosedSnapshot	pass	0.96
TestRiskBucketOwnerBindsAuthoritativePositionGenerationForKRAndUS	pass	0.96
TestA066LateFillOverageLatchesEveryBucketOnceAndTheExitStaysOpen	pass	0.95
TestMigrationV12ToV13IsAdditiveAndPreservesExistingRows	pass	0.95
TestAttemptRefuseClaimedStrategyPreTransportRollsBackCoreAndClaimPairedKRUS	pass	0.94
TestLoadStrategyDispatchLeasePreservesEqualTimestampsPairedKRUS	pass	0.93
TestRefuseClaimedStrategyDispatchPreTransportRejectsOwnerABAPairedKRUS	pass	0.93
TestIssueVerifiedFirstLegStrategyDispatchLeasePairsKRUS	pass	0.92
TestRefuseClaimedStrategyDispatchPreTransportPairedKRUS	pass	0.92
TestA066OwnerReleaseOpensOnlyAfterTheOverageLatchRelease	pass	0.9
TestClosedStrategyTradeSourcesNeverChoosesAZeroOrMultiFillOrDistractor	pass	0.9
TestClaimStrategyDispatchLeaseRollbackIsAtomic	pass	0.9
TestRecoverClaimedStrategyDispatchLeasePairedKRUSRefusesAndReleases	pass	0.9
TestStrategyDispatchBrokerOrderIDCannotCrossKRUSWithinAccount	pass	0.9
TestFailedMigrationLeavesTheJournalRestorable	pass	0.89
TestConcurrentRunsAreSerialised	pass	0.88
TestReadRiskBucketStateRejectsMissingReservationAndSnapshotRebinding	pass	0.88
TestRiskBucketAdmissionRejectsOwnerMarketAndSymbolBucketMismatchWithoutWrites	pass	0.87
TestMixedAggregatesCarryBothSampleCounts	pass	0.87
TestOutcomesAreSplitByWhatJustifiedThePosition	pass	0.86
TestPruneEntryObservationsDoesNotBlockTheOrderPath	pass	0.85
TestFirstLegAtomicAdmissionDoesNotRepairPartialQFinalAuthority	pass	0.85
TestA066NextOverLimitFillLatchesAgainAfterTheRelease	pass	0.83
TestDeliverySelectionPutsRowsBelowTheLimitFirst	pass	0.83
TestAccountTradeTripsJoinsOnlyWhatTheSchemaHolds	pass	0.83
TestAnAnalyticsFailureDoesNotRollBackTheClose	pass	0.83
TestTheOperatorReleasePathCannotStampMachineEvidence	pass	0.82
TestFailedV12MigrationRollsBackTablesAndUserVersion	pass	0.82
TestBrokerOrderExitLinksFollowsValidatedAmendDescendants	pass	0.81
TestOpenReadOnlyNamesTheMissingV21ColumnIndividually	pass	0.81
TestA066OverageLatchReleaseWithoutALatchIsStale	pass	0.8
TestLivePositionExitsCarriesEveryLivePositionAndItsEligibility	pass	0.8
TestAccountRefsNamesEveryAccountTheJournalHolds	pass	0.8
TestAdoptedOutcomeSumsEveryEngineSell	pass	0.8
TestAResolvedProposalDoesNotComeBackAfterARestart	pass	0.8
TestAGenuinelyAmbiguousJudgementIsStillQuarantined	pass	0.79
TestReleasingAQuarantineWritesNothingButTheQuarantineRow	pass	0.79
TestAccountExitEventsAreAccountWideAndOrdered	pass	0.79
TestExecutionCorrectionsRequireCanonicalScopeWhenOrderIDIsReused	pass	0.79
TestClosedStrategyTradeSourcesReturnsExactIdentifiersFactsAndNullableCost	pass	0.79
TestReusedOrderIDDoesNotAttachPriorDayFillToNewPositionProvenance	pass	0.79
TestABackfillRecoversTheGapAndRefusesToRewriteIt	pass	0.79
TestA066PartialFillCrashThenRetryCommitsEverythingExactlyOnce	pass	0.78
TestA066OverageLatchReleaseClearsOnlyRiskOverageAndIsAudited	pass	0.78
TestA066OverageLatchReleaseIsBoundToTheStateTheOperatorRead	pass	0.78
TestA066FillWithAMissingStateSealLatchesAndKeepsTheFill	pass	0.78
TestMigrationV30LeavesExistingQuarantinesUnstamped	pass	0.78
TestCampaignWithReplacementReconstructsFromEvidence	pass	0.78
TestA066ReadOnlyViewsShowWhatTheWriterSees	pass	0.77
TestA111CycleSequenceOrdersFrozenClockRefreshAndSurvivesRestart	pass	0.77
TestBrokerOrderExitLinksScopesCollidingIDsByAccountAndTradingDay	pass	0.77
TestBrokerOrderExitLinksFailsClosedForCycleBranchAndCrossAccountEdge	pass	0.77
TestAnAdoptedPositionTheEngineLiquidatedFreezesAnOutcome	pass	0.77
TestAdoptedOutcomeIncludesFlattenSells	pass	0.77
TestTheCumulativeFractionIsAgainstTheInitialQuantity	pass	0.77
TestRecoverPendingAppliesRestartRules	pass	0.77
TestASinglePopulationNeedsNoCaveat	pass	0.77
TestAnExternalPositionHasNoOutcome	pass	0.77
TestA066SharedUsageUnreadableKeepsTheFillAndLatches	pass	0.76
TestActiveQuarantinesCarryTheProtectionTheStoredSnapshotKeeps	pass	0.76
TestAQuarantineWithNoReadableSnapshotSaysSoRatherThanShowingBlank	pass	0.76
TestSeparateHandlesRaceForOnePendingRow	pass	0.76
TestCampaignFillDoesNotClearTheStopEntryLatch	pass	0.76
TestABuyFillLeavesTheTakenFractionAlone	pass	0.76
TestA066LatchReleaseKeepsOverageAmountsAndOtherGenerations	pass	0.75
TestAQuarantineFromADeadGenerationIsNotOffered	pass	0.75
TestAReleaseDoesNotConsumeTheLedgersAbilityToQuarantineAgain	pass	0.75
TestResidualCancelInOneObservationAgreesWithReconstruction	pass	0.75
TestClosedBoundGenerationBlocksTheNextEntryLeg	pass	0.75
TestTrackedFillOrdersScopeReusedLineageEndpointByAccount	pass	0.75
TestApplyPositionCampaignFillPreservesLatePredecessorExactlyOnce	pass	0.75
TestReEntryOpensTheNextInstanceAndKeepsTheOld	pass	0.75
TestA066OwnerBindZeroDeltaIsANoOpNotAGap	pass	0.74
TestAReJudgementReleasesOnlyTheRowThatEarnedIt	pass	0.74
TestA092RecordAlertLeavesAForeignLeaseAlone	pass	0.74
TestAPartlyEngineSoldAdoptedPositionFreezesNothing	pass	0.74
TestSavedMonotoneRecoveryCannotArmRecomputedOrder	pass	0.74
TestExitSnapshotCorruptionIsPerPositionAndNeverRecomputed	pass	0.74
TestANonTerminalFillDoesNotResolveTheProposal	pass	0.74
TestDirectLegacyBlankSnapshotIsNotAWildcardAcrossReusedDays	pass	0.74
TestNetPositionsJoinsReusedOrderIDOnlyWithinCanonicalScope	pass	0.74
TestRetentionDeletesOnlyWhatIsPastTheHorizon	pass	0.74
TestA066FillWithAMissingDecisionReservationLatchesAndKeepsTheFill	pass	0.73
TestTheFirstRungActivationIsRecordedRatherThanQuarantined	pass	0.73
TestAReleasedQuarantineLeavesTheActiveList	pass	0.73
TestANewQuarantineRecordsTheSelectorThatJudgedIt	pass	0.73
TestAQuarantineWrittenBeforeTheColumnReadsAsUnknown	pass	0.73
TestAnUnknownRevisionStillEarnsItsOneReJudgement	pass	0.73
TestAJudgementThatIsNotAReJudgementReleasesNothing	pass	0.73
TestAFailedV31MigrationLeavesTheJournalAtV30	pass	0.73
TestReadOnlyLinksBrokerOrdersToExitSnapshotsOnlyThroughTheAttemptIntent	pass	0.73
TestExitStatesEnumsAndDefaults	pass	0.73
TestRiskReservationsReleaseReasonCheck	pass	0.73
TestARefusalReArmsTheLevel	pass	0.73
TestAPartialSellMovesTheTakenFractionAndResolvesTheProposal	pass	0.73
TestAFillFromAnotherIntentDoesNotResolveTheProposal	pass	0.73
TestClosingThePositionCompletesTheExitState	pass	0.73
TestScopedTerminalStateDoesNotHideAnotherAccountsLiveReusedOrder	pass	0.73
TestTrackedAndLiveOrdersAllowReusedIDInDifferentSymbolAndSideScopes	pass	0.73
TestTrackedFillOrdersUseScopedLineageWhenTheSamePairIsReused	pass	0.73
TestMigrationV34ToV35KeepsExistingLocksInForceAndSwapsTheTrigger	pass	0.73
TestAnAmendmentKeepsOneInstance	pass	0.73
TestStrategyPlanConcurrentDuplicateHasOneWriterAndExactReplays	pass	0.73
TestAQuarantineFromTheCurrentSelectorIsNotReJudged	pass	0.72
TestARollbackDoesNotLetAnOlderSelectorOverturnANewerRefusal	pass	0.72
TestBrokerOrderExitLinksRefusesIncompleteAmendEvidence	pass	0.72
TestAFailingExitHookRollsBackTheProjectionToo	pass	0.72
TestApplyHooksSkipRefusedAndNoOpSnapshots	pass	0.72
TestWriteTransactionsUseBeginImmediate	pass	0.72
TestTheIntentIsAttachedAfterItIsMinted	pass	0.72
TestARefusedProposalIsReArmedAfterARestart	pass	0.72
TestLiveOrdersForSymbolKeepsAReusedCurrentDayOrderAfterThePriorDayTerminal	pass	0.72
TestAMovedFillWatermarkIsDiscardedEvenWhenTheQuantityMatches	pass	0.72
TestTheFillWatermarkIsPerSymbol	pass	0.72
TestAReQuarantineDoesNotClaimAReJudgementThatDidNotHappen	pass	0.71
TestAnOperatorOnlyQuarantineSurvivesAGenuineReJudgement	pass	0.71
TestClaimingAnUndeliveredAlertStillOwesDelivery	pass	0.71
TestA111RefreshIsIdempotentAndDurableAcrossRestart	pass	0.71
TestA111OperationalEqualityChecksEveryD1FieldUsingEvaluatorGeneratedDonors	pass	0.71
TestA111SameCycleRaceLeavesExactlyOneCompleteWinner	pass	0.71
TestBrokerOrderExitLinksDoesNotExpandWideBranchingLineage	pass	0.71
TestPendingStateReadsWhatTheApplyPointOwns	pass	0.71
TestExitSnapshotPersistsWholeRecoveryCandidates	pass	0.71
TestAttachingWithNothingArmedIsRefused	pass	0.71
TestTrackedFillOrders	pass	0.71
TestTrackedFillOrdersDoNotBindLegacyLineageSnapshotAcrossReusedDays	pass	0.71
TestClosedStrategyTradeSourcesRejectsInvalidWindowAndPersistedData	pass	0.71
TestMigrationV21PreservesV20RowsWithoutInventingSnapshotLineage	pass	0.71
TestTheOutcomeIsFrozenInTheClosingTransaction	pass	0.71
TestTradeOutcomesAreScopedToTheAccount	pass	0.71
TestClaimingAnAcknowledgedAlertFollowsTheSameWindow	pass	0.7
TestA111RefreshRejectsCompletedStateWithoutReopeningIt	pass	0.7
TestApplyHooksRunInsideTheFillTransaction	pass	0.7
TestExposureRefusalAtLinkLeavesRefusalEvidence	pass	0.7
TestExitStatesPendingColumnsAreFree	pass	0.7
TestFillEventsRequireCanonicalScopeWhenOrderIDIsReused	pass	0.7
TestTrackedAndLiveOrdersKeepTwoNonterminalReusedTradingDays	pass	0.7
TestConfirmedCancelDoesNotBecomeASecondOrderOwner	pass	0.7
TestResolveCurrentOrderIDScopedRejectsMultipleChildrenInOneScope	pass	0.7
TestTheProjectionRunsTheWholeRoundTrip	pass	0.7
TestAnotherDecisionsFillsAreNotThisPositionsProvenance	pass	0.7
TestMigrationV21AddsExactlyTwoColumnsAndTwoTriggersAndNothingElse	pass	0.7
TestClassificationSurvivesTheAggregateBeingDerived	pass	0.7
TestAnUnpricedFillLeavesNoOutcome	pass	0.7
TestA066KRUSConcurrentContract	pass	0.69
TestA066LatchReleaseRefusesAnOwnerWhoseLedgerLeftItsSeal	pass	0.69
TestA066AdmissionRefusalNamesAnOwnerOverageLatch	pass	0.69
TestASettledStampInTheFutureStillOwesDelivery	pass	0.69
TestA111RefreshCannotOverwriteAConcurrentStrongerJudgement	pass	0.69
TestA111OfficialRefreshTemporalCASIsNoWriteForOlderOrAmbiguousEvidence	pass	0.69
TestA111EqualTimeOfficialEvidenceOutranksCycleButNotTheReverse	pass	0.69
TestA111RefreshPreservesTheExistingPolicyAndGenerationOnAValidCandidate	pass	0.69
TestBrokerOrderExitLinksTreatsBrokerOrderIDsAsOpaqueBytes	pass	0.69
TestBrokerOrderExitLinksAttributesOnlyConfirmedPlaceAttempts	pass	0.69
TestCampaignHookRunsBetweenProjectionAndExitAndRollsBackAtomically	pass	0.69
TestKnownLegacyIdentityIsResolvedInMemoryWithoutBackfill	pass	0.69
TestTypedArmSuppressionPersistsOrderableSnapshotWithoutArming	pass	0.69
TestTheLadderPolicyIsChosenExplicitly	pass	0.69
TestASecondProposalIsRefusedWhileOneIsOutstanding	pass	0.69
TestAnArmedProposalSurvivesARestart	pass	0.69
TestLiveOrdersForSymbolUsesLegacyTerminalOnlyWithinItsMarket	pass	0.69
TestTrackedFillOrdersCarryLineage	pass	0.69
TestResolveCurrentOrderIDScopedPreservesSamePairReusedByAnotherAccountAndDay	pass	0.69
TestResolveCurrentOrderIDScopedRejectsLegacyAndV16ChildrenInOneScope	pass	0.69
TestAnAdjustmentConvergesAFrozenProjection	pass	0.69
TestCampaignFillRollbackAndRestartAreDeterministic	pass	0.69
TestAnOversellFreezesTheProjectionAndBlocksTheSymbol	pass	0.69
TestTheProvenanceChainReachesTheClose	pass	0.69
TestMutationsDispatchedSinceSeesOnlyRealOtherTraffic	pass	0.69
TestA092RecordAlertRearmsASettledRowPastTheWindow	pass	0.68
TestAnUnrecognisedAlertStateOwesDelivery	pass	0.68
TestAZeroReminderWindowNeverReArms	pass	0.68
TestA111RefreshAtomicallyReplacesTheCompleteTupleWithoutAnEvent	pass	0.68
TestTheJudgementIgnoresAListingThatWentStale	pass	0.68
TestBrokerOrderExitLinksFailsClosedForCrossAccountLineageEdge	pass	0.68
TestAFailingApplyHookRollsBackTheFill	pass	0.68
TestASmuggledApplyHandleIsDead	pass	0.68
TestApplyTxExecRefusesTheGuardedColumns	pass	0.68
TestReEntryAfterCloseIsAdmittedOnANewCampaign	pass	0.68
TestStaleRiskReducingIntentFromAClosedGenerationDoesNotBlockForever	pass	0.68
TestRunRefusesUnknownDispatchClass	pass	0.68
TestRecordExitJudgementRejectsProposalFromAnotherSnapshot	pass	0.68
TestOpeningWritesTheEntryStopAsTheBaseline	pass	0.68
TestArmingRecordsTheProposalBeforeItIsSubmitted	pass	0.68
TestACancelledRungIsProposableAgain	pass	0.68
TestTrackedFillOrdersSelectLatestTradingDayWhenAnAccountReusesAnOrderID	pass	0.68
TestOrderIDLatestDayPartitionKeepsBothMarketsInTheSameAccount	pass	0.68
TestTrackedFillOrdersRejectMalformedLegacyLineageOwnership	pass	0.68
TestLiveOrdersForSymbolRejectsDuplicateCanonicalOwner	pass	0.68
TestResolveCurrentOrderIDScopedRequiresConfirmedMatchingAmendOwnership	pass	0.68
TestResolveCurrentOrderIDScopedFallsBackToValidatedLegacyLineage	pass	0.68
TestExitSnapshotQuarantineIsGenerationScopedAndReleaseIsCAS	pass	0.68
TestMigrationV31ToV32StartsWithNoLaneLatched	pass	0.68
TestOutboxSurvivesTheV2Migration	pass	0.68
TestAnExternalHoldingOnAClosedSymbolOpensTheNextInstance	pass	0.68
TestAdjustmentsAreAppendOnly	pass	0.68
TestClosedCampaignLateFillStaysClosedAndLatchesReconcile	pass	0.68
TestCancelledProspectiveTokenIsNotReusedAndNextCASVersionCanCreate	pass	0.68
TestCampaignAggregateFillExcessLatchesReconcileWithoutTruncation	pass	0.68
TestA092RecordAlertInsideTheWindowOwesNothing	pass	0.67
TestReArmingResetsTheAttemptCount	pass	0.67
TestReArmingClearsThePreviousEpisodeTimestamps	pass	0.67
TestRecoveringAnUnknownStateIgnoresTheReminderWindow	pass	0.67
TestReArmingClearsTheLeaseOfThePreviousEpisode	pass	0.67
TestA111RefreshRejectsARealCurrentPendingProposalAndPreservesItsEvidence	pass	0.67
TestARearmedRowCountsFromZero	pass	0.67
TestAResultThatWroteNothingCarriesNoAttempts	pass	0.67
TestTakenRatioIsMonotoneAndBounded	pass	0.67
TestOperatingModesConstraints	pass	0.67
TestCrashAfterRecordedIntentSurvivesRestart	pass	0.67
TestCrashDuringUncommittedWriteLeavesNothing	pass	0.67
TestDecisionBindingIsImmutableAcrossTransitions	pass	0.67
TestMarkInDoubtFromDispatchStarted	pass	0.67
TestExitSnapshotOutputDigestRejectsForgedDerivedLine	pass	0.67
TestExitSnapshotDuplicateDecisionIsNotRearmed	pass	0.67
TestLegacyDetectionRequiresEveryV10ColumnToBeNull	pass	0.67
TestAJudgementAdvancesTheStateAndAppendsAnEvent	pass	0.67
TestADescendingBaselineIsRefusedByTheLedgerToo	pass	0.67
TestResolvingNothingIsNotAnError	pass	0.67
TestTheWorkingSetIsScopedToTheAccount	pass	0.67
TestMigrationV30ToV31LeavesExistingAlertsClaimable	pass	0.67
TestPreOwnerAndNonConfirmedFillsAreNotPositionProvenance	pass	0.67
TestStrategyLineageRestartReverseLookupAndAccountScope	pass	0.67
TestStrategyRecoveryCanPromoteCurrentInDoubtReceiptToDispatched	pass	0.67
TestA066AtMostOneOpenLockPerScopeIsEnforcedByTheSchema	pass	0.66
TestA066RecordedLimitCapUsesTheSmallestOfSeveral	pass	0.66
TestClaimingADeliveredAlertPastTheWindowIsReArmed	pass	0.66
TestReArmingCarriesTheCauseThatReArmedIt	pass	0.66
TestPendingAlertsProjectTheLeaseButNeverTheToken	pass	0.66
TestA111RefreshFailureRollsBackTheWholeTuple	pass	0.66
TestAFailedAttemptReturnsTheAttemptsItCommitted	pass	0.66
TestBrokerOrderExitLinksFailsClosedForPureSingleParentCycle	pass	0.66
TestUnresolvedRiskReducingIntentInTheLiveGenerationStillBlocks	pass	0.66
TestPositionAdjustmentsConstraints	pass	0.66
TestReObservedCorrectionIsDedupedByTheUniqueKey	pass	0.66
TestCorrectionCarriesTheAccountItBelongsTo	pass	0.66
TestResolveConfirmedWithLineageStoresTheIdentifierVerbatim	pass	0.66
TestRiskReservationAttemptForeignKey	pass	0.66
TestReadOnlyExposesTypedSavedRecomputedEffectiveAndFreshness	pass	0.66
TestASecondExitStateIsRefused	pass	0.66
TestAStopAtOrAboveEntryIsRefused	pass	0.66
TestScopedExternalSnapshotCannotTerminateOrOwnAFutureOrder	pass	0.66
TestAnAdjustmentAgainstAMovedQuantityIsDiscarded	pass	0.66
TestANewCostBasisFromTheAccountReplacesTheProjection	pass	0.66
TestReplacementPredecessorHasOneAuthoritativeSuccessor	pass	0.66
TestAmbiguousCampaignFillPreservesAuthoritativeFillTransaction	pass	0.66
TestZeroFillTerminalClosesCampaignAndReleasesClaim	pass	0.66
TestReusedOrderIDIsOwnedByTheObservedTradingDay	pass	0.66
TestOpenReadOnlyAcceptsCompleteJournalsBelowTheVersionGates	pass	0.66
TestMigrationV27AddsPairedWeeklyAuthorityWithoutChangingV26Rows	pass	0.66
TestA066EntryLossLockReleaseIsOperatorApprovedAuditedAndOpensEntry	pass	0.65
TestA092RecordAlertTakesNoLease	pass	0.65
TestReArmingClearsThePreviousAcknowledgement	pass	0.65
TestASettlementFromALostLeaseLeavesTheNewHolderAlone	pass	0.65
TestARecordedAlertCanBeClaimedImmediately	pass	0.65
TestA111RefreshExplicitlyRejectsAnIdenticalExecutableSnapshotWithoutWriting	pass	0.65
TestReadOnlyMarksDuplicateExitEvidenceAmbiguous	pass	0.65
TestAdoptPositionRefusesAnEngineEnteredPosition	pass	0.65
TestPositionsStateCheck	pass	0.65
TestTradeOutcomesFrozenRecord	pass	0.65
TestAmountOnlyCorrectionIsDetected	pass	0.65
TestAttemptForClientOrderID	pass	0.65
TestRunSkipsDispatchWhenTheJournalWriteFails	pass	0.65
TestObservationRecordsAllThreeOutcomes	pass	0.65
TestOpenExitStatePreservesPinnedRuntimePolicyIdentity	pass	0.65
TestAFillOnAPositionWithNoExitStateIsNotAnError	pass	0.65
TestTrackedFillOrdersScopeReusedOrderIDsByAccount	pass	0.65
TestLateParentFillStartsANewSequenceAfterExternalEvidenceAndReplacement	pass	0.65
TestUnresolvedInDoubtIsOperatorOnly	pass	0.65
TestResumeAttempt	pass	0.65
TestMigrationV11ToV12IsAdditiveAndPreservesExistingRows	pass	0.65
TestFailedV7MigrationLeavesTheJournalRestorable	pass	0.65
TestFailedV8MigrationLeavesTheJournalRestorable	pass	0.65
TestPruneRemovesRecordsOlderThanTheRetention	pass	0.65
TestLadderExitStateSnapshotsItsPolicyID	pass	0.65
TestPositionPolicyReadoptResetsExitStateAtFreshT0	pass	0.65
TestCollidingConfirmedOrderIdentityBlocksWithoutProjectingAPosition	pass	0.65
TestACorrectionMovesTheBasisAndNotTheQuantity	pass	0.65
TestWeeklyFirstLegBindsPairedKRUSReservationsAtomically	pass	0.65
TestTheReachedExitStageIsCopiedAtTheClose	pass	0.65
TestA066EntryScopeRuleBlocksOnEveryActiveReconcileRow	pass	0.64
TestA092RecordAlertZeroWindowNeverRearms	pass	0.64
TestClaimingADeliveredAlertInsideTheWindowOwesNothing	pass	0.64
TestEnqueueAlertKeepsItsContract	pass	0.64
TestTwoSendersReachingOnePendingRowLeaveWithOneRightToSend	pass	0.64
TestRecordingAFailedAttemptKeepsTheLease	pass	0.64
TestBrokerOrderExitLinksScopesCollidingIDsByMarket	pass	0.64
TestAdjustmentToZeroDoesNotCloseTwice	pass	0.64
TestPositionsInstanceUnique	pass	0.64
TestExitStatesRequiredColumns	pass	0.64
TestExitEventsAreAppendOnlyHistory	pass	0.64
TestUnobservedCorrectionValuesAreStoredAsEmptyNotNull	pass	0.64
TestLookupMissingDecision	pass	0.64
TestRunNilDispatch	pass	0.64
TestExecutionCorrectionsDedup	pass	0.64
TestAttemptClientOrderIDUniquePerAccount	pass	0.64
TestAThirdPolicyKindIsRefused	pass	0.64
TestADescendingWatermarkIsRefused	pass	0.64
TestAStateOnlyPromotionCannotBeArmed	pass	0.64
TestPendingAttempts	pass	0.64
TestResolveCurrentOrderIDScopedPreservesOpaqueBrokerOrderIDs	pass	0.64
TestSecondDispatchOnOneDecisionIsRefused	pass	0.64
TestSpentNonceSurvivesARestart	pass	0.64
TestAdjustmentRequestsAreValidatedBeforeAnythingIsWritten	pass	0.64
TestConcurrentProspectiveCampaignCreationHasOneWinner	pass	0.64
TestOpenReadOnlyDistinguishesTheTwoSchemaDirections	pass	0.64
TestReleasedOwnerLateFillBlocksFirstFreshAdmissionOnlyInExactMarket	pass	0.64
TestRealizedRIsNotThePriceR	pass	0.64
TestA066EntryReleaseBoundToAnotherScopesLockIsStale	pass	0.63
TestA066ReaffirmAfterTheOperatorLookedMakesTheReleaseStale	pass	0.63
TestClaimingAFreshAlertOwesDelivery	pass	0.63
TestARecordOnlyCallerDoesNotReArmADeliveredRow	pass	0.63
TestALeaseHolderWithAShorterLeaseCannotStealALiveClaim	pass	0.63
TestTheSameSenderNameCannotSettleAnEarlierLease	pass	0.63
TestAcknowledgingClearsTheLease	pass	0.63
TestA111RefreshRejectsARealReleasedLifecycleAndPreservesItsTuple	pass	0.63
TestAdjustmentToZeroClosesAnAdoptedPosition	pass	0.63
TestAdjustmentToZeroClosesAnEngineEnteredPosition	pass	0.63
TestAdoptPositionIsSetOnce	pass	0.63
TestAdoptPositionReplayIsIdempotent	pass	0.63
TestAdoptPositionRecordsAnAbsentCostBasis	pass	0.63
TestAveragePriceCorrectionIsRecordedWithoutAQuantityDelta	pass	0.63
TestFillSnapshotStoresTheOrderIdVerbatim	pass	0.63
TestBlankOrderIdIsStillRefused	pass	0.63
TestPrepareRejectsMutatedIntent	pass	0.63
TestPrepareValidation	pass	0.63
TestPrepareRejectsAccountRefMismatch	pass	0.63
TestPrepareRefusesAnUnpersistedDecision	pass	0.63
TestPrepareFailureBlocksSubmission	pass	0.63
TestObservationSurvivesTheDecisionItReferences	pass	0.63
TestObservationIsUniquePerDecision	pass	0.63
TestGapScanCountsWhatTheScheduleIsLosing	pass	0.63
TestRiskReservationsConstraints	pass	0.63
TestExecutionCorrectionsOrderForeignKey	pass	0.63
TestCallerFailClosedIsRecordedWithoutAdvancing	pass	0.63
TestLegacySnapshotCannotTerminateOrOwnAFutureReusedOrder	pass	0.63
TestTrackedFillOrdersIncludesConfirmedAttemptsNotYetObserved	pass	0.63
TestMigrationV13ToV14IsAdditiveAndPreservesLegacyRiskIntentBytes	pass	0.63
TestFailedV14MigrationRollsBackAndBacksUpV13	pass	0.63
TestCampaignStopCompositionPersistsCandidateAndNeverRetreats	pass	0.63
TestPositionPolicyCASAcrossCompetingProcessesHasOneWinner	pass	0.63
TestTheProjectionCarriesThePreviousSnapshotForItsCostBasis	pass	0.63
TestWhyDoesThisPositionExist	pass	0.63
TestRiskBucketLateFillCannotBindReopenedOwner	pass	0.63
TestA066AdmissionCalculatorRefusalWritesNothing	pass	0.62
TestA066RevalidateRefusesAMissingDimensionReservation	pass	0.62
TestAnExpiredClaimIsPickedUpByAnotherSender	pass	0.62
TestTheAccountViewsAreEmptyRatherThanFailingOnAnEmptyJournal	pass	0.62
TestAdjustmentToZeroLeavesAnUnmanagedPositionAlone	pass	0.62
TestAnAdoptedPositionWithNoEngineSellFreezesNothing	pass	0.62
TestUnboundHooksLeaveRecordFillUnchanged	pass	0.62
TestRepeatedPollOfACorrectedSnapshotChangesNothing	pass	0.62
TestCallerSuppliedAccountRefWins	pass	0.62
TestDecreasedQuantityStillFailsClosedWithAnAmount	pass	0.62
TestPrepareRefusesABindingTheDecisionDoesNotSay	pass	0.62
TestPrepareCommitsIntentAndRecordedAttempt	pass	0.62
TestPrepareRecordsAccountRefWithoutADecision	pass	0.62
TestIdempotencyKeyIsClaimedOnce	pass	0.62
TestSettleRequiresTerminalState	pass	0.62
TestLookupMissingRecords	pass	0.62
TestObservationWriteFailureLeavesTheLedgerAlone	pass	0.62
TestDecisionsSafetyClassCheck	pass	0.62
TestFillSnapshotFilledAmountDefault	pass	0.62
TestOpenExitStateRejectsASeedWhosePolicyMeaningDoesNotMatchItsID	pass	0.62
TestAPositionWithNoEntryDecisionIsNotManaged	pass	0.62
TestFirstObservationThatFailsClosedIsStillVisible	pass	0.62
TestAveragePriceIsReplacedNotAccumulated	pass	0.62
TestFractionalFillsUseTheDecimalTolerance	pass	0.62
TestRefusedReservationLeavesNoDecision	pass	0.62
TestIssuanceWithRecollectionConverges	pass	0.62
TestRecoverPendingIsIdempotent	pass	0.62
TestNonceIsSpentInTheDispatchTransaction	pass	0.62
TestAttemptWithoutADecisionSpendsNothing	pass	0.62
TestACrashBetweenCommitAndObservationIsRecoverable	pass	0.62
TestDegradationCountSurvivesAFullObservationStore	pass	0.62
TestLegacyLadderNullPolicyReadsAsDefaultV1	pass	0.62
TestCampaignCommandsExpectedVersionAndDeterministicRetry	pass	0.62
TestTheProjectionAndTheFillAreOneCommit	pass	0.62
TestAnExternalPositionHasNoEntryProvenance	pass	0.62
TestMarketScopedReconcilesEnterReadAndReleaseIndependently	pass	0.62
TestMigrationV32ToV33StartsWithNoEntryLossLock	pass	0.62
TestStrategyPlanRejectsDivergentExecutionReplay	pass	0.62
TestStrategyRecoveryMultipleCoreAttemptsIsDurableInDoubt	pass	0.62
TestA066StaleUsageIsRefusedOnceAndReEvaluatedOnTheNextWave	pass	0.61
TestA066RecordedLimitIncludesReleasedRowsThatStillCountFilledUsage	pass	0.61
TestA092RecordAlertRefusesAKeylessAlert	pass	0.61
TestAClaimJustIssuedIsNotStolenAtTheSkewBoundary	pass	0.61
TestAnAcknowledgedRowRefusesTheSendersSettlement	pass	0.61
TestOpenAdoptedExitStateSeedsFromTheAdoptionRecord	pass	0.61
TestAdoptedPositionProvenanceIsAdoptionPositionExitEvent	pass	0.61
TestApplyHooksAreBoundOnce	pass	0.61
TestPositionsEntryDecisionReference	pass	0.61
TestCoreDomainPartialIndexPredicates	pass	0.61
TestCoreDomainTablesAreStrict	pass	0.61
TestReductionDecisionRefusesLimits	pass	0.61
TestNonceIsUniqueAcrossDecisions	pass	0.61
TestRunPropagatesPrepareFailure	pass	0.61
TestPrepareSecondAttemptOnSameIntent	pass	0.61
TestPrepareValidatesTheDecisionBinding	pass	0.61
TestObservationRefusesAMisdescribedRow	pass	0.61
TestGapScanIgnoresReductions	pass	0.61
TestPruneEntryObservationsKeepsTheWindow	pass	0.61
TestReconcileRequiredColumns	pass	0.61
TestOutOfOrderSnapshotFailsClosed	pass	0.61
TestTrackedFillOrdersRejectSnapshotIdentityMismatch	pass	0.61
TestPostOwnerFillStartsANewCumulativeSequenceAfterExternalEvidence	pass	0.61
TestIssuanceRefusesAStaleOrSupersededSnapshot	pass	0.61
TestIllegalTransitionIsRejectedByTheJournal	pass	0.61
TestPrunePreservesSpentNonceWhileItsReservationIsHeld	pass	0.61
TestTransitionIDsDoNotCollideInsideOneSecond	pass	0.61
TestReapplyingTheSameAdjustmentIsANoOp	pass	0.61
TestAnAdjustmentSurvivesARestart	pass	0.61
TestAnAdjustmentToZeroClosesTheInstance	pass	0.61
TestReadOnlyPositionPoliciesPreservesReleasedLifecycle	pass	0.61
TestPositionPolicyReleaseRemovesExactGenerationFromWorkingSet	pass	0.61
TestExitEventsCarryLifecycleGeneration	pass	0.61
TestPositionPolicyCommandsNeverRebindSavedExitSnapshot	pass	0.61
TestARefusedSnapshotLeavesTheProjectionAlone	pass	0.61
TestAnEmptyExitHistoryStillWalks	pass	0.61
TestAccountWideAndSymbolScopesAreSeparate	pass	0.61
TestRiskBucketFillReplacementPredecessorLateFillCancelAndLateSuccessorAreConservative	pass	0.61
TestStrategyAttemptLineageAllowsOnlySanctionedStateCAS	pass	0.61
TestA066QFinalTransactionIDCannotBeReusedByAnotherDecision	pass	0.6
TestAClaimIssuedInTheFutureIsReopened	pass	0.6
TestARowBeingSentIsStillUndelivered	pass	0.6
TestAdoptPositionRecordsAndPointsTheProjection	pass	0.6
TestOpenExitStateRefusesAPositionWithNeitherRecord	pass	0.6
TestExitStatesRequireAPosition	pass	0.6
TestQuantityChangeIsAFillNotACorrection	pass	0.6
TestRecordDecisionRefusals	pass	0.6
TestPrepareStoresEmptyPriceAsNull	pass	0.6
TestPrepareRecordsTheDecisionBinding	pass	0.6
TestTransitionFromWrongStateIsRejected	pass	0.6
TestObservationRoundTripsEveryColumn	pass	0.6
TestDecisionsPreimageKindCheck	pass	0.6
TestSpentNoncesPrimaryKey	pass	0.6
TestDuplicateSurvivesRestart	pass	0.6
TestShrinkingCumulativeQuantityFailsClosed	pass	0.6
TestOlderTimestampWithTheSameQuantityIsJustAReRead	pass	0.6
TestRecordFillRejectsPartialScopeWithoutOverwritingOrRepeatingDelta	pass	0.6
TestPruneRefusesToOutliveNothing	pass	0.6
TestHaltAllIsNeverAutomatic	pass	0.6
TestAFailedAnnouncementDoesNotUndoTheTransition	pass	0.6
TestDeliveryAndAcknowledgementAreDistinctStates	pass	0.6
TestCampaignPlanAndOrderCapRejectZeroQuantity	pass	0.6
TestPositionPolicyReleaseAndReadoptCreateFreshGeneration	pass	0.6
TestLateOldGenerationJudgementIsQuarantined	pass	0.6
TestPositionPolicyRejectsFreeActorReasonAndUnknownState	pass	0.6
TestAnUnpricedFillLeavesTheBasisUnknown	pass	0.6
TestUnknownReconcileCauseIsRefused	pass	0.6
TestAtomicMarketReleaseDoesNotCrossIntoPeerMarket	pass	0.6
TestReleaseRequiresACauseAndEvidence	pass	0.6
TestRefundReplayReturnsTheCountButKeepsTheWait	pass	0.6
TestRiskBucketOwnerAggregateAccountsTwoDecisionOrdersAcrossRestart	pass	0.6
TestRiskBucketOwnerReleaseRaceAndRestartRemainIdempotent	pass	0.6
TestStrategyTerminalStateIsCASAndDurable	pass	0.6
TestAcknowledgementIgnoresTheLease	pass	0.59
TestRecordAndLookupDecision	pass	0.59
TestIntentAttemptedProvesAbsenceBeforeADispatch	pass	0.59
TestGapScanRefusesASchedulePastThePruningHorizon	pass	0.59
TestDecisionsRequiredColumns	pass	0.59
TestDecisionsGenerationDefaultsToZero	pass	0.59
TestDecisionsNonceUnique	pass	0.59
TestPartialIndexPredicates	pass	0.59
TestAnExternalOrderIsIgnoredByTheExitApplier	pass	0.59
TestOnlyPositiveDeltasBecomeFills	pass	0.59
TestIdenticalSnapshotChangesNothing	pass	0.59
TestTrackedFillOrdersExcludeExternalSnapshots	pass	0.59
TestFilledQuantitiesAggregatesPerSymbol	pass	0.59
TestIssuanceRefusesAnExpiredDecision	pass	0.59
TestIssuanceWithRecollectionExpiresWithTheDecision	pass	0.59
TestConcurrentIssuancesCannotBothTakeTheLastSlot	pass	0.59
TestIssuanceRejectsAMalformedDecisionBeforeReserving	pass	0.59
TestResolveCurrentOrderIDScopedValidatesCompleteScope	pass	0.59
TestMigrationV14CommitAndUserVersionSurviveSIGKILL	pass	0.59
TestScopedFillSnapshotPrimaryKeyContainsTheWholeCanonicalScope	pass	0.59
TestFreshJournalIsNotBackedUp	pass	0.59
TestUnusableTransitionRequestsAreRefused	pass	0.59
TestTheAccountsQuantityWinsAndTheProjectionConverges	pass	0.59
TestCreatePositionCampaignRejectsMissingDecisionAndOpenPosition	pass	0.59
TestCreatePositionCampaignUsesAuthoritativeClosedPositionVersion	pass	0.59
TestCampaignCommandsAndEventsAreAppendOnly	pass	0.59
TestPositionPolicyReleaseRejectsPendingExitWithoutMutation	pass	0.59
TestPositionPolicyReleaseAndReadoptRequireExternalAdoptionAtJournalBoundary	pass	0.59
TestTheFirstFillOpensTheInstance	pass	0.59
TestASellWithNothingHeldIsAttributionFailure	pass	0.59
TestProvenanceOfNothingIsNotFound	pass	0.59
TestOpenReadOnlyReadsWhatTheEngineIsWriting	pass	0.59
TestAnAdjustmentAppliedReleaseIsRecorded	pass	0.59
TestMarkReplayStartedRefusesPastTheCap	pass	0.59
TestRefundReplayNeverGoesNegative	pass	0.59
TestAStrategyLaneLatchOutlivesTheProcessThatWroteIt	pass	0.59
TestTheOpenLatchIsAlwaysTheFirstCauseNotTheLast	pass	0.59
TestStrategyProductionIssuanceCommitsAuthorityReservationAndLineageTogether	pass	0.59
TestStrategyProductionIssuanceBindsFullDecisionRecordIdentity	pass	0.59
TestPendingStrategyPlansAreAccountScopedAndZeroAttemptRecoversToRefused	pass	0.59
TestA066SharedBucketSecondEntryReadsItsOwnPolicyRecord	pass	0.58
TestReleasingAClaimTwiceNamesNoHolder	pass	0.58
TestIssuanceWritesTheDecisionAndItsReservation	pass	0.58
TestIssuanceRefusesAMismatchedPairing	pass	0.58
TestV8BuildRefusesV9AndV9BacksUpBeforeApplying	pass	0.58
TestTheApprovedRelaxationIsAuditedWithBothValues	pass	0.58
TestAnOperatorTighteningNeedsNoApproval	pass	0.58
TestTheLatestRowIsOrderedByCreatedAtThenRowid	pass	0.58
TestRestoringANormalAccountProjectsTheReleaseToo	pass	0.58
TestANoOpTransitionIsNotAnnounced	pass	0.58
TestFailedAttemptsAccumulateAndTheRowStaysPending	pass	0.58
TestMarkingANonPendingAlertIsRefused	pass	0.58
TestReadoptedGenerationFillAndCompletionEventsStayGenerationTwo	pass	0.58
TestReconcileStateRequiresEvidence	pass	0.58
TestMarkReplayStartedCountsAndStampsTheAttempt	pass	0.58
TestBeginStrategyDispatchSubmittingRejectsInvalidMissingAndNonClaimedWithoutRevival	pass	0.58
TestStrategyEvidenceReadBoundaryRejectsUnsupportedMarket	pass	0.58
TestStrategyReverseLookupUsesBoundedCoveringIndex	pass	0.58
TestWeeklyMarketReservationPersistsPairedKRUSAndReplays	pass	0.58
TestReducingPlaceDecisionCarriesAKey	pass	0.57
TestExecutionCorrectionDedupColumnsAreNotNullable	pass	0.57
TestRecordFillRejectsAnUnreadableQuantity	pass	0.57
TestIssuanceWithRecollectionExhausts	pass	0.57
TestSingleShotReserveStillRefusesTheExpiredDecision	pass	0.57
TestMigrationV19NeverBindsLegacyEvidenceToAFutureReusedOrder	pass	0.57
TestMigrationV19BackfillsOnlyAPreexistingConfirmedOwner	pass	0.57
TestRefusalLossIsCountedAsUnrecoverable	pass	0.57
TestProtectionWeakeningIsRefusedByTheDecisionRecorderInEveryMode	pass	0.57
TestARefusedTransitionIsNotAnnounced	pass	0.57
TestModeProjectorIsBoundOnce	pass	0.57
TestClaimingWithoutANameIsRefused	pass	0.57
TestCreatePositionCampaignProspectiveCASAndRetry	pass	0.57
TestLinkCampaignOrderRequiresImmutableIntentAttemptLineage	pass	0.57
TestPositionPolicyOverrideCASAndAuditAreAtomic	pass	0.57
TestPositionPolicyConcurrentCASCommitsExactlyOneWinner	pass	0.57
TestAnOrderWithNoLocalIntentIsNotProjected	pass	0.57
TestStoredRiskHashMatchesTheGolden	pass	0.57
TestALedgerWithoutTheAttemptTableIsRefusedAtOpenRatherThanPerQuery	pass	0.57
TestGlobalReconcileScopeBlocksMarketEntryWithoutBeingReleasedByIt	pass	0.57
TestRiskBucketLateFillCannotConsumeSiblingDecisionHeld	pass	0.57
TestStrategyEvidenceGoGuardAcceptsACanonicalReference	pass	0.57
TestStrategyEvidenceLineageReplayIsExact	pass	0.57
TestReleasedV25BuildRefusesV26Journal	pass	0.57
TestReleasedV26BuildRefusesV27Journal	pass	0.57
TestTheOnlyWayInIsAHook	pass	0.57
TestReductionDecisionCarriesNoKeyOrLimits	pass	0.56
TestIssuanceWithRecollectionStopsOnALimit	pass	0.56
TestReadOnlyRelaxationViewsRefuseAPreV35Journal	pass	0.56
TestMigrationV8ToV9PreservesRowsAndAddsNullableSnapshots	pass	0.56
TestAnAutomaticRelaxationIsRefused	pass	0.56
TestRelaxationRequiresAnApproval	pass	0.56
TestATransitionIsPersistedAndProjectedInOneFlow	pass	0.56
TestConcurrentEscalationsConvergeOnTheStrictestMode	pass	0.56
TestTheModeIsRestoredAfterARestart	pass	0.56
TestTheSnapshotIsWhatThreeConsumersRead	pass	0.56
TestModesAreScopedToTheirAccount	pass	0.56
TestPositionPolicyReadoptRejectsIneligibleHolding	pass	0.56
TestOpenReadOnlyRefusesToWriteAnything	pass	0.56
TestOpenReadOnlyDoesNotMigrate	pass	0.56
TestReEnteringAnActiveScopeKeepsTheFirstObservation	pass	0.56
TestUnknownReleaseCauseIsRefused	pass	0.56
TestReleasingNothingIsNotAnError	pass	0.56
TestAtomicReconcileReleaseRollsBackEveryScopeWhenOneCauseDoesNotMatch	pass	0.56
TestRiskBucketOwnershipAmbiguityLatchesEveryOwnerDecisionWithoutDroppingFill	pass	0.56
TestRiskBucketOwnerReleaseDerivesEveryCleanPredicateAndIsIdempotent	pass	0.56
TestStrategyPlanRollbackLeavesNoPartialRows	pass	0.56
TestRecordFillKeepsReusedOrderIDSnapshotsInTheirCanonicalScopes	pass	0.55
TestMigrationV19RefusesTwoIntentsClaimingTheSameCanonicalScope	pass	0.55
TestAnalyticsFailureIsNotATrigger	pass	0.55
TestRelaxationRequiresAnAuditLog	pass	0.55
TestAFailedAuditWriteAbortsTheRelaxation	pass	0.55
TestARepeatedTriggerAppendsNothing	pass	0.55
TestEnqueueAlertIsIdempotentOnTheEventKey	pass	0.55
TestEnqueueAlertRequiresAKeyAndAType	pass	0.55
TestAcknowledgeRequiresAnOperator	pass	0.55
TestSettlingWithoutAClaimIsRefused	pass	0.55
TestHasCampaignSuccessorPropagatesQueryFailure	pass	0.55
TestNotDispatchedReleasesInTheSameTransaction	pass	0.55
TestReservationArithmeticIsExact	pass	0.55
TestRiskBucketOwnerReleaseDoesNotUseOtherMarketReconciliation	pass	0.55
TestStrategyEvidenceReadBoundaryDistinguishesLegacyAndMissing	pass	0.55
TestStrategyEvidenceSchemaRejectsDirectPartialReference	pass	0.55
TestFirstLegAtomicAdmissionDeliversKRAndUSTogether	pass	0.55
TestMigrationV26FailureRollsBackBindingAndVersion	pass	0.55
TestStrategyPlanIsAtomicExactAndIdempotent	pass	0.55
TestWeeklyMarketReservationRejectsCalendarCorrectionDuplicate	pass	0.55
TestMigrationV27FailureRollsBackWeeklyObjectsAndVersion	pass	0.55
TestFailedV13MigrationRollsBackTablesAndUserVersion	pass	0.54
TestV15TradeOutcomeAuthorityBytesRejectUpdateButRetentionDeleteWorks	pass	0.54
TestAdoptionPolicySnapshotSurvivesUntilExitStateRecovery	pass	0.54
TestSchemaV9AddsOnlyNullablePolicySnapshotColumns	pass	0.54
TestPositionPolicyLifecycleAndAuditRollbackTogetherOnInjectedCrashPoint	pass	0.54
TestReconcileMarketScopeValidation	pass	0.54
TestExpectCauseReleasesOnlyYourOwnState	pass	0.54
TestMarkReplayStartedRefusesAnAttemptThatIsNotInDoubt	pass	0.54
TestCollidingTerminalFillKeepsEveryReservationHeld	pass	0.54
TestRiskBucketFillRestartReplayAndDriftLatchNeverDropAuthoritativeFill	pass	0.54
TestRiskBucketOrderRegistrationRejectsBrokerOrderIDCollisionAcrossOwnerDecisions	pass	0.54
TestStrategyProductionIssuanceFailureRollsBackReservationAndAllAuthority	pass	0.54
TestNoModeRowMeansNormal	pass	0.53
TestCurrentOperatingModeNeedsAnAccount	pass	0.53
TestAnExternalHoldingIsFoldedInWithNoEntryDecision	pass	0.53
TestMarkReplayStartedRefusesAMissingAttempt	pass	0.53
TestFailedConfirmedReleasesAndConfirmedDoesNot	pass	0.53
TestRiskBucketActualAndReleaseRequireExactOwnerDecisionScopeForCollidingOrderID	pass	0.53
TestDispatchStrategyVerifiedRejectsCrossAttemptBeforeBrokerPairedKRUS	pass	0.53
TestFirstLegAtomicAdmissionEntropyFailureWritesNothing	pass	0.53
TestWeeklyMarketReservationConcurrentSameScopeHasOneWinner	pass	0.53
TestConservativePrecedenceKeepsTheStricterMode	pass	0.52
TestOrphanSweepKeepsCollidingIntentReservationsHeld	pass	0.52
TestRiskBucketAuthoritativePartialFillCommitsWithPositionAndCompletesActualEvidence	pass	0.52
TestRiskBucketOrphanReservationMappingLatchesWithoutDroppingAuthoritativeFill	pass	0.52
TestRiskBucketAmbiguousSidecarLatchesAllApplicableReservationsWithoutDroppingFill	pass	0.52
TestRiskBucketScaleInAdmissionWhileOrderActiveStillRejectsBucketDrift	pass	0.52
TestRiskBucketAdjustmentReleaseRequiresExactZeroAdjustmentAndLaterOfficialRecheck	pass	0.52
TestFailedV11MigrationRollsBackIndexAndVersion	pass	0.51
TestOperatorReleaseRefusesWithoutReasonEvidenceOrAudit	pass	0.51
TestRiskBucketOwnerReleaseRejectsFreeformReconcileWithoutOfficialZeroObservation	pass	0.51
TestRiskBucketBrokerZeroRejectsUnsealedAndCallerMutatedCapabilities	pass	0.51
TestMigrationV17ToV18PreservesLegacyEventsAndCorrectionsWithoutInventingScope	pass	0.5
TestV7MigrationBacksUpBeforeApplying	pass	0.5
TestMigrationV7ToV8PreservesEveryRow	pass	0.5
TestV8MigrationBacksUpBeforeApplying	pass	0.5
TestExpiryReleasesOnlyWhenTheNonceWasNeverSpent	pass	0.5
TestADecisionReservesOnce	pass	0.5
TestRiskBucketAdmissionCommitsQFinalExistingReservationOwnerAndAllBucketsAtomically	pass	0.5
TestRiskBucketOrderRegistrationRequiresExactConfirmedOfficialOrderAuthority	pass	0.5
TestStrategyEvidenceLineagePersistsOnlyImmutableReference	pass	0.5
TestMigrationV6ToV7PreservesEveryRow	pass	0.49
TestDailyLossReservationLapsesAtTheMarketsDayBoundary	pass	0.49
TestRiskBucketAdmissionRejectsImmutablePolicyAndSnapshotCollision	pass	0.49
TestRiskBucketOrderRemainingUsesExact256BitStringArithmetic	pass	0.49
TestRunApplyHooksBindsRiskBucketOwnerAfterCampaignInSameTransaction	pass	0.49
TestAFailedAuditWriteAbortsTheRelease	pass	0.48
TestOpenExposureDoesNotLapseWithTheDay	pass	0.48
TestPreOwnerFailClosedEvidenceCannotAlertAFutureReservation	pass	0.48
TestOrphanSweepDoesNotReleaseAFailClosedObservation	pass	0.48
TestEntryLossLockConcurrentActivationsLeaveOneLock	pass	0.48
TestRiskBucketFillSidecarRollsBackWithAuthoritativeFillTransaction	pass	0.48
TestRiskBucketOrderRegistrationDerivesCanonicalPolicyCurrencyAndBindsDivergentRetry	pass	0.48
TestRiskBucketFillHookLatchesBindGapWithoutReturningError	pass	0.48
TestClaimStrategyDispatchLeaseRejectsInvalidMissingAndReplayWithoutRevival	pass	0.48
TestFirstLegAtomicAdmissionSurvivesReopenWithoutLegacyRecovery	pass	0.48
TestMigrationV20AddsCampaignSchemaWithoutBackfillingPositions	pass	0.47
TestDerivedTerminalFillReleasesTheHold	pass	0.47
TestOrphanSweepUsesScopedTerminalWhenLegacyMirrorBelongsToAnotherScope	pass	0.47
TestRiskBucketSameOwnerScaleInUsesMonotonicAggregateReplay	pass	0.47
TestEntryLossLockSurvivesReopen	pass	0.47
TestQFinalIssuanceOwnerConflictRollsBackDecisionAndEveryReservation	pass	0.47
TestRiskBucketOwnerBindRefusalWritesNothingWithoutAuthoritativeGeneration	pass	0.47
TestClaimStrategyDispatchLeasePairedKRUSCurrentAuthority	pass	0.47
TestALatchOpensOnlyForAStrictlyNewerVerifiedActivation	pass	0.47
TestStrategyExecutionLinkReplayPreservesFirstTimestamp	pass	0.47
TestMigrationV16ToV17AddsScopedSnapshotsWithoutRewritingLegacyRows	pass	0.46
TestFailClosedObservationAlertsOnlyItsCanonicalReservationScope	pass	0.46
TestOrphanSweepDoesNotReleaseReservationBoundToAnotherDecision	pass	0.46
TestRiskBucketSameOwnerScaleInRejectsBucketKeyOrPolicyVersionChange	pass	0.46
TestEntryLossLockActivationKeepsTheFirstCauseAndIsImmutable	pass	0.46
TestDispatchVerifiedRunsAfterMarkAckedAndBeforeSettle	pass	0.46
TestDispatchIsDispatchVerifiedWithoutACheck	pass	0.46
TestOperatorResolveStoresTheIdentifierVerbatim	pass	0.46
TestFirstLegAtomicAdmissionExactReplayUsesOriginalJournalToken	pass	0.46
TestFirstLegAtomicAdmissionTokenCollisionRollsBackSecondMarket	pass	0.46
TestUnknownBrokerStateKeepsTheReservationHeld	pass	0.45
TestOperatorReleaseRefusesAnAlreadyReleasedHold	pass	0.45
TestStartupSweepReleasesExpiredUnconsumedHolds	pass	0.45
TestPreOwnerTerminalEvidenceCannotReleaseAFutureReservation	pass	0.45
TestRiskBucketAdmissionRollsBackPartialBucketWriteAndOwner	pass	0.45
TestRiskBucketAdmissionConcurrentProspectiveOwnersHaveOneWinner	pass	0.45
TestReadRiskBucketStateReturnsStableMismatchInsteadOfRepairingDrift	pass	0.45
TestRiskBucketOwnerReuseRequiresExactProspectiveIdentity	pass	0.45
TestRiskBucketAdmissionDivergentRetryCannotHideChangedConsumedSnapshotAmounts	pass	0.45
TestRiskReducingFillNeverRequiresRiskBucketAccounting	pass	0.45
TestRiskBucketOrderRegistrationRejectsQuantityDivergentFromConfirmedIntent	pass	0.45
TestMigrationV22ToV23PreservesLegacyRowsWithoutPromotingThemToAuthority	pass	0.45
TestFirstLegAtomicAdmissionCompetingSameScopeHasOneWinner	pass	0.45
TestMigrationV15ToV16AddsEmptyOrderScopeWithoutRewritingSnapshots	pass	0.44
TestUnresolvedInDoubtDoesNotRelease	pass	0.44
TestQFinalIssuanceCommitsDecisionAggregateFiveBucketsAndOwnerAtomically	pass	0.44
TestMigrationV23FailureRollsBackRenamesTablesAndVersion	pass	0.44
TestDispatchVerifiedFailureLeavesInDoubt	pass	0.44
TestStrategyDispatchOwnerEpochFencesPredecessorAndDormantAPIsMintNothing	pass	0.44
TestOlderBuildRefusesTheV8Journal	pass	0.43
TestOrphanSweepReleasesAnExactlyScopedTerminalFill	pass	0.43
TestStaleSnapshotIsRefused	pass	0.43
TestPrepareBindsTheDecisionsReservationsToTheAttempt	pass	0.43
TestRiskBucketAdmissionRejectsSnapshotDriftAndOrphanReferenceWithoutWrites	pass	0.43
TestEntryLossLockSchemaRefusesValuesTheRuleCannotMatch	pass	0.43
TestReleasedV23BuildRefusesV24Journal	pass	0.43
TestRiskBucketAdmissionRejectsCrossWiredDistinctObservationWindows	pass	0.43
TestSchemaTablesAndColumns	pass	0.43
TestSchemaVersionRecorded	pass	0.43
TestLineageEdgeUniqueness	pass	0.43
TestIssueVerifiedFirstLegStrategyDispatchLeaseRollsBackDerivedAuthorityWithLeaseInsert	pass	0.43
TestStrategyDecisionLineageInsertFailureSurfacesTheStatementError	pass	0.43
TestFailedV15MigrationRollsBackColumnTriggerAndVersion	pass	0.42
TestV6MigrationBacksUpBeforeApplying	pass	0.42
TestOlderBuildRefusesTheV7Journal	pass	0.42
TestStartupSweepPreservesUnresolvedHolds	pass	0.42
TestStartupSweepRecoversAnOrphanedTerminalHold	pass	0.42
TestReachingTheAggregateLimitIsRefused	pass	0.42
TestFractionalShareAmountsSurviveTheLedger	pass	0.42
TestDailyLossReservationNeedsItsTradingDay	pass	0.42
TestRefuseEntryUnderLossLockFailsClosedOnUnknownScopeAndReadError	pass	0.42
TestQFinalMarkedDecisionWithoutAdmissionFailsClosed	pass	0.42
TestMigrationV24AddsOfficialZeroAuthorityAndReleaseReceiptsWithoutRewritingV23	pass	0.42
TestOpenAppliesDurabilityPragmas	pass	0.42
TestOpenIsIdempotent	pass	0.42
TestOpenRefusesNewerSchema	pass	0.42
TestOpenUsesDefaultPathFromEnv	pass	0.42
TestForeignKeysRejectOrphanAttempt	pass	0.42
TestSchemaIndexes	pass	0.42
TestMigrationV28InstallsExactDispatchAuthorityUpdateGuard	pass	0.42
TestIssueVerifiedFirstLegStrategyDispatchLeaseRefusesCrossMarketAndStaleOwner	pass	0.42
TestMigrationV25AddsOnlyDurableStrategyDispatchStateAndPreservesV24	pass	0.42
TestFirstLegAtomicAdmissionSameAccountKRUSRecollectsTheSerializedLoser	pass	0.42
TestMigrationV5ToV6PreservesEveryRow	pass	0.41
TestASnapshotThatPredatesACommittedReservationIsRecollected	pass	0.41
TestAnUnchangedLedgerNeedsNoRecollection	pass	0.41
TestALapsedHoldReleasedByTheSweepMovesTheVersion	pass	0.41
TestRecollectionDoesNotRetryALimitRefusal	pass	0.41
TestMigrationV24FailureRollsBackTablesColumnsAndVersion	pass	0.41
TestRiskBucketAdmissionPersistsDistinctPolicyAndSnapshotObservationWindows	pass	0.41
TestStrictTablesRejectWrongType	pass	0.41
TestDormantEvidenceReadWritesNothingAnywhereInTheJournal	pass	0.41
TestTheLatchTableRefusesARecordItCannotClassify	pass	0.41
TestMigrationV14ToV15IsAdditiveNullableAndIdempotent	pass	0.4
TestCheckSchemaReportsEveryInspectionFailureInsteadOfSwallowingIt	pass	0.4
TestReservationVersionStartsAboveZero	pass	0.4
TestConcurrentDecisionsCannotBothTakeTheLastSlot	pass	0.4
TestFutureSnapshotIsRefused	pass	0.4
TestRecollectionSucceedsOnASecondSnapshot	pass	0.4
TestMigrationV10ToV11AddsIntentIndexAndPreservesRows	pass	0.39
TestOperatorReleaseIsTheExitForAnUnknownHold	pass	0.39
TestCallerMayNarrowTheStalenessBoundButNotWidenIt	pass	0.39
TestUnknownAggregateIsRefusedRatherThanTreatedAsZero	pass	0.39
TestMixedCurrenciesAreRefused	pass	0.39
TestReservationRequiresARecordedUnexpiredDecision	pass	0.39
TestRecollectionStopsAtTheAttemptCap	pass	0.39
TestRecollectionStopsAtTheDeadline	pass	0.39
TestOpenCreatesPrivateDataDir	pass	0.39
TestMigrationV25FailureRollsBackEveryDispatchTableAndVersion	pass	0.39
TestMigrationV21FailureRollsBackBothColumnsAndVersion	pass	0.39
TestAStrategyLaneLatchAndItsRecoveryAreHistoryNotState	pass	0.39
TestMigrationV4ToV5PreservesEveryRow	pass	0.36
TestMigrationV4ToV6IsOneRunOfTwoSteps	pass	0.36
TestMigrationV22PreservesV21AsUnknownWithoutBackfill	pass	0.36
TestMigrationV21AddsOnlyNullableConsumedSnapshotReference	pass	0.36
TestBackupNeverOverwritesAnExistingBackup	pass	0.35
TestReleasedV24BuildRefusesV25Journal	pass	0.35
TestMigrationBacksUpBeforeApplying	pass	0.34
TestMigrationV22FailureRollsBackEveryTableAndVersion	pass	0.34
TestOlderBuildRefusesTheV6Journal	pass	0.32
TestV8IsPurelyAdditive	pass	0.31
TestReleasedV22BuildRefusesV23Journal	pass	0.31
TestMigrationV23AddsScopedFillTablesAndPreservesReleasedV22LegacyShapes	pass	0.3
TestOpenReadOnlyRejectsV14BeforeNullableCostEvidence	pass	0.29
TestMigrationV22AddsOnlyAuthoritativeRiskBucketJournalState	pass	0.28
TestOpenReadOnlyRejectsDamagedV21EvidenceLineage	pass	0.27
TestOlderBuildRefusesTheV5Journal	pass	0.25
TestOpenReadOnlyRejectsV9BeforeSnapshotQueries	pass	0.19
TestOpenReadOnlyRejectsV8BeforePolicyQuery	pass	0.16
TestStrategyEvidenceReadBoundaryCallChainIsSelectOnly	pass	0.05
TestA066FreshAdmissionIdentityBackstopRunsAfterReplayRecovery	pass	0.04
TestJournalAuditActionsAreAFrozenCensus	pass	0.04
TestNoExportedAPIHandsOutAnApplyTx	pass	0.04
TestOnlyTestsReassignTheAttemptsRead	pass	0.03
TestA066StorageErrorExitsFailClosed	pass	0.01
TestEveryEntryBlockedWriterGoesThroughTheLatch	pass	0.01
TestDeriveClientOrderIDSeparatesDecisionsAndGenerations	pass	0.01
TestEntryDecisionIDIsNeverUpdated	pass	0.01
TestGuardedExitColumnsAreWrittenOnlyByTheApplyHook	pass	0.01
TestA066FillTransitionBucketCountGuardsAreLayered	pass	0
TestA066RevalidateDimensionGuardsAreLayered	pass	0
TestA092RecordAlertIsOneTransactionWithoutAClaim	pass	0
TestBrokerOrderExitLinksRowSentinelIsStructurallyAboveTheQueryMaximum	pass	0
TestBrokerOrderExitLinksSkipsEmptyAndBoundsScopeBeforeSQL	pass	0
TestCampaignFillHasExactlyOneLegStateJudgement	pass	0
TestReplayDerivesLegStateThroughTheSharedJudgement	pass	0
TestPreimageCanonicalFormIsStable	pass	0
TestParsePreimageRoundTrip	pass	0
TestParsePreimageRefusesNonCanonicalText	pass	0
TestNormalizeDecimal	pass	0
TestClassifyHTTPMutation	pass	0
TestSendTrackerReportsCompletion	pass	0
TestSystemFSProberReportsTempDir	pass	0
TestCheckFilesystemAllowlist	pass	0
TestCheckFilesystemProbesNearestExistingAncestor	pass	0
TestCheckFilesystemProbeErrorFailsClosed	pass	0
TestFilesystemNameMapping	pass	0
TestAllowedFilesystemsList	pass	0
TestIssueRefusalReasonIgnoresWhatIsNotARiskRefusal	pass	0
TestTransitionTable	pass	0
TestTransitionTableRejectsSelfAndUnknown	pass	0
TestEveryEnumeratedTriggerTargetsEntryBlocked	pass	0
TestModeClassTableIsComplete	pass	0
TestModeRankAndConservativePrecedence	pass	0
TestDataDirResolutionOrder	pass	0
TestDefaultPath	pass	0
TestCampaignCoreProductionWiringHasNoBrokerOrToggleAuthority	pass	0
TestRiskIntentHashIsByteStable	pass	0
TestRiskIntentFieldSetIsClosed	pass	0
TestOpenReadOnlyCreatesNeitherFileNorDirectory	pass	0
TestTheReadOnlyHandleHasNoWriteMethods	pass	0
TestRiskBucketUnsafeEvidenceAndReleaseMethodsAreNotExported	pass	0
TestOpenRefusesForbiddenFilesystem	pass	0
TestStrategyDispatchPreTransportRefusalSourceHasNoExecutionCapability	pass	0
TestStrategyEvidenceReadBoundaryIsStructurallySelectOnly	pass	0
TestStrategyDecisionPayloadSchemaMatchesDecisionRecordExactly	pass	0
TestWeeklyReservationLifecycleConsumesPositiveAndReleasesTerminalZeroExactlyOnce	pass	0
TestA049DoesNotChangePortfolioAggregateBytes	pass	0
TestAggregatesAreDerivedFromTheRows	pass	0
TestAProfitFactorWithNoLossesIsUnmeasuredRatherThanInfinite	pass	0
TestAggregatesOfNothingAreNotDivisions	pass	0
TestTheRetentionHorizonIsAHundredAndEightyDays	pass	0
TestGuardedExitColumnsAreUnreachableFromOutsideAHook	pass	0
TestDeriveClientOrderIDIsDeterministic	pass	0
TestDeriveClientOrderIDGoldenVector	pass	0
TestDeriveClientOrderIDSatisfiesTheBrokerPattern	pass	0
TestDeriveClientOrderIDIsNotAConcatenation	pass	0
TestValidClientOrderID	pass	0
TestTheAdjustmentKindsAreTheSchemasKinds	pass	0
TestTheProjectedStatesAreTheSchemasStates	pass	0
TestClassifyNamesTheProvenance	pass	0
TestAdoptionIDIsWrittenOnlyByTheAdoptionAPI	pass	0
FuzzA066CampaignQuantityIsComparable	pass	0
ExampleJournal_LookupStrategyTrace	pass	0
