# go test -json -timeout 60m -count=1 ./internal/journal/ at b01e0cd0; package pass 790.064s; tests 952
TestRefuseClaimedStrategyDispatchPreTransportRejectsCrossScopePairedKRUS	pass	20.3
TestEvaluatedEventRequiresExactFlattenedTuple	pass	17.02
TestEntryLossLockRefusesEveryEntrySiteOnlyInItsOwnScope	pass	16.62
TestBeginStrategyDispatchSubmittingPairedKRUSAuthorityDriftRefusesAndReleases	pass	12.45
TestLegacyEventRequiresEveryV10ColumnToBeNull	pass	11.77
TestRawFirstLegBindingMismatchMatrixRejectsKRAndUS	pass	10.25
TestTheFullTransitionMatrix	pass	9.45
TestSeedRejectsEveryPartialV10OutputColumn	pass	8.15
TestStrategyProductionIssuanceRejectsEveryDivergentLineageProjection	pass	7.91
TestDispatchStrategyVerifiedPairedKRUSRefusalAndAmbiguityMatrix	pass	7.79
TestFutureLeaseRejectsCancelledOrBlockedKRAndUSFirstLeg	pass	6.94
TestRefuseClaimedStrategyDispatchPreTransportIntegrityRollbackPairedKRUS	pass	6.17
TestRiskBucketOwnerReleaseBlocksTerminalButDirtyEvidence	pass	5.73
TestA066StaleUsageIsJudgedPerDimension	pass	5.66
TestA066EntryLossLockReleaseRefusals	pass	5.5
TestV21TriggerRefusesEveryMalformedReferenceShape	pass	5.45
TestFirstLegBindingIsImmutableAndRequiredByFutureLease	pass	5.01
TestA111RefreshRejectsSeedAndEveryStrongerOrIncompatibleCandidateWithoutWriting	pass	4.89
TestClaimStrategyDispatchLeasePairedKRUSRefusesExpiredChangedCrossMarketAndStaleOwner	pass	4.89
TestExitEventReadRejectsForgedArmSuppressionEvidence	pass	4.88
TestA066StaleUsageRuleEdgesAtBothAdmissionSites	pass	4.51
TestStrategyDispatchLeaseSchemaRequiresExactQFinalAuthorityAndHolds	pass	4.12
TestA066OverageLatchReleaseRefusals	pass	4.1
TestStrategyRecoveryClassifiesOneCoreAttemptExactly	pass	4.07
TestOneSenderAloneDecidesExactlyAsBefore	pass	3.96
TestRunTransportFaults	pass	3.78
TestClaimStrategyDispatchLeaseReleaseCardinalityMismatchRollsBackKRUS	pass	3.71
TestClaimStrategyDispatchLeaseRepeatsLiveAttemptStrategyAndClientJoinsKRUS	pass	3.59
TestStrategyEvidenceGoGuardRefusesBeforeSQL	pass	3.55
TestEachTriggerEscalatesImmediatelyAndDurably	pass	3.37
TestStrategyEvidenceLineageRejectsPartialOrMalformedReference	pass	3.37
TestAFailedAttemptsReadLeavesTheLedgerAsItWas	pass	3.3
TestStrategyDispatchColdRestartDiscoversOldIssuedClaimedAndSubmitting	pass	2.91
TestA111RefreshRejectsInvalidRequestsBeforeStartingAWrite	pass	2.88
TestOrphanSweepDoesNotReleaseReservationAcrossTerminalScope	pass	2.83
TestDispatchStrategyVerifiedReleasesTerminalACKWindowRemaindersPairedKRUS	pass	2.82
TestEntryLossLockRefusesTheStrategyFirstLegAdmission	pass	2.79
TestResolveCurrentOrderIDScopedIgnoresEarlierReplacementOutsideCanonicalScope	pass	2.76
TestAdoptPositionRefusesAnUnusableT0	pass	2.71
TestOrderableSnapshotMustArmItsExactProposal	pass	2.48
TestRefuseClaimedStrategyDispatchPreTransportReplayAndConcurrencyPairedKRUS	pass	2.47
TestCampaignReplayBindsImmutableIdentityAndDurableClaim	pass	2.43
TestStrategyEvidenceReadBoundaryRefusesAMalformedStoredReference	pass	2.42
TestA066KRUSFailureIsolation	pass	2.33
TestFirstLegAtomicAdmissionLateStatementFailuresRollbackEveryFamily	pass	2.26
TestRefuseClaimedStrategyDispatchPreTransportNormalizesSafePartialReleasePairedKRUS	pass	2.19
TestRiskBucketAdmissionRejectsSnapshotReferenceEvidenceTamperWithoutWrites	pass	2.13
TestEvaluatedTupleRequiresEveryNonOptionalFlattenedColumn	pass	2.01
TestLinkCampaignOrderAmbiguityAndQuantityAuthorityLatch	pass	1.99
TestCampaignReplayDetectsCompleteProjectionDrift	pass	1.85
TestA066SubmitRevalidationRefusesALatchTakenAfterIssuance	pass	1.74
TestQFinalIssuanceDivergentReplayFailsClosedWithoutDuplicateAuthority	pass	1.72
TestAckIdentifiersAreStoredVerbatim	pass	1.72
TestWeeklyFirstLegRequiresExactReservationAndNonWeeklyCannotSmuggleOne	pass	1.71
TestEntryLossLockAccountFormIsTheDecisionBuildersForm	pass	1.69
TestA066FreshScaleInReusesTheOwnerOnlyAfterStateAndBucketIdentityMatch	pass	1.68
TestA066SharedBucketStaleSnapshotIsRefusedAtAnyPrice	pass	1.67
TestStrategyProductionIssuanceRejectsNonCanonicalDecisionPayload	pass	1.67
TestBrokerOrderExitLinksFailsClosedOnlyWhenLineageExceedsDepthBound	pass	1.64
TestA066LatchReleaseOfAnOwnerThatIsGoneIsStale	pass	1.6
TestA066AuditLineBeforeCommitIsAnAttemptAndACommitFailureIsCompensated	pass	1.59
TestExitSnapshotWriteStagesRollbackAsOneTransaction	pass	1.56
TestRiskBucketOwnerReleasedReplayRequiresExactSealedReceiptAndEvent	pass	1.45
TestFlattenIsNeverGatedByTheMode	pass	1.4
TestStrategyPlanRejectsEveryDivergentReplay	pass	1.4
TestA066OwnerBindUnreadableFillDeltaLatchesEntryWithoutBlockingTheFill	pass	1.37
TestDispatchStrategyVerifiedLateFailureRollsBackCompositePairedKRUS	pass	1.36
TestFirstLegAtomicAdmissionRejectsCallerTokenAndCrossMarketSubstitution	pass	1.35
TestRiskBucketReplacementRequiresOneExactActivePredecessor	pass	1.34
TestLinkCampaignOrderUsesAuthoritativeAttemptAndUniqueOrderScope	pass	1.3
TestA066RelaxationRecordsAreAppendOnly	pass	1.29
TestRecoverClaimedStrategyDispatchLeasePairedKRUSRefusesAndReleases	pass	1.29
TestCampaignZeroAndPartialUnchangedTerminalObservationsCancelResidualIdempotently	pass	1.28
TestBeginStrategyDispatchSubmittingRollbackIsAtomicKRUS	pass	1.27
TestRefuseClaimedStrategyDispatchPreTransportRejectsInvalidReasonPairedKRUS	pass	1.26
TestMigrationV26AddsPairedFirstLegAuthorityWithoutChangingV25Rows	pass	1.26
TestAdoptedOutcomeIgnoresTheCostBasisEntirely	pass	1.25
TestExecutionCorrectionsScopedRequiresPreexistingUniqueConfirmedOwner	pass	1.25
TestBeginStrategyDispatchSubmittingConcurrentCASAtMostOneKRUS	pass	1.25
TestBrokerOrderExitLinksUsesCollisionFreeOpaqueLineagePaths	pass	1.24
TestReservationsAwaitingOperatorUsesOnlyExactScopedFailClosedSnapshot	pass	1.24
TestRefuseClaimedStrategyDispatchPreTransportPairedKRUS	pass	1.24
TestA066SubmitRevalidationRefusesOwnerAndScopeLatches	pass	1.23
TestLegacyJudgementRejectsEveryArmSuppressionReason	pass	1.23
TestLoadStrategyDispatchLeasePreservesEqualTimestampsPairedKRUS	pass	1.23
TestPositionPolicyLifecycleAndAuditSurviveSIGKILLAtomically	pass	1.22
TestClaimStrategyDispatchLeaseRollbackIsAtomic	pass	1.22
TestFillEventsScopedRequiresPreexistingUniqueConfirmedOwner	pass	1.2
TestExposureAdmissionReadsPositionAndPendingRiskReduction	pass	1.2
TestRiskBucketOwnerBindsAuthoritativePositionGenerationForKRAndUS	pass	1.2
TestDispatchStrategyVerifiedRequiresOfficialVerifierBeforeMutationPairedKRUS	pass	1.19
TestRefuseClaimedStrategyDispatchPreTransportRejectsOwnerABAPairedKRUS	pass	1.19
TestA066ReleasedProspectiveGenerationCannotBeReacquired	pass	1.18
TestA066SharedBucketSecondAdmissionAtAnotherPriceIsCappedNotCollided	pass	1.15
TestA066LatchedUsageInASharedBucketBlocksNewEntry	pass	1.14
TestOpenReadOnlyRejectsDamagedV20CampaignSchema	pass	1.13
TestFirstLegAtomicAdmissionDoesNotRepairPartialQFinalAuthority	pass	1.13
TestOpenRefusesCorruptDatabase	pass	1.12
TestNonConfirmedFillDoesNotEnterTradeOutcome	pass	1.12
TestReadRiskBucketStateRejectsMissingReservationAndSnapshotRebinding	pass	1.11
TestRecoverClaimedStrategyDispatchLeaseRollbackIsAtomicKRUS	pass	1.11
TestReusedOrderIDDoesNotContaminateLaterDayTradeOutcome	pass	1.11
TestCreatePositionCampaignRequiresExactStrategyDecisionLineage	pass	1.1
TestDispatchStrategyVerifiedClosesACKFillRaceInOneCompositeTxPairedKRUS	pass	1.1
TestFirstLegRouterIdentityIsRequiredAndReplayBoundKRUS	pass	1.1
TestAttemptRefuseClaimedStrategyPreTransportRollsBackCoreAndClaimPairedKRUS	pass	1.09
TestBeginStrategyDispatchSubmittingPairedKRUSCurrentAuthority	pass	1.09
TestDetachedWALLosesCommittedRecord	pass	1.08
TestDispatchStrategyVerifiedPreventsOwnerTakeoverBetweenSubmittingAndBrokerKRUS	pass	1.08
TestAQuarantineTheSelectorNeverDecidedIsNotReJudged	pass	1.07
TestRecoverClaimedStrategyDispatchLeaseClosesPreparedCoreInSameCommitKRUS	pass	1.07
TestOpenFillsTheDefaultLease	pass	1.06
TestAttemptRefuseClaimedStrategyPreTransportIsOneCommitPairedKRUS	pass	1.05
TestExitSnapshotTransactionSurvivesSIGKILLAtomically	pass	1.04
TestRecoverClaimedStrategyDispatchLeaseRejectsSubmittingWithoutReleaseKRUS	pass	1.02
TestA066FillTransitionUsesTheSmallestDecisionLimitPerBucket	pass	1
TestStrategyDispatchBrokerOrderIDCannotCrossKRUSWithinAccount	pass	1
TestFailedV10MigrationRollsBackDDLMetadataAndUserVersion	pass	0.99
TestBeginStrategyDispatchSubmittingReleaseCardinalityMismatchRollsBackKRUS	pass	0.99
TestRiskBucketAdmissionRejectsOwnerMarketAndSymbolBucketMismatchWithoutWrites	pass	0.98
TestLegacySnapshotWithCrossAccountOrSideOwnersFailsClosed	pass	0.97
TestBeginStrategyDispatchSubmittingPairedKRUSStaleOwnerAndRecoveryRefusal	pass	0.97
TestClosedStrategyTradeSourcesUsesExclusiveLowerInclusiveUpperAndStableOrder	pass	0.96
TestFailedV6MigrationLeavesTheJournalRestorable	pass	0.96
TestMigrationV12CommitAndUserVersionSurviveSIGKILL	pass	0.93
TestMigrationV13CommitAndUserVersionSurviveSIGKILL	pass	0.92
TestIssueVerifiedFirstLegStrategyDispatchLeasePairsKRUS	pass	0.92
TestFutureLeaseAcceptsExactKRAndUSFirstLegBinding	pass	0.91
TestA066SharedBucketAdmissionIsCappedByTheSmallestRecordedLimit	pass	0.89
TestA111MaxExitObservationCycleIgnoresEveryOutOfScopeEvidenceShape	pass	0.89
TestMigrationV9ToV10IsAdditiveNullableAndPreservesRows	pass	0.89
TestMigrationV12ToV13IsAdditiveAndPreservesExistingRows	pass	0.89
TestA066RevalidateReportsNotRequiredForNonQFinalDecisions	pass	0.88
TestMigrationV33ToV34KeepsLegacyReservationsReadable	pass	0.88
TestClosedStrategyTradeSourcesNeverChoosesAZeroOrMultiFillOrDistractor	pass	0.87
TestA066LateFillOverageLatchesEveryBucketOnceAndTheExitStaysOpen	pass	0.86
TestA066SharedBucketOverageFromOneOwnersActualFillIsLatched	pass	0.84
TestConcurrentRunsAreSerialised	pass	0.84
TestRiskBucketOwnerAggregateAccountsTwoDecisionOrdersAcrossRestart	pass	0.84
TestRiskBucketLateFillCannotBindReopenedOwner	pass	0.82
TestA066ReadOnlyViewsShowWhatTheWriterSees	pass	0.8
TestMigrationV15TransactionBoundariesSurviveSIGKILL	pass	0.79
TestReservationArithmeticIsExact	pass	0.79
TestMigrationV32ToV33StartsWithNoEntryLossLock	pass	0.79
TestOutcomesAreSplitByWhatJustifiedThePosition	pass	0.79
TestA066LatchReleaseKeepsOverageAmountsAndOtherGenerations	pass	0.78
TestMixedAggregatesCarryBothSampleCounts	pass	0.78
TestA066LatchReleaseRefusesAnOwnerWhoseLedgerLeftItsSeal	pass	0.77
TestA066FillWithAMissingStateSealLatchesAndKeepsTheFill	pass	0.77
TestDeliverySelectionPutsRowsBelowTheLimitFirst	pass	0.77
TestRiskBucketLateFillCannotConsumeSiblingDecisionHeld	pass	0.77
TestRiskBucketOwnerReleaseRaceAndRestartRemainIdempotent	pass	0.77
TestClosedStrategyTradeSourcesReturnsExactIdentifiersFactsAndNullableCost	pass	0.76
TestRiskBucketOwnerReleaseDerivesEveryCleanPredicateAndIsIdempotent	pass	0.75
TestMigrationV27AddsPairedWeeklyAuthorityWithoutChangingV26Rows	pass	0.75
TestExitSnapshotCorruptionIsPerPositionAndNeverRecomputed	pass	0.74
TestAMovedFillWatermarkIsDiscardedEvenWhenTheQuantityMatches	pass	0.74
TestRiskBucketAdjustmentReleaseRequiresExactZeroAdjustmentAndLaterOfficialRecheck	pass	0.74
TestRiskBucketOwnerReleaseDoesNotUseOtherMarketReconciliation	pass	0.74
TestAdoptedOutcomeSumsEveryEngineSell	pass	0.73
TestAPartialSellMovesTheTakenFractionAndResolvesTheProposal	pass	0.73
TestTheCumulativeFractionIsAgainstTheInitialQuantity	pass	0.73
TestFailedMigrationLeavesTheJournalRestorable	pass	0.73
TestReplacementPredecessorHasOneAuthoritativeSuccessor	pass	0.73
TestRiskBucketActualAndReleaseRequireExactOwnerDecisionScopeForCollidingOrderID	pass	0.73
TestRunApplyHooksBindsRiskBucketOwnerAfterCampaignInSameTransaction	pass	0.73
TestRetentionDeletesOnlyWhatIsPastTheHorizon	pass	0.73
TestA066OwnerReleaseOpensOnlyAfterTheOverageLatchRelease	pass	0.72
TestAGenuinelyAmbiguousJudgementIsStillQuarantined	pass	0.72
TestActiveQuarantinesCarryTheProtectionTheStoredSnapshotKeeps	pass	0.72
TestBrokerOrderExitLinksFollowsValidatedAmendDescendants	pass	0.72
TestAResolvedProposalDoesNotComeBackAfterARestart	pass	0.72
TestARefusedProposalIsReArmedAfterARestart	pass	0.72
TestRecoverPendingAppliesRestartRules	pass	0.72
TestTheProvenanceChainReachesTheClose	pass	0.72
TestDispatchStrategyVerifiedRejectsCrossAttemptBeforeBrokerPairedKRUS	pass	0.72
TestMigrationV21AddsExactlyTwoColumnsAndTwoTriggersAndNothingElse	pass	0.72
TestA066SharedUsageUnreadableKeepsTheFillAndLatches	pass	0.71
TestA066OverageLatchReleaseIsBoundToTheStateTheOperatorRead	pass	0.71
TestAccountTradeTripsJoinsOnlyWhatTheSchemaHolds	pass	0.71
TestTrackedFillOrdersScopeReusedLineageEndpointByAccount	pass	0.71
TestRiskBucketOwnerReleaseRejectsFreeformReconcileWithoutOfficialZeroObservation	pass	0.71
TestClaimStrategyDispatchLeaseRejectsInvalidMissingAndReplayWithoutRevival	pass	0.71
TestStrategyLineageRestartReverseLookupAndAccountScope	pass	0.71
TestTradeOutcomesAreScopedToTheAccount	pass	0.71
TestA066OwnerBindZeroDeltaIsANoOpNotAGap	pass	0.7
TestA066OverageLatchReleaseClearsOnlyRiskOverageAndIsAudited	pass	0.7
TestReleasingAQuarantineWritesNothingButTheQuarantineRow	pass	0.7
TestA111CycleSequenceOrdersFrozenClockRefreshAndSurvivesRestart	pass	0.7
TestBrokerOrderExitLinksScopesCollidingIDsByAccountAndTradingDay	pass	0.7
TestLivePositionExitsCarriesEveryLivePositionAndItsEligibility	pass	0.7
TestAccountExitEventsAreAccountWideAndOrdered	pass	0.7
TestAccountRefsNamesEveryAccountTheJournalHolds	pass	0.7
TestCampaignWithReplacementReconstructsFromEvidence	pass	0.7
TestABuyFillLeavesTheTakenFractionAlone	pass	0.7
TestANonTerminalFillDoesNotResolveTheProposal	pass	0.7
TestTrackedAndLiveOrdersAllowReusedIDInDifferentSymbolAndSideScopes	pass	0.7
TestClosedStrategyTradeSourcesRejectsInvalidWindowAndPersistedData	pass	0.7
TestClosedCampaignLateFillStaysClosedAndLatchesReconcile	pass	0.7
TestTheProjectionRunsTheWholeRoundTrip	pass	0.7
TestReEntryOpensTheNextInstanceAndKeepsTheOld	pass	0.7
TestOpenReadOnlyDistinguishesTheTwoSchemaDirections	pass	0.7
TestRiskBucketFillReplacementPredecessorLateFillCancelAndLateSuccessorAreConservative	pass	0.7
TestRiskBucketOrderRegistrationRejectsBrokerOrderIDCollisionAcrossOwnerDecisions	pass	0.7
TestRiskBucketBrokerZeroRejectsUnsealedAndCallerMutatedCapabilities	pass	0.7
TestRiskBucketFillHookLatchesBindGapWithoutReturningError	pass	0.7
TestAnUnpricedFillLeavesNoOutcome	pass	0.7
TestA066OverageLatchReleaseWithoutALatchIsStale	pass	0.69
TestA066NextOverLimitFillLatchesAgainAfterTheRelease	pass	0.69
TestAPartlyEngineSoldAdoptedPositionFreezesNothing	pass	0.69
TestFillEventsRequireCanonicalScopeWhenOrderIDIsReused	pass	0.69
TestScopedTerminalStateDoesNotHideAnotherAccountsLiveReusedOrder	pass	0.69
TestAnAmendmentKeepsOneInstance	pass	0.69
TestFailedConfirmedReleasesAndConfirmedDoesNot	pass	0.69
TestASinglePopulationNeedsNoCaveat	pass	0.69
TestA066PartialFillCrashThenRetryCommitsEverythingExactlyOnce	pass	0.68
TestArmingRecordsTheProposalBeforeItIsSubmitted	pass	0.68
TestASecondProposalIsRefusedWhileOneIsOutstanding	pass	0.68
TestAmbiguousCampaignFillPreservesAuthoritativeFillTransaction	pass	0.68
TestZeroFillTerminalClosesCampaignAndReleasesClaim	pass	0.68
TestMutationsDispatchedSinceSeesOnlyRealOtherTraffic	pass	0.68
TestOrphanSweepReleasesAnExactlyScopedTerminalFill	pass	0.68
TestRiskBucketAuthoritativePartialFillCommitsWithPositionAndCompletesActualEvidence	pass	0.68
TestReleasedOwnerLateFillBlocksFirstFreshAdmissionOnlyInExactMarket	pass	0.68
TestClaimStrategyDispatchLeasePairedKRUSCurrentAuthority	pass	0.68
TestA066AdmissionRefusalNamesAnOwnerOverageLatch	pass	0.67
TestBrokerOrderExitLinksFailsClosedForCycleBranchAndCrossAccountEdge	pass	0.67
TestARefusalReArmsTheLevel	pass	0.67
TestFailedV12MigrationRollsBackTablesAndUserVersion	pass	0.67
TestAnAdjustmentAgainstAMovedQuantityIsDiscarded	pass	0.67
TestPositionPolicyCASAcrossCompetingProcessesHasOneWinner	pass	0.67
TestACorrectionMovesTheBasisAndNotTheQuantity	pass	0.67
TestPreOwnerAndNonConfirmedFillsAreNotPositionProvenance	pass	0.67
TestRiskBucketScaleInAdmissionWhileOrderActiveStillRejectsBucketDrift	pass	0.67
TestMigrationV21PreservesV20RowsWithoutInventingSnapshotLineage	pass	0.67
TestTheOutcomeIsFrozenInTheClosingTransaction	pass	0.67
TestABackfillRecoversTheGapAndRefusesToRewriteIt	pass	0.67
TestAnExternalPositionHasNoOutcome	pass	0.67
TestAReleasedQuarantineLeavesTheActiveList	pass	0.66
TestAnOperatorOnlyQuarantineSurvivesAGenuineReJudgement	pass	0.66
TestA111OfficialRefreshTemporalCASIsNoWriteForOlderOrAmbiguousEvidence	pass	0.66
TestReadOnlyLinksBrokerOrdersToExitSnapshotsOnlyThroughTheAttemptIntent	pass	0.66
TestBrokerOrderExitLinksDoesNotExpandWideBranchingLineage	pass	0.66
TestAdoptedOutcomeIncludesFlattenSells	pass	0.66
TestRiskReservationsReleaseReasonCheck	pass	0.66
TestKnownLegacyIdentityIsResolvedInMemoryWithoutBackfill	pass	0.66
TestReadOnlyExposesTypedSavedRecomputedEffectiveAndFreshness	pass	0.66
TestOpeningWritesTheEntryStopAsTheBaseline	pass	0.66
TestResolveCurrentOrderIDScopedRejectsMultipleChildrenInOneScope	pass	0.66
TestCampaignAggregateFillExcessLatchesReconcileWithoutTruncation	pass	0.66
TestPreOwnerTerminalEvidenceCannotReleaseAFutureReservation	pass	0.66
TestSeparateHandlesRaceForOnePendingRow	pass	0.65
TestA111RefreshAtomicallyReplacesTheCompleteTupleWithoutAnEvent	pass	0.65
TestA111RefreshExplicitlyRejectsAnIdenticalExecutableSnapshotWithoutWriting	pass	0.65
TestApplyTxExecRefusesTheGuardedColumns	pass	0.65
TestResidualCancelInOneObservationAgreesWithReconstruction	pass	0.65
TestWriteTransactionsUseBeginImmediate	pass	0.65
TestAnArmedProposalSurvivesARestart	pass	0.65
TestDirectLegacyBlankSnapshotIsNotAWildcardAcrossReusedDays	pass	0.65
TestNetPositionsJoinsReusedOrderIDOnlyWithinCanonicalScope	pass	0.65
TestExitSnapshotQuarantineIsGenerationScopedAndReleaseIsCAS	pass	0.65
TestAnAdjustmentSurvivesARestart	pass	0.65
TestOpenReadOnlyAcceptsCompleteJournalsBelowTheVersionGates	pass	0.65
TestRiskBucketOrderRegistrationDerivesCanonicalPolicyCurrencyAndBindsDivergentRetry	pass	0.65
TestBeginStrategyDispatchSubmittingRejectsInvalidMissingAndNonClaimedWithoutRevival	pass	0.65
TestClassificationSurvivesTheAggregateBeingDerived	pass	0.65
TestA066StaleUsageIsRefusedOnceAndReEvaluatedOnTheNextWave	pass	0.64
TestA066EntryLossLockReleaseIsOperatorApprovedAuditedAndOpensEntry	pass	0.64
TestBrokerOrderExitLinksTreatsBrokerOrderIDsAsOpaqueBytes	pass	0.64
TestOpenExitStatePreservesPinnedRuntimePolicyIdentity	pass	0.64
TestRecordExitJudgementRejectsProposalFromAnotherSnapshot	pass	0.64
TestTheIntentIsAttachedAfterItIsMinted	pass	0.64
TestACancelledRungIsProposableAgain	pass	0.64
TestMigrationV13ToV14IsAdditiveAndPreservesLegacyRiskIntentBytes	pass	0.64
TestReapplyingTheSameAdjustmentIsANoOp	pass	0.64
TestDailyLossReservationLapsesAtTheMarketsDayBoundary	pass	0.64
TestOrphanSweepUsesScopedTerminalWhenLegacyMirrorBelongsToAnotherScope	pass	0.64
TestEntryLossLockConcurrentActivationsLeaveOneLock	pass	0.64
TestRiskBucketOrderRegistrationRequiresExactConfirmedOfficialOrderAuthority	pass	0.64
TestA066EntryReleaseBoundToAnotherScopesLockIsStale	pass	0.63
TestANewQuarantineRecordsTheSelectorThatJudgedIt	pass	0.63
TestA111RefreshRejectsARealCurrentPendingProposalAndPreservesItsEvidence	pass	0.63
TestBrokerOrderExitLinksRefusesIncompleteAmendEvidence	pass	0.63
TestBrokerOrderExitLinksFailsClosedForCrossAccountLineageEdge	pass	0.63
TestTakenRatioIsMonotoneAndBounded	pass	0.63
TestStaleRiskReducingIntentFromAClosedGenerationDoesNotBlockForever	pass	0.63
TestUnresolvedRiskReducingIntentInTheLiveGenerationStillBlocks	pass	0.63
TestReObservedCorrectionIsDedupedByTheUniqueKey	pass	0.63
TestExitSnapshotDuplicateDecisionIsNotRearmed	pass	0.63
TestTheLadderPolicyIsChosenExplicitly	pass	0.63
TestASecondExitStateIsRefused	pass	0.63
TestAStopAtOrAboveEntryIsRefused	pass	0.63
TestAStateOnlyPromotionCannotBeArmed	pass	0.63
TestResolvingNothingIsNotAnError	pass	0.63
TestTheWorkingSetIsScopedToTheAccount	pass	0.63
TestLiveOrdersForSymbolKeepsAReusedCurrentDayOrderAfterThePriorDayTerminal	pass	0.63
TestTrackedFillOrdersCarryLineage	pass	0.63
TestTrackedFillOrdersUseScopedLineageWhenTheSamePairIsReused	pass	0.63
TestMigrationV31ToV32StartsWithNoLaneLatched	pass	0.63
TestLegacyLadderNullPolicyReadsAsDefaultV1	pass	0.63
TestPositionPolicyReadoptResetsExitStateAtFreshT0	pass	0.63
TestPositionPolicyReleaseAndReadoptRequireExternalAdoptionAtJournalBoundary	pass	0.63
TestAnOversellFreezesTheProjectionAndBlocksTheSymbol	pass	0.63
TestMarkReplayStartedRefusesPastTheCap	pass	0.63
TestStartupSweepRecoversAnOrphanedTerminalHold	pass	0.63
TestPreOwnerFailClosedEvidenceCannotAlertAFutureReservation	pass	0.63
TestRiskBucketOwnerBindRefusalWritesNothingWithoutAuthoritativeGeneration	pass	0.63
TestStrategyPlanConcurrentDuplicateHasOneWriterAndExactReplays	pass	0.63
TestA066RecordedLimitIncludesReleasedRowsThatStillCountFilledUsage	pass	0.62
TestAReleaseDoesNotConsumeTheLedgersAbilityToQuarantineAgain	pass	0.62
TestAQuarantineWrittenBeforeTheColumnReadsAsUnknown	pass	0.62
TestA092CommitOrderSurvivesAVacuumCopy	pass	0.62
TestCampaignFillDoesNotClearTheStopEntryLatch	pass	0.62
TestCorrectionCarriesTheAccountItBelongsTo	pass	0.62
TestDecisionBindingIsImmutableAcrossTransitions	pass	0.62
TestOpenExitStateRejectsASeedWhosePolicyMeaningDoesNotMatchItsID	pass	0.62
TestLegacyDetectionRequiresEveryV10ColumnToBeNull	pass	0.62
TestAJudgementAdvancesTheStateAndAppendsAnEvent	pass	0.62
TestADescendingBaselineIsRefusedByTheLedgerToo	pass	0.62
TestOrderIDLatestDayPartitionKeepsBothMarketsInTheSameAccount	pass	0.62
TestResolveCurrentOrderIDScopedRejectsLegacyAndV16ChildrenInOneScope	pass	0.62
TestMigrationV30ToV31LeavesExistingAlertsClaimable	pass	0.62
TestLinkCampaignOrderRequiresImmutableIntentAttemptLineage	pass	0.62
TestARefusedSnapshotLeavesTheProjectionAlone	pass	0.62
TestTheProjectionAndTheFillAreOneCommit	pass	0.62
TestUnknownReconcileCauseIsRefused	pass	0.62
TestMigrationV23FailureRollsBackRenamesTablesAndVersion	pass	0.62
TestStrategyRecoveryCanPromoteCurrentInDoubtReceiptToDispatched	pass	0.62
TestA066KRUSConcurrentContract	pass	0.61
TestA066RecordedLimitCapUsesTheSmallestOfSeveral	pass	0.61
TestA066EntryScopeRuleBlocksOnEveryActiveReconcileRow	pass	0.61
TestReadOnlyMarksDuplicateExitEvidenceAmbiguous	pass	0.61
TestReEntryAfterCloseIsAdmittedOnANewCampaign	pass	0.61
TestExecutionCorrectionsRequireCanonicalScopeWhenOrderIDIsReused	pass	0.61
TestRiskReservationAttemptForeignKey	pass	0.61
TestAThirdPolicyKindIsRefused	pass	0.61
TestADescendingWatermarkIsRefused	pass	0.61
TestAFillOnAPositionWithNoExitStateIsNotAnError	pass	0.61
TestScopedExternalSnapshotCannotTerminateOrOwnAFutureOrder	pass	0.61
TestSpentNonceSurvivesARestart	pass	0.61
TestPrunePreservesSpentNonceWhileItsReservationIsHeld	pass	0.61
TestOutboxSurvivesTheV2Migration	pass	0.61
TestCreatePositionCampaignProspectiveCASAndRetry	pass	0.61
TestPositionPolicyReleaseAndReadoptCreateFreshGeneration	pass	0.61
TestReadoptedGenerationFillAndCompletionEventsStayGenerationTwo	pass	0.61
TestReusedOrderIDDoesNotAttachPriorDayFillToNewPositionProvenance	pass	0.61
TestOpenReadOnlyReadsWhatTheEngineIsWriting	pass	0.61
TestRefundReplayReturnsTheCountButKeepsTheWait	pass	0.61
TestRefundReplayNeverGoesNegative	pass	0.61
TestRiskBucketOrderRemainingUsesExact256BitStringArithmetic	pass	0.61
TestMigrationV30LeavesExistingQuarantinesUnstamped	pass	0.6
TestAReJudgementReleasesOnlyTheRowThatEarnedIt	pass	0.6
TestAnUnrecognisedAlertStateOwesDelivery	pass	0.6
TestReArmingResetsTheAttemptCount	pass	0.6
TestAnAdoptedPositionWithNoEngineSellFreezesNothing	pass	0.6
TestPendingStateReadsWhatTheApplyPointOwns	pass	0.6
TestAttachingWithNothingArmedIsRefused	pass	0.6
TestRecordFillKeepsReusedOrderIDSnapshotsInTheirCanonicalScopes	pass	0.6
TestFilledQuantitiesAggregatesPerSymbol	pass	0.6
TestResumeAttempt	pass	0.6
TestACrashBetweenCommitAndObservationIsRecoverable	pass	0.6
TestApplyPositionCampaignFillPreservesLatePredecessorExactlyOnce	pass	0.6
TestCampaignPlanAndOrderCapRejectZeroQuantity	pass	0.6
TestPositionPolicyReleaseRejectsPendingExitWithoutMutation	pass	0.6
TestReadOnlyPositionPoliciesPreservesReleasedLifecycle	pass	0.6
TestStoredRiskHashMatchesTheGolden	pass	0.6
TestOpenReadOnlyNamesTheMissingV21ColumnIndividually	pass	0.6
TestMarkReplayStartedCountsAndStampsTheAttempt	pass	0.6
TestStartupSweepPreservesUnresolvedHolds	pass	0.6
TestRiskBucketAdmissionRejectsImmutablePolicyAndSnapshotCollision	pass	0.6
TestDispatchIsDispatchVerifiedWithoutACheck	pass	0.6
TestStrategyEvidenceReadBoundaryDistinguishesLegacyAndMissing	pass	0.6
TestPendingStrategyPlansAreAccountScopedAndZeroAttemptRecoversToRefused	pass	0.6
TestStrategyRecoveryMultipleCoreAttemptsIsDurableInDoubt	pass	0.6
TestWeeklyFirstLegBindsPairedKRUSReservationsAtomically	pass	0.6
TestEnqueueAlertKeepsItsContract	pass	0.59
TestReArmingClearsThePreviousEpisodeTimestamps	pass	0.59
TestARowBeingSentIsStillUndelivered	pass	0.59
TestAFailedV31MigrationLeavesTheJournalAtV30	pass	0.59
TestA111EqualTimeOfficialEvidenceOutranksCycleButNotTheReverse	pass	0.59
TestBrokerOrderExitLinksAttributesOnlyConfirmedPlaceAttempts	pass	0.59
TestBrokerOrderExitLinksFailsClosedForPureSingleParentCycle	pass	0.59
TestAdoptPositionIsSetOnce	pass	0.59
TestResolveConfirmedWithLineageStoresTheIdentifierVerbatim	pass	0.59
TestObservationSurvivesTheDecisionItReferences	pass	0.59
TestRiskReservationsConstraints	pass	0.59
TestExecutionCorrectionsDedup	pass	0.59
TestOnlyPositiveDeltasBecomeFills	pass	0.59
TestLegacySnapshotCannotTerminateOrOwnAFutureReusedOrder	pass	0.59
TestRefusedReservationLeavesNoDecision	pass	0.59
TestMigrationV14CommitAndUserVersionSurviveSIGKILL	pass	0.59
TestSecondDispatchOnOneDecisionIsRefused	pass	0.59
TestPruneRemovesRecordsOlderThanTheRetention	pass	0.59
TestRelaxationRequiresAnApproval	pass	0.59
TestDeliveryAndAcknowledgementAreDistinctStates	pass	0.59
TestAdoptionPolicySnapshotSurvivesUntilExitStateRecovery	pass	0.59
TestTheFillWatermarkIsPerSymbol	pass	0.59
TestCampaignCommandsAndEventsAreAppendOnly	pass	0.59
TestCancelledProspectiveTokenIsNotReusedAndNextCASVersionCanCreate	pass	0.59
TestPositionPolicyOverrideCASAndAuditAreAtomic	pass	0.59
TestTheProjectionCarriesThePreviousSnapshotForItsCostBasis	pass	0.59
TestWhyDoesThisPositionExist	pass	0.59
TestALedgerWithoutTheAttemptTableIsRefusedAtOpenRatherThanPerQuery	pass	0.59
TestAtomicMarketReleaseDoesNotCrossIntoPeerMarket	pass	0.59
TestNotDispatchedReleasesInTheSameTransaction	pass	0.59
TestAFailedAuditWriteAbortsTheRelease	pass	0.59
TestOperatorReleaseRefusesAnAlreadyReleasedHold	pass	0.59
TestOpenExposureDoesNotLapseWithTheDay	pass	0.59
TestStartupSweepReleasesExpiredUnconsumedHolds	pass	0.59
TestConcurrentDecisionsCannotBothTakeTheLastSlot	pass	0.59
TestReachingTheAggregateLimitIsRefused	pass	0.59
TestRiskBucketOwnershipAmbiguityLatchesEveryOwnerDecisionWithoutDroppingFill	pass	0.59
TestLineageEdgeUniqueness	pass	0.59
TestStrategyEvidenceLineagePersistsOnlyImmutableReference	pass	0.59
TestFirstLegAtomicAdmissionSurvivesReopenWithoutLegacyRecovery	pass	0.59
TestFirstLegAtomicAdmissionTokenCollisionRollsBackSecondMarket	pass	0.59
TestWeeklyMarketReservationConcurrentSameScopeHasOneWinner	pass	0.59
TestTheOnlyWayInIsAHook	pass	0.59
TestAQuarantineFromTheCurrentSelectorIsNotReJudged	pass	0.58
TestReArmingClearsThePreviousAcknowledgement	pass	0.58
TestRecordingAFailedAttemptKeepsTheLease	pass	0.58
TestReleasingAClaimTwiceNamesNoHolder	pass	0.58
TestAnAdoptedPositionTheEngineLiquidatedFreezesAnOutcome	pass	0.58
TestAdoptPositionRecordsAnAbsentCostBasis	pass	0.58
TestPositionAdjustmentsConstraints	pass	0.58
TestRepeatedPollOfACorrectedSnapshotChangesNothing	pass	0.58
TestQuantityChangeIsAFillNotACorrection	pass	0.58
TestCrashAfterRecordedIntentSurvivesRestart	pass	0.58
TestCrashDuringUncommittedWriteLeavesNothing	pass	0.58
TestRunRefusesUnknownDispatchClass	pass	0.58
TestObservationRecordsAllThreeOutcomes	pass	0.58
TestObservationIsUniquePerDecision	pass	0.58
TestClosingThePositionCompletesTheExitState	pass	0.58
TestShrinkingCumulativeQuantityFailsClosed	pass	0.58
TestTrackedFillOrdersRejectMalformedLegacyLineageOwnership	pass	0.58
TestIssuanceRefusesAnExpiredDecision	pass	0.58
TestRecoverPendingIsIdempotent	pass	0.58
TestFailedV13MigrationRollsBackTablesAndUserVersion	pass	0.58
TestDegradationCountSurvivesAFullObservationStore	pass	0.58
TestAnAutomaticRelaxationIsRefused	pass	0.58
TestTheModeIsRestoredAfterARestart	pass	0.58
TestCreatePositionCampaignUsesAuthoritativeClosedPositionVersion	pass	0.58
TestOpenReadOnlyDoesNotMigrate	pass	0.58
TestReconcileStateRequiresEvidence	pass	0.58
TestReEnteringAnActiveScopeKeepsTheFirstObservation	pass	0.58
TestReconcileMarketScopeValidation	pass	0.58
TestAccountWideAndSymbolScopesAreSeparate	pass	0.58
TestMarkReplayStartedRefusesAnAttemptThatIsNotInDoubt	pass	0.58
TestRiskBucketSameOwnerScaleInUsesMonotonicAggregateReplay	pass	0.58
TestRiskBucketSameOwnerScaleInRejectsBucketKeyOrPolicyVersionChange	pass	0.58
TestStrategyDispatchOwnerEpochFencesPredecessorAndDormantAPIsMintNothing	pass	0.58
TestStrategyEvidenceSchemaRejectsDirectPartialReference	pass	0.58
TestStrategyEvidenceReadBoundaryRejectsUnsupportedMarket	pass	0.58
TestFirstLegAtomicAdmissionSameAccountKRUSRecollectsTheSerializedLoser	pass	0.58
TestFirstLegAtomicAdmissionExactReplayUsesOriginalJournalToken	pass	0.58
TestStrategyTerminalStateIsCASAndDurable	pass	0.58
TestWeeklyMarketReservationRejectsCalendarCorrectionDuplicate	pass	0.58
TestA066ReaffirmAfterTheOperatorLookedMakesTheReleaseStale	pass	0.57
TestTheOperatorReleasePathCannotStampMachineEvidence	pass	0.57
TestA092HistoryIsInCommitOrder	pass	0.57
TestClaimingADeliveredAlertInsideTheWindowOwesNothing	pass	0.57
TestClaimingAnUndeliveredAlertStillOwesDelivery	pass	0.57
TestAZeroReminderWindowNeverReArms	pass	0.57
TestASettledStampInTheFutureStillOwesDelivery	pass	0.57
TestRecoveringAnUnknownStateIgnoresTheReminderWindow	pass	0.57
TestTwoSendersReachingOnePendingRowLeaveWithOneRightToSend	pass	0.57
TestAClaimJustIssuedIsNotStolenAtTheSkewBoundary	pass	0.57
TestBrokerOrderExitLinksScopesCollidingIDsByMarket	pass	0.57
TestAdjustmentToZeroClosesAnEngineEnteredPosition	pass	0.57
TestExitStatesRequiredColumns	pass	0.57
TestCallerSuppliedAccountRefWins	pass	0.57
TestDecreasedQuantityStillFailsClosedWithAnAmount	pass	0.57
TestAttemptTransitionsAppendHistory	pass	0.57
TestReconcileRequiredColumns	pass	0.57
TestAFillFromAnotherIntentDoesNotResolveTheProposal	pass	0.57
TestDuplicateSurvivesRestart	pass	0.57
TestRecordFillRejectsAnUnreadableQuantity	pass	0.57
TestIssuanceWritesTheDecisionAndItsReservation	pass	0.57
TestUnresolvedInDoubtIsOperatorOnly	pass	0.57
TestRefusalLossIsCountedAsUnrecoverable	pass	0.57
TestAFailedAuditWriteAbortsTheRelaxation	pass	0.57
TestANoOpTransitionIsNotAnnounced	pass	0.57
TestMarkingANonPendingAlertIsRefused	pass	0.57
TestConcurrentProspectiveCampaignCreationHasOneWinner	pass	0.57
TestAnOrderWithNoLocalIntentIsNotProjected	pass	0.57
TestUnknownReleaseCauseIsRefused	pass	0.57
TestReleasingNothingIsNotAnError	pass	0.57
TestAtomicReconcileReleaseRollsBackEveryScopeWhenOneCauseDoesNotMatch	pass	0.57
TestMarkReplayStartedRefusesAMissingAttempt	pass	0.57
TestFractionalShareAmountsSurviveTheLedger	pass	0.57
TestStaleSnapshotIsRefused	pass	0.57
TestRiskBucketAdmissionCommitsQFinalExistingReservationOwnerAndAllBucketsAtomically	pass	0.57
TestRiskBucketAdmissionRollsBackPartialBucketWriteAndOwner	pass	0.57
TestEntryLossLockActivationKeepsTheFirstCauseAndIsImmutable	pass	0.57
TestEntryLossLockSurvivesReopen	pass	0.57
TestOpenIsIdempotent	pass	0.57
TestForeignKeysRejectOrphanAttempt	pass	0.57
TestFirstLegAtomicAdmissionCompetingSameScopeHasOneWinner	pass	0.57
TestFirstLegAtomicAdmissionEntropyFailureWritesNothing	pass	0.57
TestMigrationV26FailureRollsBackBindingAndVersion	pass	0.57
TestStrategyExecutionLinkReplayPreservesFirstTimestamp	pass	0.57
TestStrategyProductionIssuanceFailureRollsBackReservationAndAllAuthority	pass	0.57
TestWeeklyMarketReservationPersistsPairedKRUSAndReplays	pass	0.57
TestA066AtMostOneOpenLockPerScopeIsEnforcedByTheSchema	pass	0.56
TestA092RecordAlertTakesNoLease	pass	0.56
TestA092RecordAlertRearmsASettledRowPastTheWindow	pass	0.56
TestA092RecordAlertLeavesAForeignLeaseAlone	pass	0.56
TestA092RecordAlertRefusesAKeylessAlert	pass	0.56
TestClaimingAnAcknowledgedAlertFollowsTheSameWindow	pass	0.56
TestReArmingCarriesTheCauseThatReArmedIt	pass	0.56
TestARecordOnlyCallerDoesNotReArmADeliveredRow	pass	0.56
TestARecordedAlertCanBeClaimedImmediately	pass	0.56
TestReArmingClearsTheLeaseOfThePreviousEpisode	pass	0.56
TestPendingAlertsProjectTheLeaseButNeverTheToken	pass	0.56
TestAnAcknowledgedRowRefusesTheSendersSettlement	pass	0.56
TestAcknowledgingClearsTheLease	pass	0.56
TestAResultThatWroteNothingCarriesNoAttempts	pass	0.56
TestAdoptPositionRecordsAndPointsTheProjection	pass	0.56
TestAdoptedPositionProvenanceIsAdoptionPositionExitEvent	pass	0.56
TestPositionsInstanceUnique	pass	0.56
TestRunSkipsDispatchWhenTheJournalWriteFails	pass	0.56
TestRunPropagatesPrepareFailure	pass	0.56
TestPrepareCommitsIntentAndRecordedAttempt	pass	0.56
TestPrepareRefusesAnUnpersistedDecision	pass	0.56
TestPrepareFailureBlocksSubmission	pass	0.56
TestGapScanFindsOnlyDecisionsPastTheWriteDeadline	pass	0.56
TestDecisionsNonceUnique	pass	0.56
TestSavedMonotoneRecoveryCannotArmRecomputedOrder	pass	0.56
TestPostOwnerFillStartsANewCumulativeSequenceAfterExternalEvidence	pass	0.56
TestIssuanceRefusesAStaleOrSupersededSnapshot	pass	0.56
TestIssuanceWithRecollectionExhausts	pass	0.56
TestConcurrentIssuancesCannotBothTakeTheLastSlot	pass	0.56
TestSingleShotReserveStillRefusesTheExpiredDecision	pass	0.56
TestPendingAttempts	pass	0.56
TestResolveCurrentOrderIDScopedValidatesCompleteScope	pass	0.56
TestTheApprovedRelaxationIsAuditedWithBothValues	pass	0.56
TestAnOperatorTighteningNeedsNoApproval	pass	0.56
TestNoModeRowMeansNormal	pass	0.56
TestTheLatestRowIsOrderedByCreatedAtThenRowid	pass	0.56
TestConcurrentEscalationsConvergeOnTheStrictestMode	pass	0.56
TestARefusedTransitionIsNotAnnounced	pass	0.56
TestModeProjectorIsBoundOnce	pass	0.56
TestTheSnapshotIsWhatThreeConsumersRead	pass	0.56
TestSettlingWithoutAClaimIsRefused	pass	0.56
TestTheAccountsQuantityWinsAndTheProjectionConverges	pass	0.56
TestAnExternalHoldingOnAClosedSymbolOpensTheNextInstance	pass	0.56
TestAnAdjustmentConvergesAFrozenProjection	pass	0.56
TestHasCampaignSuccessorPropagatesQueryFailure	pass	0.56
TestPositionPolicyReadoptRejectsIneligibleHolding	pass	0.56
TestReleaseRequiresACauseAndEvidence	pass	0.56
TestOperatorReleaseIsTheExitForAnUnknownHold	pass	0.56
TestOperatorReleaseRefusesWithoutReasonEvidenceOrAudit	pass	0.56
TestCallerMayNarrowTheStalenessBoundButNotWidenIt	pass	0.56
TestRiskBucketFillRestartReplayAndDriftLatchNeverDropAuthoritativeFill	pass	0.56
TestRiskBucketAmbiguousSidecarLatchesAllApplicableReservationsWithoutDroppingFill	pass	0.56
TestOperatorResolveStoresTheIdentifierVerbatim	pass	0.56
TestSchemaVersionRecorded	pass	0.56
TestOpenCreatesPrivateDataDir	pass	0.56
TestOpenUsesDefaultPathFromEnv	pass	0.56
TestSchemaIndexes	pass	0.56
TestMigrationV25AddsOnlyDurableStrategyDispatchStateAndPreservesV24	pass	0.56
TestStrategyProductionIssuanceBindsFullDecisionRecordIdentity	pass	0.56
TestStrategyAttemptLineageAllowsOnlySanctionedStateCAS	pass	0.56
TestReleasedV26BuildRefusesV27Journal	pass	0.56
TestA066AdmissionCalculatorRefusalWritesNothing	pass	0.55
TestTheFirstRungActivationIsRecordedRatherThanQuarantined	pass	0.55
TestA092RecordAlertInsideTheWindowOwesNothing	pass	0.55
TestClaimingAFreshAlertOwesDelivery	pass	0.55
TestClaimingADeliveredAlertPastTheWindowIsReArmed	pass	0.55
TestA111OperationalEqualityChecksEveryD1FieldUsingEvaluatorGeneratedDonors	pass	0.55
TestA111RefreshFailureRollsBackTheWholeTuple	pass	0.55
TestAdoptPositionRefusesAnEngineEnteredPosition	pass	0.55
TestOpenAdoptedExitStateSeedsFromTheAdoptionRecord	pass	0.55
TestASmuggledApplyHandleIsDead	pass	0.55
TestAveragePriceCorrectionIsRecordedWithoutAQuantityDelta	pass	0.55
TestUnobservedCorrectionValuesAreStoredAsEmptyNotNull	pass	0.55
TestBlankOrderIdIsStillRefused	pass	0.55
TestRecordAndLookupDecision	pass	0.55
TestReductionDecisionCarriesNoKeyOrLimits	pass	0.55
TestIdempotencyKeyIsClaimedOnce	pass	0.55
TestObservationRoundTripsEveryColumn	pass	0.55
TestPruneEntryObservationsDoesNotBlockTheOrderPath	pass	0.55
TestAPositionWithNoEntryDecisionIsNotManaged	pass	0.55
TestAnExternalOrderIsIgnoredByTheExitApplier	pass	0.55
TestIdenticalSnapshotChangesNothing	pass	0.55
TestOutOfOrderSnapshotFailsClosed	pass	0.55
TestTrackedFillOrdersDoNotBindLegacyLineageSnapshotAcrossReusedDays	pass	0.55
TestIssuanceWithRecollectionConverges	pass	0.55
TestIssuanceWithRecollectionExpiresWithTheDecision	pass	0.55
TestIssuanceRefusesAMismatchedPairing	pass	0.55
TestMigrationV34ToV35KeepsExistingLocksInForceAndSwapsTheTrigger	pass	0.55
TestAnalyticsFailureIsNotATrigger	pass	0.55
TestProtectionWeakeningIsRefusedByTheDecisionRecorderInEveryMode	pass	0.55
TestConservativePrecedenceKeepsTheStricterMode	pass	0.55
TestRestoringANormalAccountProjectsTheReleaseToo	pass	0.55
TestAFailedAnnouncementDoesNotUndoTheTransition	pass	0.55
TestAcknowledgeRequiresAnOperator	pass	0.55
TestMixedCurrenciesAreRefused	pass	0.55
TestRecollectionDoesNotRetryALimitRefusal	pass	0.55
TestRecollectionSucceedsOnASecondSnapshot	pass	0.55
TestRiskBucketAdmissionDivergentRetryCannotHideChangedConsumedSnapshotAmounts	pass	0.55
TestRiskBucketAdmissionPersistsDistinctPolicyAndSnapshotObservationWindows	pass	0.55
TestStrictTablesRejectWrongType	pass	0.55
TestMigrationV25FailureRollsBackEveryDispatchTableAndVersion	pass	0.55
TestDormantEvidenceReadWritesNothingAnywhereInTheJournal	pass	0.55
TestStrategyReverseLookupUsesBoundedCoveringIndex	pass	0.55
TestMigrationV27FailureRollsBackWeeklyObjectsAndVersion	pass	0.55
TestRealizedRIsNotThePriceR	pass	0.55
TestA066SharedBucketSecondEntryReadsItsOwnPolicyRecord	pass	0.54
TestA092TransitionsCarryTheirCommitSequence	pass	0.54
TestA092RecordAlertZeroWindowNeverRearms	pass	0.54
TestAcknowledgementIgnoresTheLease	pass	0.54
TestAdoptPositionReplayIsIdempotent	pass	0.54
TestExitStatesEnumsAndDefaults	pass	0.54
TestRunNilDispatch	pass	0.54
TestPrepareStoresEmptyPriceAsNull	pass	0.54
TestSettleRequiresTerminalState	pass	0.54
TestIntentAttemptedProvesAbsenceBeforeADispatch	pass	0.54
TestObservationRefusesAMisdescribedRow	pass	0.54
TestDecisionsRequiredColumns	pass	0.54
TestDecisionsGenerationDefaultsToZero	pass	0.54
TestExecutionCorrectionsOrderForeignKey	pass	0.54
TestFillSnapshotFilledAmountDefault	pass	0.54
TestOlderTimestampWithTheSameQuantityIsJustAReRead	pass	0.54
TestCallerFailClosedIsRecordedWithoutAdvancing	pass	0.54
TestIssuanceWithRecollectionStopsOnALimit	pass	0.54
TestResolveCurrentOrderIDScopedRequiresConfirmedMatchingAmendOwnership	pass	0.54
TestMigrationV11ToV12IsAdditiveAndPreservesExistingRows	pass	0.54
TestFreshJournalIsNotBackedUp	pass	0.54
TestPruneRefusesToOutliveNothing	pass	0.54
TestARepeatedTriggerAppendsNothing	pass	0.54
TestFailedAttemptsAccumulateAndTheRowStaysPending	pass	0.54
TestSchemaV9AddsOnlyNullablePolicySnapshotColumns	pass	0.54
TestPositionPolicyReleaseRemovesExactGenerationFromWorkingSet	pass	0.54
TestLateOldGenerationJudgementIsQuarantined	pass	0.54
TestReusedOrderIDIsOwnedByTheObservedTradingDay	pass	0.54
TestMarketScopedReconcilesEnterReadAndReleaseIndependently	pass	0.54
TestGlobalReconcileScopeBlocksMarketEntryWithoutBeingReleasedByIt	pass	0.54
TestAnAdjustmentAppliedReleaseIsRecorded	pass	0.54
TestUnresolvedInDoubtDoesNotRelease	pass	0.54
TestCollidingTerminalFillKeepsEveryReservationHeld	pass	0.54
TestReservationRequiresARecordedUnexpiredDecision	pass	0.54
TestRecollectionStopsAtTheDeadline	pass	0.54
TestRefuseEntryUnderLossLockFailsClosedOnUnknownScopeAndReadError	pass	0.54
TestEntryLossLockSchemaRefusesValuesTheRuleCannotMatch	pass	0.54
TestQFinalIssuanceCommitsDecisionAggregateFiveBucketsAndOwnerAtomically	pass	0.54
TestDispatchVerifiedFailureLeavesInDoubt	pass	0.54
TestSchemaTablesAndColumns	pass	0.54
TestOpenRefusesNewerSchema	pass	0.54
TestFirstLegAtomicAdmissionDeliversKRAndUSTogether	pass	0.54
TestTheLatchTableRefusesARecordItCannotClassify	pass	0.54
TestAReQuarantineDoesNotClaimAReJudgementThatDidNotHappen	pass	0.53
TestA092CurrentModeIsTheLatestCommitNotTheLatestClock	pass	0.53
TestA111RefreshCannotOverwriteAConcurrentStrongerJudgement	pass	0.53
TestA111RefreshPreservesTheExistingPolicyAndGenerationOnAValidCandidate	pass	0.53
TestPositionsEntryDecisionReference	pass	0.53
TestOperatingModesConstraints	pass	0.53
TestFillSnapshotStoresTheOrderIdVerbatim	pass	0.53
TestTransitionFromWrongStateIsRejected	pass	0.53
TestLookupMissingRecords	pass	0.53
TestFirstObservationThatFailsClosedIsStillVisible	pass	0.53
TestAveragePriceIsReplacedNotAccumulated	pass	0.53
TestIssuanceRejectsAMalformedDecisionBeforeReserving	pass	0.53
TestMigrationV19RefusesTwoIntentsClaimingTheSameCanonicalScope	pass	0.53
TestAttemptWithoutADecisionSpendsNothing	pass	0.53
TestHaltAllIsNeverAutomatic	pass	0.53
TestRelaxationRequiresAnAuditLog	pass	0.53
TestClaimingWithoutANameIsRefused	pass	0.53
TestAnUnpricedFillLeavesTheBasisUnknown	pass	0.53
TestFailClosedObservationAlertsOnlyItsCanonicalReservationScope	pass	0.53
TestIssueVerifiedFirstLegStrategyDispatchLeaseRollsBackDerivedAuthorityWithLeaseInsert	pass	0.53
TestStrategyEvidenceLineageReplayIsExact	pass	0.53
TestReleasedV25BuildRefusesV26Journal	pass	0.53
TestA111RefreshIsIdempotentAndDurableAcrossRestart	pass	0.52
TestA111SameCycleRaceLeavesExactlyOneCompleteWinner	pass	0.52
TestExposureRefusalAtLinkLeavesRefusalEvidence	pass	0.52
TestMarkInDoubtFromDispatchStarted	pass	0.52
TestLateParentFillStartsANewSequenceAfterExternalEvidenceAndReplacement	pass	0.52
TestV8BuildRefusesV9AndV9BacksUpBeforeApplying	pass	0.52
TestLadderExitStateSnapshotsItsPolicyID	pass	0.52
TestASellWithNothingHeldIsAttributionFailure	pass	0.52
TestExpectCauseReleasesOnlyYourOwnState	pass	0.52
TestReservationVersionStartsAboveZero	pass	0.52
TestUnknownAggregateIsRefusedRatherThanTreatedAsZero	pass	0.52
TestADecisionReservesOnce	pass	0.52
TestQFinalIssuanceOwnerConflictRollsBackDecisionAndEveryReservation	pass	0.52
TestAQuarantineFromADeadGenerationIsNotOffered	pass	0.51
TestARearmedRowCountsFromZero	pass	0.51
TestPrepareValidatesTheDecisionBinding	pass	0.51
TestReconcileActiveUnique	pass	0.51
TestTypedArmSuppressionPersistsOrderableSnapshotWithoutArming	pass	0.51
TestLiveOrdersForSymbolUsesLegacyTerminalOnlyWithinItsMarket	pass	0.51
TestMigrationV19BackfillsOnlyAPreexistingConfirmedOwner	pass	0.51
TestATransitionIsPersistedAndProjectedInOneFlow	pass	0.51
TestCampaignFillRollbackAndRestartAreDeterministic	pass	0.51
TestAnotherDecisionsFillsAreNotThisPositionsProvenance	pass	0.51
TestRiskBucketAdmissionConcurrentProspectiveOwnersHaveOneWinner	pass	0.51
TestRiskBucketFillSidecarRollsBackWithAuthoritativeFillTransaction	pass	0.51
TestRiskBucketOrphanReservationMappingLatchesWithoutDroppingAuthoritativeFill	pass	0.51
TestOpenAppliesDurabilityPragmas	pass	0.51
TestStrategyProductionIssuanceCommitsAuthorityReservationAndLineageTogether	pass	0.51
TestAnAnalyticsFailureDoesNotRollBackTheClose	pass	0.51
TestAnUnknownRevisionStillEarnsItsOneReJudgement	pass	0.5
TestAJudgementThatIsNotAReJudgementReleasesNothing	pass	0.5
TestAFailedAttemptReturnsTheAttemptsItCommitted	pass	0.5
TestAdjustmentToZeroDoesNotCloseTwice	pass	0.5
TestOpenExitStateRefusesAPositionWithNeitherRecord	pass	0.5
TestClosedBoundGenerationBlocksTheNextEntryLeg	pass	0.5
TestDecisionsPreimageKindCheck	pass	0.5
TestAttemptClientOrderIDUniquePerAccount	pass	0.5
TestFractionalFillsUseTheDecimalTolerance	pass	0.5
TestLiveOrdersForSymbolRejectsDuplicateCanonicalOwner	pass	0.5
TestMigrationV19NeverBindsLegacyEvidenceToAFutureReusedOrder	pass	0.5
TestNonceIsSpentInTheDispatchTransaction	pass	0.5
TestCreatePositionCampaignRejectsMissingDecisionAndOpenPosition	pass	0.5
TestCampaignStopCompositionPersistsCandidateAndNeverRetreats	pass	0.5
TestExpiryReleasesOnlyWhenTheNonceWasNeverSpent	pass	0.5
TestRiskBucketOwnerReuseRequiresExactProspectiveIdentity	pass	0.5
TestMigrationV24AddsOfficialZeroAuthorityAndReleaseReceiptsWithoutRewritingV23	pass	0.5
TestStrategyEvidenceGoGuardAcceptsACanonicalReference	pass	0.5
TestA066FillWithAMissingDecisionReservationLatchesAndKeepsTheFill	pass	0.49
TestA111RefreshRejectsARealReleasedLifecycleAndPreservesItsTuple	pass	0.49
TestApplyHooksSkipRefusedAndNoOpSnapshots	pass	0.49
TestSpentNoncesPrimaryKey	pass	0.49
TestExecutionCorrectionDedupColumnsAreNotNullable	pass	0.49
TestExitSnapshotOutputDigestRejectsForgedDerivedLine	pass	0.49
TestConfirmedCancelDoesNotBecomeASecondOrderOwner	pass	0.49
TestIllegalTransitionIsRejectedByTheJournal	pass	0.49
TestAdjustmentRequestsAreValidatedBeforeAnythingIsWritten	pass	0.49
TestAnExternalPositionHasNoEntryProvenance	pass	0.49
TestDerivedTerminalFillReleasesTheHold	pass	0.49
TestOrphanSweepKeepsCollidingIntentReservationsHeld	pass	0.49
TestMigrationV28InstallsExactDispatchAuthorityUpdateGuard	pass	0.49
TestTheReachedExitStageIsCopiedAtTheClose	pass	0.49
TestAQuarantineWithNoReadableSnapshotSaysSoRatherThanShowingBlank	pass	0.48
TestAdjustmentToZeroLeavesAnUnmanagedPositionAlone	pass	0.48
TestApplyHooksRunInsideTheFillTransaction	pass	0.48
TestTradeOutcomesFrozenRecord	pass	0.48
TestPrepareValidation	pass	0.48
TestPrepareRejectsAccountRefMismatch	pass	0.48
TestExitSnapshotPersistsWholeRecoveryCandidates	pass	0.48
TestTrackedFillOrdersScopeReusedOrderIDsByAccount	pass	0.48
TestTrackedFillOrdersSelectLatestTradingDayWhenAnAccountReusesAnOrderID	pass	0.48
TestTrackedAndLiveOrdersKeepTwoNonterminalReusedTradingDays	pass	0.48
TestFailedV14MigrationRollsBackAndBacksUpV13	pass	0.48
TestAnExternalHoldingIsFoldedInWithNoEntryDecision	pass	0.48
TestAnAdjustmentToZeroClosesTheInstance	pass	0.48
TestAdjustmentsAreAppendOnly	pass	0.48
TestAnEmptyExitHistoryStillWalks	pass	0.48
TestDailyLossReservationNeedsItsTradingDay	pass	0.48
TestRiskReducingFillNeverRequiresRiskBucketAccounting	pass	0.48
TestRiskBucketOrderRegistrationRejectsQuantityDivergentFromConfirmedIntent	pass	0.48
TestMigrationV22ToV23PreservesLegacyRowsWithoutPromotingThemToAuthority	pass	0.48
TestStrategyDecisionLineageInsertFailureSurfacesTheStatementError	pass	0.48
TestARollbackDoesNotLetAnOlderSelectorOverturnANewerRefusal	pass	0.47
TestAnExpiredClaimIsPickedUpByAnotherSender	pass	0.47
TestExitStatesPendingColumnsAreFree	pass	0.47
TestPartialIndexPredicates	pass	0.47
TestTrackedFillOrders	pass	0.47
TestTrackedFillOrdersIncludesConfirmedAttemptsNotYetObserved	pass	0.47
TestResolveCurrentOrderIDScopedFallsBackToValidatedLegacyLineage	pass	0.47
TestFailedV11MigrationRollsBackIndexAndVersion	pass	0.47
TestMigrationV20AddsCampaignSchemaWithoutBackfillingPositions	pass	0.47
TestUnknownBrokerStateKeepsTheReservationHeld	pass	0.47
TestRecollectionStopsAtTheAttemptCap	pass	0.47
TestReadRiskBucketStateReturnsStableMismatchInsteadOfRepairingDrift	pass	0.47
TestAStrategyLaneLatchOutlivesTheProcessThatWroteIt	pass	0.47
TestStrategyPlanRollbackLeavesNoPartialRows	pass	0.47
TestA066QFinalTransactionIDCannotBeReusedByAnotherDecision	pass	0.46
TestA111RefreshRejectsCompletedStateWithoutReopeningIt	pass	0.46
TestAdjustmentToZeroClosesAnAdoptedPosition	pass	0.46
TestAFailingApplyHookRollsBackTheFill	pass	0.46
TestReducingPlaceDecisionCarriesAKey	pass	0.46
TestPruneEntryObservationsKeepsTheWindow	pass	0.46
TestEnqueueAlertRequiresAKeyAndAType	pass	0.46
TestCampaignCommandsExpectedVersionAndDeterministicRetry	pass	0.46
TestOrphanSweepDoesNotReleaseAFailClosedObservation	pass	0.46
TestPrepareBindsTheDecisionsReservationsToTheAttempt	pass	0.46
TestQFinalMarkedDecisionWithoutAdmissionFailsClosed	pass	0.46
TestDispatchVerifiedRunsAfterMarkAckedAndBeforeSettle	pass	0.46
TestMigrationV21FailureRollsBackBothColumnsAndVersion	pass	0.46
TestTheJudgementIgnoresAListingThatWentStale	pass	0.45
TestAmountOnlyCorrectionIsDetected	pass	0.45
TestPrepareRecordsTheDecisionBinding	pass	0.45
TestObservationWriteFailureLeavesTheLedgerAlone	pass	0.45
TestPositionPolicyCommandsNeverRebindSavedExitSnapshot	pass	0.45
TestOrphanSweepDoesNotReleaseReservationBoundToAnotherDecision	pass	0.45
TestRiskBucketAdmissionRejectsCrossWiredDistinctObservationWindows	pass	0.45
TestReleasedV24BuildRefusesV25Journal	pass	0.45
TestASettlementFromALostLeaseLeavesTheNewHolderAlone	pass	0.44
TestTheAccountViewsAreEmptyRatherThanFailingOnAnEmptyJournal	pass	0.44
TestAFailingExitHookRollsBackTheProjectionToo	pass	0.44
TestCampaignHookRunsBetweenProjectionAndExitAndRollsBackAtomically	pass	0.44
TestPositionsStateCheck	pass	0.44
TestExitEventsAreAppendOnlyHistory	pass	0.44
TestCoreDomainTablesAreStrict	pass	0.44
TestAttemptForClientOrderID	pass	0.44
TestGapScanCountsWhatTheScheduleIsLosing	pass	0.44
TestGapScanIgnoresReductions	pass	0.44
TestRecordFillRejectsPartialScopeWithoutOverwritingOrRepeatingDelta	pass	0.44
TestResolveCurrentOrderIDScopedPreservesSamePairReusedByAnotherAccountAndDay	pass	0.44
TestResolveCurrentOrderIDScopedPreservesOpaqueBrokerOrderIDs	pass	0.44
TestTransitionIDsDoNotCollideInsideOneSecond	pass	0.44
TestExitEventsCarryLifecycleGeneration	pass	0.44
TestTheFirstFillOpensTheInstance	pass	0.44
TestCollidingConfirmedOrderIdentityBlocksWithoutProjectingAPosition	pass	0.44
TestAnUnchangedLedgerNeedsNoRecollection	pass	0.44
TestRiskBucketAdmissionRejectsSnapshotDriftAndOrphanReferenceWithoutWrites	pass	0.44
TestMigrationV22FailureRollsBackEveryTableAndVersion	pass	0.44
TestTheOpenLatchIsAlwaysTheFirstCauseNotTheLast	pass	0.44
TestTheSameSenderNameCannotSettleAnEarlierLease	pass	0.43
TestReductionDecisionRefusesLimits	pass	0.43
TestGapScanRefusesASchedulePastThePruningHorizon	pass	0.43
TestReadOnlyRelaxationViewsRefuseAPreV35Journal	pass	0.43
TestCurrentOperatingModeNeedsAnAccount	pass	0.43
TestModesAreScopedToTheirAccount	pass	0.43
TestPositionPolicyRejectsFreeActorReasonAndUnknownState	pass	0.43
TestPositionPolicyLifecycleAndAuditRollbackTogetherOnInjectedCrashPoint	pass	0.43
TestASnapshotThatPredatesACommittedReservationIsRecollected	pass	0.43
TestStrategyPlanRejectsDivergentExecutionReplay	pass	0.43
TestAClaimIssuedInTheFutureIsReopened	pass	0.42
TestALeaseHolderWithAShorterLeaseCannotStealALiveClaim	pass	0.42
TestCoreDomainPartialIndexPredicates	pass	0.42
TestRecordDecisionRefusals	pass	0.42
TestNonceIsUniqueAcrossDecisions	pass	0.42
TestLookupMissingDecision	pass	0.42
TestPrepareRecordsAccountRefWithoutADecision	pass	0.42
TestTrackedFillOrdersRejectSnapshotIdentityMismatch	pass	0.42
TestANewCostBasisFromTheAccountReplacesTheProjection	pass	0.42
TestFutureSnapshotIsRefused	pass	0.42
TestReleasedV23BuildRefusesV24Journal	pass	0.42
TestAStrategyLaneLatchAndItsRecoveryAreHistoryNotState	pass	0.42
TestA066RevalidateRefusesAMissingDimensionReservation	pass	0.41
TestDecisionsSafetyClassCheck	pass	0.41
TestUnusableTransitionRequestsAreRefused	pass	0.41
TestPositionPolicyConcurrentCASCommitsExactlyOneWinner	pass	0.41
TestOpenReadOnlyRefusesToWriteAnything	pass	0.41
TestALapsedHoldReleasedByTheSweepMovesTheVersion	pass	0.41
TestIssueVerifiedFirstLegStrategyDispatchLeaseRefusesCrossMarketAndStaleOwner	pass	0.41
TestALatchOpensOnlyForAStrictlyNewerVerifiedActivation	pass	0.41
TestStrategyPlanIsAtomicExactAndIdempotent	pass	0.41
TestUnboundHooksLeaveRecordFillUnchanged	pass	0.4
TestTrackedFillOrdersExcludeExternalSnapshots	pass	0.4
TestV15TradeOutcomeAuthorityBytesRejectUpdateButRetentionDeleteWorks	pass	0.4
TestScopedFillSnapshotPrimaryKeyContainsTheWholeCanonicalScope	pass	0.4
TestEnqueueAlertIsIdempotentOnTheEventKey	pass	0.4
TestOpenReadOnlyRejectsDamagedV21EvidenceLineage	pass	0.4
TestApplyHooksAreBoundOnce	pass	0.39
TestPrepareRefusesABindingTheDecisionDoesNotSay	pass	0.39
TestPrepareSecondAttemptOnSameIntent	pass	0.39
TestPrepareRejectsMutatedIntent	pass	0.39
TestReleasedV22BuildRefusesV23Journal	pass	0.39
TestExitStatesRequireAPosition	pass	0.38
TestFailedV8MigrationLeavesTheJournalRestorable	pass	0.38
TestMigrationV24FailureRollsBackTablesColumnsAndVersion	pass	0.38
TestMigrationV22PreservesV21AsUnknownWithoutBackfill	pass	0.38
TestMigrationV17ToV18PreservesLegacyEventsAndCorrectionsWithoutInventingScope	pass	0.37
TestMigrationV5ToV6PreservesEveryRow	pass	0.37
TestV6MigrationBacksUpBeforeApplying	pass	0.37
TestProvenanceOfNothingIsNotFound	pass	0.37
TestMigrationV10ToV11AddsIntentIndexAndPreservesRows	pass	0.36
TestFailedV7MigrationLeavesTheJournalRestorable	pass	0.35
TestMigrationV21AddsOnlyNullableConsumedSnapshotReference	pass	0.35
TestMigrationV6ToV7PreservesEveryRow	pass	0.34
TestMigrationV8ToV9PreservesRowsAndAddsNullableSnapshots	pass	0.34
TestMigrationV14ToV15IsAdditiveNullableAndIdempotent	pass	0.32
TestMigrationV4ToV5PreservesEveryRow	pass	0.31
TestMigrationBacksUpBeforeApplying	pass	0.31
TestMigrationV4ToV6IsOneRunOfTwoSteps	pass	0.31
TestOlderBuildRefusesTheV6Journal	pass	0.31
TestBackupNeverOverwritesAnExistingBackup	pass	0.3
TestV7MigrationBacksUpBeforeApplying	pass	0.3
TestOlderBuildRefusesTheV8Journal	pass	0.3
TestV8MigrationBacksUpBeforeApplying	pass	0.3
TestMigrationV23AddsScopedFillTablesAndPreservesReleasedV22LegacyShapes	pass	0.29
TestOpenReadOnlyRejectsV14BeforeNullableCostEvidence	pass	0.28
TestMigrationV15ToV16AddsEmptyOrderScopeWithoutRewritingSnapshots	pass	0.27
TestMigrationV7ToV8PreservesEveryRow	pass	0.27
TestMigrationV22AddsOnlyAuthoritativeRiskBucketJournalState	pass	0.27
TestFailedV15MigrationRollsBackColumnTriggerAndVersion	pass	0.26
TestCheckSchemaReportsEveryInspectionFailureInsteadOfSwallowingIt	pass	0.26
TestMigrationV16ToV17AddsScopedSnapshotsWithoutRewritingLegacyRows	pass	0.25
TestOlderBuildRefusesTheV5Journal	pass	0.23
TestOlderBuildRefusesTheV7Journal	pass	0.23
TestV8IsPurelyAdditive	pass	0.22
TestOpenReadOnlyRejectsV8BeforePolicyQuery	pass	0.19
TestOpenReadOnlyRejectsV9BeforeSnapshotQueries	pass	0.17
TestNoExportedAPIHandsOutAnApplyTx	pass	0.05
TestA066FreshAdmissionIdentityBackstopRunsAfterReplayRecovery	pass	0.04
TestJournalAuditActionsAreAFrozenCensus	pass	0.04
TestStrategyEvidenceReadBoundaryCallChainIsSelectOnly	pass	0.04
TestOnlyTestsReassignTheAttemptsRead	pass	0.03
TestA066StorageErrorExitsFailClosed	pass	0.01
TestEveryEntryBlockedWriterGoesThroughTheLatch	pass	0.01
TestRiskBucketUnsafeEvidenceAndReleaseMethodsAreNotExported	pass	0.01
TestDeriveClientOrderIDSeparatesDecisionsAndGenerations	pass	0.01
TestGuardedExitColumnsAreWrittenOnlyByTheApplyHook	pass	0.01
TestA066FillTransitionBucketCountGuardsAreLayered	pass	0
TestA066RevalidateDimensionGuardsAreLayered	pass	0
TestA092RecordAlertIsOneTransactionWithoutAClaim	pass	0
TestBrokerOrderExitLinksRowSentinelIsStructurallyAboveTheQueryMaximum	pass	0
TestBrokerOrderExitLinksSkipsEmptyAndBoundsScopeBeforeSQL	pass	0
TestCampaignFillHasExactlyOneLegStateJudgement	pass	0
TestReplayDerivesLegStateThroughTheSharedJudgement	pass	0
TestPreimageCanonicalFormIsStable	pass	0
TestParsePreimageRoundTrip	pass	0
TestParsePreimageRefusesNonCanonicalText	pass	0
TestNormalizeDecimal	pass	0
TestClassifyHTTPMutation	pass	0
TestSendTrackerReportsCompletion	pass	0
TestSystemFSProberReportsTempDir	pass	0
TestCheckFilesystemAllowlist	pass	0
TestCheckFilesystemProbesNearestExistingAncestor	pass	0
TestCheckFilesystemProbeErrorFailsClosed	pass	0
TestFilesystemNameMapping	pass	0
TestAllowedFilesystemsList	pass	0
TestIssueRefusalReasonIgnoresWhatIsNotARiskRefusal	pass	0
TestTransitionTable	pass	0
TestTransitionTableRejectsSelfAndUnknown	pass	0
TestEveryEnumeratedTriggerTargetsEntryBlocked	pass	0
TestModeClassTableIsComplete	pass	0
TestModeRankAndConservativePrecedence	pass	0
TestDataDirResolutionOrder	pass	0
TestDefaultPath	pass	0
TestCampaignCoreProductionWiringHasNoBrokerOrToggleAuthority	pass	0
TestRiskIntentHashIsByteStable	pass	0
TestRiskIntentFieldSetIsClosed	pass	0
TestOpenReadOnlyCreatesNeitherFileNorDirectory	pass	0
TestTheReadOnlyHandleHasNoWriteMethods	pass	0
TestOpenRefusesForbiddenFilesystem	pass	0
TestStrategyDispatchPreTransportRefusalSourceHasNoExecutionCapability	pass	0
TestStrategyEvidenceReadBoundaryIsStructurallySelectOnly	pass	0
TestStrategyDecisionPayloadSchemaMatchesDecisionRecordExactly	pass	0
TestWeeklyReservationLifecycleConsumesPositiveAndReleasesTerminalZeroExactlyOnce	pass	0
TestA049DoesNotChangePortfolioAggregateBytes	pass	0
TestAggregatesAreDerivedFromTheRows	pass	0
TestAProfitFactorWithNoLossesIsUnmeasuredRatherThanInfinite	pass	0
TestAggregatesOfNothingAreNotDivisions	pass	0
TestTheRetentionHorizonIsAHundredAndEightyDays	pass	0
TestGuardedExitColumnsAreUnreachableFromOutsideAHook	pass	0
TestDeriveClientOrderIDIsDeterministic	pass	0
TestDeriveClientOrderIDGoldenVector	pass	0
TestDeriveClientOrderIDSatisfiesTheBrokerPattern	pass	0
TestDeriveClientOrderIDIsNotAConcatenation	pass	0
TestValidClientOrderID	pass	0
TestClassifyNamesTheProvenance	pass	0
TestTheProjectedStatesAreTheSchemasStates	pass	0
TestTheAdjustmentKindsAreTheSchemasKinds	pass	0
TestAdoptionIDIsWrittenOnlyByTheAdoptionAPI	pass	0
TestEntryDecisionIDIsNeverUpdated	pass	0
FuzzA066CampaignQuantityIsComparable	pass	0
ExampleJournal_LookupStrategyTrace	pass	0
