TREE	HEAD 1b93d99c9f4ce383f96a0665290b80233b7e7748 (git archive) + own: none
CONTROL	GREEN	
E01 blocker claims success without latching	CAUGHT	1 failing: TestARefreshOnlyCentralIntegrityFaultBlocksNewEntryNotTheEngine
E02 central fault swallowed again	CAUGHT	2 failing: TestARefreshOnlyCentralIntegrityFaultBlocksNewEntryNotTheEngine, TestWithoutAnEntryGateACentralFaultIsNotSwallowed
E03 central fault on refresh-only stops the engine	CAUGHT	2 failing: TestARefreshOnlyCentralIntegrityFaultBlocksNewEntryNotTheEngine, TestARefreshOnlyWorkerCentralIntegrityErrorLeavesTheEngineRunning
E04 every refresh-only error blocks entry	CAUGHT	3 failing: TestAnOrdinaryRefreshOnlyCycleErrorDoesNotBlockEntry, TestTheOnlyWorkerProductionActuallyRunsSwallowsEveryCycleError, TestARefreshOnlyWorkerCountsTheCycleErrorsItSwallows
E05 nil gate swallows instead of escalating	CAUGHT	1 failing: TestWithoutAnEntryGateACentralFaultIsNotSwallowed
E06 production supervisor not given the gate	CAUGHT	1 failing: TestTheProductionStrategySupervisorBlocksOnTheEnginesOwnEntryGate
E07 production supervisor built without a gate	CAUGHT	1 failing: TestTheProductionStrategySupervisorRefusesAContextWithoutAnEntryGate
E08 option dropped by the constructor	CAUGHT	3 failing: TestTheProductionStrategySupervisorBlocksOnTheEnginesOwnEntryGate, TestARefreshOnlyCentralIntegrityFaultBlocksNewEntryNotTheEngine, TestARefreshOnlyWorkerCentralIntegrityErrorLeavesTheEngineRunning
E09 wrong reason code	CAUGHT	1 failing: TestARefreshOnlyCentralIntegrityFaultBlocksNewEntryNotTheEngine
E10 reason not registered in the vocabulary	CAUGHT	1 failing: TestReasonCodeEnumIsStable
E11 reason missing from the latch order	CAUGHT	1 failing: TestTheStrategyCentralIntegrityLatchReadsBeforeTheModeAndAfterSenderDown
