# old base aeeb209e -> landing HEAD; self Go commits 26: 5c5efec7 7101935c 46a9909c f9cbba8c 8a161fc8 eb072255 8f8b1178 b73b35e1 14b76963 4724c3d0 4c4fe685 472ce405 89a626c3 70f0487d 19976352 a5561ecf c43821e0 06be6ca9 b1474436 4748836b 44d0fb58 435f626e 4f49a8eb f992211b 272b715c d78f3f4a
# required at the old base (gate window) 143; functions touched by self commits 200; FRESH 20; NOT-REQUIRED(new-since-base-or-unchanged-at-landing) 172; STALE 8
file	function	commits	bundle	status
internal/app/engine/a112_central_integrity_census_test.go	TestTheCompleteCensusOfWhatCanStopTheEngineOnAStrategyFault	19976352	-	NOT-REQUIRED(new-since-base-or-unchanged-at-landing)
internal/app/engine/a112_central_integrity_census_test.go	centralIntegrityCensus	19976352	-	NOT-REQUIRED(new-since-base-or-unchanged-at-landing)
internal/app/engine/a112_dispatch_handoff_test.go	TestAClosedMarketHandsOffNothingEvenWhenAnEntryIsStillAttached	eb072255	-	NOT-REQUIRED(new-since-base-or-unchanged-at-landing)
internal/app/engine/a112_dispatch_handoff_test.go	TestAMarketThatSelectedNothingSaysSoInsteadOfBorrowingTheCapacityName	eb072255	-	NOT-REQUIRED(new-since-base-or-unchanged-at-landing)
internal/app/engine/a112_dispatch_handoff_test.go	TestAMarketWithTwoSelectedScopesNamesWhyNothingWasHandedOff	eb072255	-	NOT-REQUIRED(new-since-base-or-unchanged-at-landing)
internal/app/engine/a112_dispatch_handoff_test.go	TestARefusedHandoffLeavesTheWorkerDormant	eb072255	-	NOT-REQUIRED(new-since-base-or-unchanged-at-landing)
internal/app/engine/a112_dispatch_handoff_test.go	TestASingleSelectedScopeIsTheValueThatCrossesTheSeam	eb072255	-	NOT-REQUIRED(new-since-base-or-unchanged-at-landing)
internal/app/engine/a112_family_gate_test.go	TestAVerifiedActivationWhoseRiskOrProtectionDigestDisagreesLeavesTheMarketDormant	44d0fb58	-	NOT-REQUIRED(new-since-base-or-unchanged-at-landing)
internal/app/engine/a112_family_gate_test.go	TestTheLanesAreBuiltBeforeTheProposalsAreCollected	4748836b	-	NOT-REQUIRED(new-since-base-or-unchanged-at-landing)
internal/app/engine/a112_family_gate_test.go	TestTheProductionActivationLoaderRunsAndFindsNoManifest	435f626e,272b715c	-	NOT-REQUIRED(new-since-base-or-unchanged-at-landing)
internal/app/engine/a112_family_gate_test.go	TestWithoutASignedActivationCoordinationIsUnchanged	435f626e	-	NOT-REQUIRED(new-since-base-or-unchanged-at-landing)
internal/app/engine/a112_family_gate_test.go	TestWithoutAVerifiedActivationCoordinationIsUnchanged	272b715c	-	NOT-REQUIRED(new-since-base-or-unchanged-at-landing)
internal/app/engine/a112_family_gate_test.go	buildWorkerUnderActivation	44d0fb58	-	NOT-REQUIRED(new-since-base-or-unchanged-at-landing)
internal/app/engine/a112_family_gate_test.go	collectUnderGate	272b715c	-	NOT-REQUIRED(new-since-base-or-unchanged-at-landing)
internal/app/engine/a112_fault_scope_test.go	TestAnEffectiveMarketFaultLeavesItsPeerAndTheSupervisorAlone	4f49a8eb	-	NOT-REQUIRED(new-since-base-or-unchanged-at-landing)
internal/app/engine/a112_lane_dependency_test.go	TestEveryLaneStaysDormantOnAProposalItActuallyOwns	c43821e0,b1474436	-	NOT-REQUIRED(new-since-base-or-unchanged-at-landing)
internal/app/engine/a112_lane_dependency_test.go	TestTheLaneStageOnItsOwnCallsTheGatewayZeroTimes	c43821e0,b1474436	-	NOT-REQUIRED(new-since-base-or-unchanged-at-landing)
internal/app/engine/a112_lane_dependency_test.go	laneRuntimeForDependency	c43821e0	-	NOT-REQUIRED(new-since-base-or-unchanged-at-landing)
internal/app/engine/a112_lane_latch_durability_test.go	TestADurableLatchThatNamesNoLaneInThisBuildStopsTheCycleLoudlyAndCanBeClosed	b1474436	-	NOT-REQUIRED(new-since-base-or-unchanged-at-landing)
internal/app/engine/a112_lane_latch_durability_test.go	TestALatchOnlyReopensForAStrictlyNewerSignedActivation	b1474436,435f626e	-	NOT-REQUIRED(new-since-base-or-unchanged-at-landing)
internal/app/engine/a112_lane_latch_durability_test.go	TestALatchedLaneComesBackLatchedAfterTheProcessRestarts	b1474436	-	NOT-REQUIRED(new-since-base-or-unchanged-at-landing)
internal/app/engine/a112_lane_latch_durability_test.go	TestALedgerThatCannotTakeTheLatchStopsTheCycle	b1474436	-	NOT-REQUIRED(new-since-base-or-unchanged-at-landing)
internal/app/engine/a112_lane_latch_durability_test.go	TestARestoredLatchKeepsTheFirstCauseAcrossTheRestart	b1474436	-	NOT-REQUIRED(new-since-base-or-unchanged-at-landing)
internal/app/engine/a112_lane_latch_durability_test.go	TestOneLatchedLaneLeavesItsSevenPeersOpenAcrossARestart	b1474436	-	NOT-REQUIRED(new-since-base-or-unchanged-at-landing)
internal/app/engine/a112_lane_latch_durability_test.go	TestTheProductionStepNeverLatchesSoTheLedgerStaysEmpty	b1474436	-	NOT-REQUIRED(new-since-base-or-unchanged-at-landing)
internal/app/engine/a112_lane_latch_durability_test.go	TestTheRecoveryGenerationComesFromTheSignedActivationAndNothingElse	435f626e	-	NOT-REQUIRED(new-since-base-or-unchanged-at-landing)
internal/app/engine/a112_lane_latch_durability_test.go	TestTwoMarketsEvaluateTheirOwnLanesConcurrentlyWithoutTreadingOnEachOther	b1474436	-	NOT-REQUIRED(new-since-base-or-unchanged-at-landing)
internal/app/engine/a112_lane_runtime_test.go	TestADroppedTriggerNeverDrivesACycle	c43821e0,b1474436	-	NOT-REQUIRED(new-since-base-or-unchanged-at-landing)
internal/app/engine/a112_lane_runtime_test.go	TestEveryFamilyLaneIsDormantUntilASignedManifestPromotesIt	c43821e0,b1474436	-	NOT-REQUIRED(new-since-base-or-unchanged-at-landing)
internal/app/engine/a112_lane_runtime_test.go	TestOnlyThePackageLevelStepEverRunsInsideALane	b1474436	-	NOT-REQUIRED(new-since-base-or-unchanged-at-landing)
internal/app/engine/a112_lane_runtime_test.go	TestTheFamilyLaneStepCarriesNothingButItsLane	b1474436	-	NOT-REQUIRED(new-since-base-or-unchanged-at-landing)
internal/app/engine/a112_lane_runtime_test.go	TestTheLaneSetOutlivesTheRefreshThatAskedForIt	c43821e0	-	NOT-REQUIRED(new-since-base-or-unchanged-at-landing)
internal/app/engine/a112_lane_runtime_test.go	laneRuntimeFixture	c43821e0	-	NOT-REQUIRED(new-since-base-or-unchanged-at-landing)
internal/app/engine/strategy_dispatch_cycle.go	newStrategyDispatchCycle	44d0fb58	internal-app-engine--newstrategydispatchcycle	FRESH
internal/app/engine/strategy_dispatch_cycle.go	strategyDispatchCycle.dispatch	b73b35e1,44d0fb58,272b715c	internal-app-engine--strategydispatchcycle.dispatch	FRESH
internal/app/engine/strategy_dispatch_cycle_test.go	TestStrategyDispatchCyclePairsKRUSThroughDerivedLeaseAndGateway	b73b35e1	internal-app-engine--teststrategydispatchcyclepairskrusthroughderivedleaseandgateway	STALE
internal/app/engine/strategy_dispatch_cycle_test.go	TestStrategyDispatchCycleReadOnlyRefusalsPrecedeFirstLegAdmissionPairedKRUS	b73b35e1	internal-app-engine--teststrategydispatchcyclereadonlyrefusalsprecedefirstlegadmissionpairedkrus	STALE
internal/app/engine/strategy_dispatch_cycle_test.go	TestStrategyDispatchCycleRunsKRUSConcurrentlyUnderOneCentralOwner	b73b35e1,d78f3f4a	internal-app-engine--teststrategydispatchcyclerunskrusconcurrentlyunderonecentralowner	STALE
internal/app/engine/strategy_dispatch_cycle_test.go	pairedStrategyDispatchCycleFixture	44d0fb58,272b715c	internal-app-engine--pairedstrategydispatchcyclefixture	STALE
internal/app/engine/strategy_dispatch_envelope_test.go	TestTheSameEnvelopeCannotPlaceASecondOrder	14b76963	-	NOT-REQUIRED(new-since-base-or-unchanged-at-landing)
internal/app/engine/strategy_dispatch_handoff.go	strategyDispatchHandoff.Admitted	eb072255	-	NOT-REQUIRED(new-since-base-or-unchanged-at-landing)
internal/app/engine/strategy_dispatch_handoff.go	strategyProposalMarketAuthority.dispatchHandoff	eb072255	-	NOT-REQUIRED(new-since-base-or-unchanged-at-landing)
internal/app/engine/strategy_dispatch_handoff_guard_test.go	TestEveryMarketAuthorityCarryingEntriesAlsoReportsReady	8f8b1178	-	NOT-REQUIRED(new-since-base-or-unchanged-at-landing)
internal/app/engine/strategy_dispatch_handoff_guard_test.go	TestExactlyOneProductionCallSiteTurnsAHandoffIntoADispatch	eb072255,8f8b1178,b73b35e1	-	NOT-REQUIRED(new-since-base-or-unchanged-at-landing)
internal/app/engine/strategy_dispatch_handoff_guard_test.go	TestExactlyOneProductionSiteAdmitsIntoTheSeam	14b76963	-	NOT-REQUIRED(new-since-base-or-unchanged-at-landing)
internal/app/engine/strategy_dispatch_handoff_guard_test.go	TestNoProductionSiteDiscardsTheSeamsAdmissionAnswer	8f8b1178,b73b35e1,14b76963	-	NOT-REQUIRED(new-since-base-or-unchanged-at-landing)
internal/app/engine/strategy_dispatch_handoff_guard_test.go	TestNoProductionSiteReadsAHandoffWithoutAskingWhetherItWasAdmitted	eb072255	-	NOT-REQUIRED(new-since-base-or-unchanged-at-landing)
internal/app/engine/strategy_dispatch_handoff_guard_test.go	TestSeamConsumersCannotReadTheRawEntryListAgain	b73b35e1	-	NOT-REQUIRED(new-since-base-or-unchanged-at-landing)
internal/app/engine/strategy_dispatch_handoff_guard_test.go	TestTheCoordinatorAndHandoffSeamsHoldNoMutationCapability	eb072255,8f8b1178	-	NOT-REQUIRED(new-since-base-or-unchanged-at-landing)
internal/app/engine/strategy_dispatch_handoff_guard_test.go	TestTheWorkerBuilderOnlyObservesThroughTheGateway	8f8b1178	-	NOT-REQUIRED(new-since-base-or-unchanged-at-landing)
internal/app/engine/strategy_dispatch_handoff_guard_test.go	deliveredParamName	b73b35e1	-	NOT-REQUIRED(new-since-base-or-unchanged-at-landing)
internal/app/engine/strategy_dispatch_handoff_guard_test.go	identAppearsInSomeIfCondition	8f8b1178	-	NOT-REQUIRED(new-since-base-or-unchanged-at-landing)
internal/app/engine/strategy_dispatch_handoff_guard_test.go	identIsBlankAssigned	8f8b1178,b73b35e1	-	NOT-REQUIRED(new-since-base-or-unchanged-at-landing)
internal/app/engine/strategy_dispatch_handoff_guard_test.go	identMentions	14b76963	-	NOT-REQUIRED(new-since-base-or-unchanged-at-landing)
internal/app/engine/strategy_dispatch_handoff_guard_test.go	seamAdmissionAnswers	8f8b1178	-	NOT-REQUIRED(new-since-base-or-unchanged-at-landing)
internal/app/engine/strategy_dispatch_handoff_guard_test.go	singleProposalAssumptionSites	b73b35e1	-	NOT-REQUIRED(new-since-base-or-unchanged-at-landing)
internal/app/engine/strategy_entry_supervisor.go	Context.NewPairedStrategyEntryProductionAssembly	c43821e0,b1474436,44d0fb58,272b715c	internal-app-engine--context.newpairedstrategyentryproductionassembly	FRESH
internal/app/engine/strategy_entry_supervisor.go	Context.refreshPairedStrategyEntryProductionAssembly	a5561ecf	internal-app-engine--context.refreshpairedstrategyentryproductionassembly	FRESH
internal/app/engine/strategy_entry_supervisor.go	Context.runProductionStrategyMarketCycle	8a161fc8,eb072255,8f8b1178,b73b35e1,19976352,c43821e0,b1474436	internal-app-engine--context.runproductionstrategymarketcycle	FRESH
internal/app/engine/strategy_entry_supervisor.go	StrategyEntrySupervisor.Snapshot	4f49a8eb	internal-app-engine--strategyentrysupervisor.snapshot	FRESH
internal/app/engine/strategy_entry_supervisor.go	StrategyEntrySupervisor.runMarket	4f49a8eb	internal-app-engine--strategyentrysupervisor.runmarket	FRESH
internal/app/engine/strategy_entry_supervisor.go	buildProductionStrategyMarketWorker	8a161fc8,eb072255,b1474436,44d0fb58	internal-app-engine--buildproductionstrategymarketworker	FRESH
internal/app/engine/strategy_family_activation.go	strategyFamilyGate.installed	272b715c	-	NOT-REQUIRED(new-since-base-or-unchanged-at-landing)
internal/app/engine/strategy_family_activation.go	strategyProposalAuthorityLoader.familyGateFor	272b715c	-	NOT-REQUIRED(new-since-base-or-unchanged-at-landing)
internal/app/engine/strategy_family_activation.go	strategyProposalAuthorityLoader.loadFamilyActivation	44d0fb58,435f626e,272b715c	-	NOT-REQUIRED(new-since-base-or-unchanged-at-landing)
internal/app/engine/strategy_lane_runtime.go	Context.productionStrategyLanes	c43821e0	-	NOT-REQUIRED(new-since-base-or-unchanged-at-landing)
internal/app/engine/strategy_lane_runtime.go	newStrategyLaneRuntime	c43821e0	-	NOT-REQUIRED(new-since-base-or-unchanged-at-landing)
internal/app/engine/strategy_lane_runtime.go	strategyFamilyLaneStep	b1474436	-	NOT-REQUIRED(new-since-base-or-unchanged-at-landing)
internal/app/engine/strategy_lane_runtime.go	strategyLaneRuntime.evaluate	c43821e0,b1474436	-	NOT-REQUIRED(new-since-base-or-unchanged-at-landing)
internal/app/engine/strategy_lane_runtime.go	strategyLaneRuntime.lanesFor	c43821e0	-	NOT-REQUIRED(new-since-base-or-unchanged-at-landing)
internal/app/engine/strategy_lane_runtime.go	strategyLaneRuntime.runLane	b1474436	-	NOT-REQUIRED(new-since-base-or-unchanged-at-landing)
internal/app/engine/strategy_market_coordinator.go	arbitrateProposalScope	46a9909c	-	NOT-REQUIRED(new-since-base-or-unchanged-at-landing)
internal/app/engine/strategy_market_coordinator.go	coordinateMarketProposals	b1474436,4748836b	-	NOT-REQUIRED(new-since-base-or-unchanged-at-landing)
internal/app/engine/strategy_proposal_ambiguity_test.go	TestProposalCollectMarketClosesTheMarketBeforeBuildingEntries	7101935c	internal-app-engine--testproposalcollectmarketclosesthemarketbeforebuildingentries	STALE
internal/app/engine/strategy_proposal_authority.go	strategyProposalAuthorityLoader.collectMarket	7101935c,46a9909c,f9cbba8c,b1474436,4748836b	internal-app-engine--strategyproposalauthorityloader.collectmarket	FRESH
internal/app/engine/strategy_proposal_authority.go	strategyProposalAuthorityPair.ResultAuthority	8a161fc8,eb072255	internal-app-engine--strategyproposalauthoritypair.resultauthority	FRESH
internal/app/engine/strategy_proposal_authority_test.go	proposalRoutePair	7101935c	internal-app-engine--proposalroutepair	FRESH
internal/app/engine/strategy_runtime_projection.go	Context.Read	5c5efec7	internal-app-engine--context.read	FRESH
internal/app/engine/strategy_runtime_projection.go	strategyProjectionFromAssembly	8a161fc8,eb072255	internal-app-engine--strategyprojectionfromassembly	FRESH
internal/console/strategy_runtime_multimarket.go	multiMarketStrategyRuntimePage.project	5c5efec7	internal-console--multimarketstrategyruntimepage.project	STALE
internal/journal/schema_test.go	TestSchemaTablesAndColumns	c43821e0	internal-journal--testschematablesandcolumns	STALE
internal/journal/strategy_lane_latch_test.go	TestALatchOpensOnlyForAStrictlyNewerSignedActivation	435f626e	-	NOT-REQUIRED(new-since-base-or-unchanged-at-landing)
internal/strategyarbiter/arbiter.go	selectHighestScore	46a9909c	-	NOT-REQUIRED(new-since-base-or-unchanged-at-landing)
internal/strategyhandoff/dependency_closure_test.go	TestOnlyTheEngineImportsThisSeam	14b76963	-	NOT-REQUIRED(new-since-base-or-unchanged-at-landing)
internal/strategyhandoff/dependency_closure_test.go	TestTheHandoffSeamImportsNothingOutsideItsAllowedClosure	8f8b1178	-	NOT-REQUIRED(new-since-base-or-unchanged-at-landing)
internal/strategyhandoff/dependency_closure_test.go	TestTheHandoffSeamTransitivelyReachesNoMutationCapability	8f8b1178	-	NOT-REQUIRED(new-since-base-or-unchanged-at-landing)
internal/strategyhandoff/dependency_closure_test.go	assertNoMutationCapabilityInWalk	b73b35e1	-	NOT-REQUIRED(new-since-base-or-unchanged-at-landing)
internal/strategyhandoff/escape_test.go	TestNoAccessorHandsOutAResultWithoutSayingWhetherItWasAdmitted	8f8b1178	-	NOT-REQUIRED(new-since-base-or-unchanged-at-landing)
internal/strategyhandoff/escape_test.go	TestTheHandoffCarriesNoExportedField	8f8b1178,14b76963	-	NOT-REQUIRED(new-since-base-or-unchanged-at-landing)
internal/strategyhandoff/escape_test.go	TestThePackageExposesExactlyTheSurfaceTheSeamNeeds	14b76963	-	NOT-REQUIRED(new-since-base-or-unchanged-at-landing)
internal/strategyhandoff/escape_test.go	isResultType	8f8b1178	-	NOT-REQUIRED(new-since-base-or-unchanged-at-landing)
internal/strategyhandoff/escape_test.go	productionOnly	8f8b1178	-	NOT-REQUIRED(new-since-base-or-unchanged-at-landing)
internal/strategyhandoff/escape_test.go	receiverTypeName	8f8b1178	-	NOT-REQUIRED(new-since-base-or-unchanged-at-landing)
internal/strategyhandoff/handoff.go	Admit	8f8b1178	-	NOT-REQUIRED(new-since-base-or-unchanged-at-landing)
internal/strategyhandoff/handoff.go	Handoff.Deliver	b73b35e1	-	NOT-REQUIRED(new-since-base-or-unchanged-at-landing)
internal/strategyhandoff/handoff.go	Handoff.Refusal	8f8b1178	-	NOT-REQUIRED(new-since-base-or-unchanged-at-landing)
internal/strategyhandoff/handoff.go	Handoff.Single	8f8b1178,b73b35e1	-	NOT-REQUIRED(new-since-base-or-unchanged-at-landing)
internal/strategyhandoff/handoff.go	Handoff.refusalNow	b73b35e1	-	NOT-REQUIRED(new-since-base-or-unchanged-at-landing)
internal/strategyhandoff/handoff_test.go	TestARaisedCapacityHandsOffNothingRatherThanDroppingTheSecondSelection	8f8b1178	-	NOT-REQUIRED(new-since-base-or-unchanged-at-landing)
internal/strategyhandoff/handoff_test.go	TestARefusedSingleReturnsTheZeroResult	b73b35e1	-	NOT-REQUIRED(new-since-base-or-unchanged-at-landing)
internal/strategyhandoff/handoff_test.go	TestDeliverReturnsOnlyTheBodysError	b73b35e1	-	NOT-REQUIRED(new-since-base-or-unchanged-at-landing)
internal/strategyhandoff/handoff_test.go	TestDeliverRunsTheBodyOnlyWhenSomethingCrossedTheSeam	b73b35e1	-	NOT-REQUIRED(new-since-base-or-unchanged-at-landing)
internal/strategyhandoff/handoff_test.go	TestTheHandoffDoesNotAliasTheCallersSlice	8f8b1178	-	NOT-REQUIRED(new-since-base-or-unchanged-at-landing)
internal/strategyprojection/model.go	Clone	5c5efec7	internal-strategyprojection--clone	FRESH
internal/strategyprojection/model.go	Validate	5c5efec7	internal-strategyprojection--validate	FRESH
internal/strategyprojectionrpc/transport.go	Client.Read	5c5efec7	internal-strategyprojectionrpc--client.read	FRESH
internal/strategyprojectionrpc/transport_unix_test.go	TestUnixClientRejectsUnknownSchemaFieldsAndOversizedResponse	5c5efec7	internal-strategyprojectionrpc--testunixclientrejectsunknownschemafieldsandoversizedresponse	STALE
internal/strategyproposal/multilane_testseam.go	ProductionBatchAuthorityMultiLaneForTest	f9cbba8c	-	NOT-REQUIRED(new-since-base-or-unchanged-at-landing)
internal/strategyproposal/production.go	LoadProductionAuthorityBatch	46a9909c,f9cbba8c	internal-strategyproposal--loadproductionauthoritybatch	FRESH
internal/strategyproposal/production.go	ProductionBatchAuthority.Len	f9cbba8c	internal-strategyproposal--productionbatchauthority.len	FRESH
internal/strategyproposal/production.go	validScopes	46a9909c	internal-strategyproposal--validscopes	FRESH
internal/strategyproposal/production_test.go	productionFixture	f9cbba8c	internal-strategyproposal--productionfixture	FRESH
internal/strategyrouter/production_family_activation.go	FamilyActivation.ProtectionReadyDigest	44d0fb58	-	NOT-REQUIRED(new-since-base-or-unchanged-at-landing)
internal/strategyrouter/production_family_activation.go	FamilyActivation.ProtectionReadyMinGeneration	272b715c	-	NOT-REQUIRED(new-since-base-or-unchanged-at-landing)
internal/strategyrouter/production_family_activation.go	FamilyActivation.RiskBundleDigest	44d0fb58	-	NOT-REQUIRED(new-since-base-or-unchanged-at-landing)
internal/strategyrouter/production_family_activation.go	LoadProductionFamilyActivation	44d0fb58,435f626e,272b715c	-	NOT-REQUIRED(new-since-base-or-unchanged-at-landing)
internal/strategyrouter/production_family_activation.go	decodeProductionFamilyActivation	435f626e	-	NOT-REQUIRED(new-since-base-or-unchanged-at-landing)
internal/strategyrouter/production_family_activation.go	validateProductionFamilyActivation	44d0fb58,435f626e,272b715c	-	NOT-REQUIRED(new-since-base-or-unchanged-at-landing)
internal/strategyrouter/production_family_activation_test.go	TestASignedFourFamilyActivationPromotesExactlyTheLanesItNames	435f626e	-	NOT-REQUIRED(new-since-base-or-unchanged-at-landing)
internal/strategyrouter/production_family_activation_test.go	TestAVerifiedActivationCarriesTheTwoDigestsTheLaterStageMustBind	44d0fb58	-	NOT-REQUIRED(new-since-base-or-unchanged-at-landing)
internal/strategyrouter/production_family_activation_test.go	TestAnActivationPromotesOnlyTheFamiliesItTurnsOn	435f626e	-	NOT-REQUIRED(new-since-base-or-unchanged-at-landing)
internal/strategyrouter/production_family_activation_test.go	TestAnActivationSignedByAnotherKeyPromotesNothing	435f626e	-	NOT-REQUIRED(new-since-base-or-unchanged-at-landing)
internal/strategyrouter/production_family_activation_test.go	TestAnActivationWhoseBindingsDoNotMatchPromotesNothing	44d0fb58,435f626e	-	NOT-REQUIRED(new-since-base-or-unchanged-at-landing)
internal/strategyrouter/production_family_activation_test.go	TestAnActivationWhoseBytesAreNotCanonicalPromotesNothing	435f626e	-	NOT-REQUIRED(new-since-base-or-unchanged-at-landing)
internal/strategyrouter/production_family_activation_test.go	TestTheOtherMarketsWholeManifestInThisMarketsFilePromotesNothing	435f626e	-	NOT-REQUIRED(new-since-base-or-unchanged-at-landing)
internal/strategyrouter/production_family_activation_test.go	TestWithNoActivationFileNothingIsPromoted	435f626e	-	NOT-REQUIRED(new-since-base-or-unchanged-at-landing)
internal/strategyrouter/production_family_activation_test.go	familyActivationFixture.body	44d0fb58,435f626e	-	NOT-REQUIRED(new-since-base-or-unchanged-at-landing)
internal/strategyrouter/production_family_activation_test.go	familyActivationFixture.config	44d0fb58,435f626e	-	NOT-REQUIRED(new-since-base-or-unchanged-at-landing)
internal/strategyrouter/production_family_activation_test.go	familyActivationFixture.write	435f626e	-	NOT-REQUIRED(new-since-base-or-unchanged-at-landing)
internal/strategyrouter/production_family_activation_test.go	newFamilyActivationFixture	435f626e	-	NOT-REQUIRED(new-since-base-or-unchanged-at-landing)
internal/strategyrouter/production_family_activation_testseam.go	FamilyActivationForTest	44d0fb58	-	NOT-REQUIRED(new-since-base-or-unchanged-at-landing)
internal/strategyrouter/production_family_activation_testseam.go	FamilyActivationWithBindingsForTest	44d0fb58,272b715c	-	NOT-REQUIRED(new-since-base-or-unchanged-at-landing)
internal/strategyworker/bounded.go	invokeStep	89a626c3	-	NOT-REQUIRED(new-since-base-or-unchanged-at-landing)
internal/strategyworker/bounded_test.go	TestACycleThatCrossesTheDeadlineIsAbandonedAndCountedAsAFailure	89a626c3	-	NOT-REQUIRED(new-since-base-or-unchanged-at-landing)
internal/strategyworker/bounded_test.go	TestALaneAdmitsOnlyOneCycleAtATime	89a626c3	-	NOT-REQUIRED(new-since-base-or-unchanged-at-landing)
internal/strategyworker/bounded_test.go	TestALateResultFromAnAbandonedCycleChangesNothing	89a626c3	-	NOT-REQUIRED(new-since-base-or-unchanged-at-landing)
internal/strategyworker/bounded_test.go	TestAPanickingStepIsAnAbnormalFailureRatherThanACrash	89a626c3	-	NOT-REQUIRED(new-since-base-or-unchanged-at-landing)
internal/strategyworker/bounded_test.go	TestCancellationIsNotAFailure	89a626c3	-	NOT-REQUIRED(new-since-base-or-unchanged-at-landing)
internal/strategyworker/bounded_test.go	TestTheCadenceIsMeasuredFromTheCycleStartNotItsEnd	89a626c3	-	NOT-REQUIRED(new-since-base-or-unchanged-at-landing)
internal/strategyworker/bounded_test.go	TestTheWatchdogSleepsForTheDeadlineAndNotSomeOtherPolicyValue	89a626c3	-	NOT-REQUIRED(new-since-base-or-unchanged-at-landing)
internal/strategyworker/bounded_test.go	neverRuns	89a626c3	-	NOT-REQUIRED(new-since-base-or-unchanged-at-landing)
internal/strategyworker/bounded_test.go	succeeds	89a626c3	-	NOT-REQUIRED(new-since-base-or-unchanged-at-landing)
internal/strategyworker/cycle_test.go	TestALatchedLaneEmitsNothingEvenWhenItIsEffective	472ce405,b1474436	-	NOT-REQUIRED(new-since-base-or-unchanged-at-landing)
internal/strategyworker/cycle_test.go	TestAWorkerOfTheOtherMarketRefuses	b1474436	-	NOT-REQUIRED(new-since-base-or-unchanged-at-landing)
internal/strategyworker/cycle_test.go	TestAWorkerRefusesAProposalFromAnotherLane	b1474436	-	NOT-REQUIRED(new-since-base-or-unchanged-at-landing)
internal/strategyworker/cycle_test.go	TestAWorkerRefusesAProposalWhoseSealNoLongerHolds	b1474436	-	NOT-REQUIRED(new-since-base-or-unchanged-at-landing)
internal/strategyworker/cycle_test.go	TestAWorkerRefusesWhenTheFamilyCannotBeDerivedFromTheSealedAuthority	b1474436	-	NOT-REQUIRED(new-since-base-or-unchanged-at-landing)
internal/strategyworker/cycle_test.go	TestAnEffectiveWorkerEmitsAnEnvelopeTheCoordinatorAdmitsForThisLane	b1474436	-	NOT-REQUIRED(new-since-base-or-unchanged-at-landing)
internal/strategyworker/cycle_test.go	TestEveryProductionWorkerIsBornDormantAndEmitsNothing	b1474436	-	NOT-REQUIRED(new-since-base-or-unchanged-at-landing)
internal/strategyworker/cycle_test.go	emptyEnvelope	4c4fe685	-	NOT-REQUIRED(new-since-base-or-unchanged-at-landing)
internal/strategyworker/dependency_closure_test.go	TestTheWorkerImportsNothingOutsideItsAllowedClosure	4c4fe685,472ce405	-	NOT-REQUIRED(new-since-base-or-unchanged-at-landing)
internal/strategyworker/fixture_test.go	allKRLanes	89a626c3	-	NOT-REQUIRED(new-since-base-or-unchanged-at-landing)
internal/strategyworker/fixture_test.go	effective	b1474436	-	NOT-REQUIRED(new-since-base-or-unchanged-at-landing)
internal/strategyworker/fixture_test.go	fixture.candidate	89a626c3	-	NOT-REQUIRED(new-since-base-or-unchanged-at-landing)
internal/strategyworker/fixture_test.go	fixture.input	89a626c3	-	NOT-REQUIRED(new-since-base-or-unchanged-at-landing)
internal/strategyworker/fixture_test.go	fixture.result	89a626c3	-	NOT-REQUIRED(new-since-base-or-unchanged-at-landing)
internal/strategyworker/fixture_test.go	fixture.scope	89a626c3	-	NOT-REQUIRED(new-since-base-or-unchanged-at-landing)
internal/strategyworker/fixture_test.go	newFixture	89a626c3	-	NOT-REQUIRED(new-since-base-or-unchanged-at-landing)
internal/strategyworker/golden_contract_test.go	TestProductionWorkersAreExactlyTheEightTheGoldenFroze	b1474436	-	NOT-REQUIRED(new-since-base-or-unchanged-at-landing)
internal/strategyworker/lane.go	Lane.ConsecutiveFailures	472ce405	-	NOT-REQUIRED(new-since-base-or-unchanged-at-landing)
internal/strategyworker/lane.go	Lane.Fail	472ce405	-	NOT-REQUIRED(new-since-base-or-unchanged-at-landing)
internal/strategyworker/lane.go	Lane.FirstFailure	472ce405,c43821e0	-	NOT-REQUIRED(new-since-base-or-unchanged-at-landing)
internal/strategyworker/lane.go	Lane.Health	472ce405	-	NOT-REQUIRED(new-since-base-or-unchanged-at-landing)
internal/strategyworker/lane.go	Lane.Key	19976352	-	NOT-REQUIRED(new-since-base-or-unchanged-at-landing)
internal/strategyworker/lane.go	Lane.LatchRevision	472ce405	-	NOT-REQUIRED(new-since-base-or-unchanged-at-landing)
internal/strategyworker/lane.go	Lane.Latched	472ce405	-	NOT-REQUIRED(new-since-base-or-unchanged-at-landing)
internal/strategyworker/lane.go	Lane.RestartNotBefore	472ce405	-	NOT-REQUIRED(new-since-base-or-unchanged-at-landing)
internal/strategyworker/lane.go	Lane.Run	472ce405,b1474436	-	NOT-REQUIRED(new-since-base-or-unchanged-at-landing)
internal/strategyworker/lane.go	Lane.Succeed	472ce405	-	NOT-REQUIRED(new-since-base-or-unchanged-at-landing)
internal/strategyworker/lane.go	ProductionLanes	472ce405	-	NOT-REQUIRED(new-since-base-or-unchanged-at-landing)
internal/strategyworker/lane.go	newLane	472ce405	-	NOT-REQUIRED(new-since-base-or-unchanged-at-landing)
internal/strategyworker/lane_test.go	TestAFailureWithoutAReasonStillRecordsOne	472ce405	-	NOT-REQUIRED(new-since-base-or-unchanged-at-landing)
internal/strategyworker/lane_test.go	TestAFaultOnOneLaneChangesNothingOnItsPeers	472ce405	-	NOT-REQUIRED(new-since-base-or-unchanged-at-landing)
internal/strategyworker/lane_test.go	TestALatchedLaneReportsTheLatchRatherThanDormancy	472ce405,b1474436	-	NOT-REQUIRED(new-since-base-or-unchanged-at-landing)
internal/strategyworker/lane_test.go	TestASecondFailureDoesNotMintASecondLatch	472ce405	-	NOT-REQUIRED(new-since-base-or-unchanged-at-landing)
internal/strategyworker/lane_test.go	TestAnAbnormalFailureLatchesAtOnceBelowTheThreshold	472ce405	-	NOT-REQUIRED(new-since-base-or-unchanged-at-landing)
internal/strategyworker/lane_test.go	TestAnOrdinaryFailureCountsAndLatchesExactlyAtTheThreshold	472ce405	-	NOT-REQUIRED(new-since-base-or-unchanged-at-landing)
internal/strategyworker/lane_test.go	TestEveryProductionLaneIsBornHealthyAndUnlatched	472ce405	-	NOT-REQUIRED(new-since-base-or-unchanged-at-landing)
internal/strategyworker/lane_test.go	TestProductionLanesHandsOutFreshLanesEveryTime	472ce405	-	NOT-REQUIRED(new-since-base-or-unchanged-at-landing)
internal/strategyworker/lane_test.go	TestSuccessClearsTheCounterButNeverTheLatch	472ce405	-	NOT-REQUIRED(new-since-base-or-unchanged-at-landing)
internal/strategyworker/lane_test.go	TestTheRestartDelayFollowsThePolicyLadder	472ce405	-	NOT-REQUIRED(new-since-base-or-unchanged-at-landing)
internal/strategyworker/lane_test.go	laneUnder	472ce405	-	NOT-REQUIRED(new-since-base-or-unchanged-at-landing)
internal/strategyworker/policy_receipt_test.go	TestTheProductionThresholdMatchesAnEngineThatKeepsNoFailureCounter	4f49a8eb	-	NOT-REQUIRED(new-since-base-or-unchanged-at-landing)
internal/strategyworker/policy_receipt_test.go	renderStatement	472ce405	-	NOT-REQUIRED(new-since-base-or-unchanged-at-landing)
internal/strategyworker/policy_test.go	TestEveryProductionLaneCarriesTheSameServerOwnedPolicy	472ce405	-	NOT-REQUIRED(new-since-base-or-unchanged-at-landing)
internal/strategyworker/policy_test.go	TestTheFailureCountersSaturateRatherThanWrap	472ce405	-	NOT-REQUIRED(new-since-base-or-unchanged-at-landing)
internal/strategyworker/policy_test.go	TestTheGoldenSevenAreEachSomethingThisLaneCanShow	472ce405	-	NOT-REQUIRED(new-since-base-or-unchanged-at-landing)
internal/strategyworker/policy_test.go	theDeadlineIsEnforced	89a626c3	-	NOT-REQUIRED(new-since-base-or-unchanged-at-landing)
internal/strategyworker/rehearsal_test.go	TestRestartForgetsALatchedLaneWhichIsExactlyWhatTask533MustFix	c43821e0	-	NOT-REQUIRED(new-since-base-or-unchanged-at-landing)
internal/strategyworker/rehearsal_test.go	rehearse	b1474436	-	NOT-REQUIRED(new-since-base-or-unchanged-at-landing)
internal/strategyworker/restore_test.go	TestAProductionLaneBornFromADurableRecordIsLatched	b1474436	-	NOT-REQUIRED(new-since-base-or-unchanged-at-landing)
internal/strategyworker/restore_test.go	TestARestoredLaneStillCannotUnlatchItself	b1474436	-	NOT-REQUIRED(new-since-base-or-unchanged-at-landing)
internal/strategyworker/worker.go	FamilyWorker.Desired	b1474436	-	NOT-REQUIRED(new-since-base-or-unchanged-at-landing)
internal/strategyworker/worker.go	FamilyWorker.Effective	b1474436	-	NOT-REQUIRED(new-since-base-or-unchanged-at-landing)
internal/strategyworker/worker.go	FamilyWorker.Horizon	b1474436	-	NOT-REQUIRED(new-since-base-or-unchanged-at-landing)
internal/strategyworker/worker.go	FamilyWorker.Key	b1474436	-	NOT-REQUIRED(new-since-base-or-unchanged-at-landing)
internal/strategyworker/worker.go	FamilyWorker.Run	b1474436	-	NOT-REQUIRED(new-since-base-or-unchanged-at-landing)
internal/strategyworker/worker.go	ProductionWorkers	b1474436	-	NOT-REQUIRED(new-since-base-or-unchanged-at-landing)
internal/strategyworker/worker.go	dormant	b1474436	-	NOT-REQUIRED(new-since-base-or-unchanged-at-landing)
internal/strategyworker/worker.go	newWorker	b1474436	-	NOT-REQUIRED(new-since-base-or-unchanged-at-landing)
