verdict	function	file	lines(now)	body_sha256(now)
SAME	refreshPairedStrategyEntryProductionAssembly	internal/app/engine/strategy_entry_supervisor.go	581-601	e627c2c081d40ca8507a80f60aa91989dba46f75975224eadd4eb9e88c4257b8
SAME	invokeBoundedStrategyCycle	internal/app/engine/strategy_entry_supervisor.go	1063-1083	eb875bb4984430ec19742f5239d9ddd7cbefcf3894dc8fcc62e406bae455d0ef
SAME	invokeStrategyCycle	internal/app/engine/strategy_entry_supervisor.go	1085-1097	8d6097e037e88a406270c7e6fa50dc14273a10c15d143b8f4994b1f8e43dca99
SAME	strategyLaneInputs	internal/app/engine/strategy_lane_runtime.go	285-298	a070bab7718f60965dd7a43aefdc324b023e6576e20e3c4c15ee7f638daf4a16
SAME	forMarket	internal/app/engine/strategy_proposal_authority.go	167-175	cfaa4d179d80748894746cf6d7252a0d613dae43ffcc60a8b84c1c9532b1b8a8
SAME	decodeProductionFamilyActivation	internal/strategyrouter/production_family_activation.go	509-528	c217246e7357c2dda7614a7c49a4ef5951cf1c5a78d5b21c4423ba2a514221f7
SAME	LoadProductionFamilyActivation	internal/strategyrouter/production_family_activation.go	429-495	30d0de8f457aaf0598ca9e1ba97bdbfb50ffe21d43a16137c09510bdd0f5dc6f
SAME	productionRouteDescriptors	internal/strategyrouter/production.go	586-604	e25cc169eb06d7c8e7cd087b513a9aa340973c427dc440458028c9b46db5a292
SAME	productionRouteDigest	internal/strategyrouter/production.go	768-771	1bb543bacd7380036059c274817cdfb363231025f42d192ab48d1215767958cf
SAME	productionRouteDigestValid	internal/strategyrouter/production.go	760-766	0996eacd0a22bdf9522e8141139f7c5df170a2694010f6285b8b84b5e859a1e0
SAME	productionRouteIdentity	internal/strategyrouter/production.go	756-758	5d6acab8695d64a7a36b78522d6f55570d384d5b856f01532be44ddcf25dd49c
SAME	productionRouteOwnerUID	internal/strategyrouter/production_owner_unix.go	10-10	72700ad4f42d6e5127e5f26780721fb62038eeb3244847616b2a6f1acb5ef0e0
SAME	productionRouteTime	internal/strategyrouter/production.go	751-754	3608e3eb912cc871ab1ddd175d43d2c47b8ba1bd422a598fc5649d2ed82c8593
SAME	readProductionRouteFile	internal/strategyrouter/production_owner_unix.go	12-39	285e9136157b72a8564f3f0683961c121d5df0e27271f88ba8921206ebb65475
SAME	validateProductionFamilyActivation	internal/strategyrouter/production_family_activation.go	540-624	ad68c44e90bc6acb67be5b78ec1a19a99b48764fade2fb65899883f0d8a7e547
