TREE	HEAD 8f6f756b2af93b3ac454608b64dea7dcdf5a58e4 (git archive) + own: internal/testenv/closure.go,internal/testenv/closure_test.go,internal/testenv/typecheck.go,internal/strategyproposal/a112_capability_closure_test.go,internal/strategyprojection/a112_capability_closure_test.go,internal/officialbars/a112_capability_closure_test.go,internal/officialbars/a112_live_host_guard_test.go,internal/strategyworker/a112_tagged_closure_test.go,internal/strategyworker/a112_lane_closures_test.go,internal/strategyhandoff/a112_tagged_closure_test.go
CONTROL	GREEN	[./internal/strategyhandoff pass events 321]
G1 strategyproposal production uses the writable journal handle	CAUGHT	1 failing: TestTheProposalUsesTheJournalOnlyThroughItsReadOnlyDoor
G2 strategyproposal production imports the ops toggle package	CAUGHT	5 failing: TestTheProposalClosureReachesNoMutationCapabilityButTheReadOnlyJournal/deps, TestTheProposalClosureReachesNoMutationCapabilityButTheReadOnlyJournal/deps-test, TestTheProposalClosureReachesNoMutationCapabilityButTheReadOnlyJournal/deps-tagged, TestTheProposalClosureReachesNoMutationCapabilityButTheReadOnlyJournal/deps-test-tagged, TestEveryLaneEvidenceAndWorkerPackageReachesNoMutationCapability/walks/strategycoordinator/deps-test-tagged
G3 strategyprojection production imports net/http	CAUGHT	1 failing: TestTheProjectionImportsOnlyItsNamedStandardLibrary
G4 strategyprojection production imports the config writer	CAUGHT	10 failing: TestTheProjectionImportsOnlyItsNamedStandardLibrary, TestTheProjectionClosureReachesNoMutationCapability/deps, TestTheProjectionClosureReachesNoMutationCapability/deps-test, TestTheProjectionClosureReachesNoMutationCapability/deps-tagged, TestTheProjectionClosureReachesNoMutationCapability/deps-test-tagged, TestEveryLaneEvidenceAndWorkerPackageReachesNoMutationCapability/walks/strategyworker/deps-test-tagged, TestEveryLaneEvidenceAndWorkerPackageReachesNoMutationCapability/walks/strategyworker/deps-test, TestTheTaggedTestClosureAlsoReachesNoMutationCapability/deps-test …
G5 officialbars production names an order mutator of the official client	CAUGHT	1 failing: TestOfficialBarsProductionUsesOnlyTheReadResponseTypesOfTheOfficialClient
G6 officialbars production reaches the journal by a path outside internal/official	CAUGHT	5 failing: TestOfficialBarsReachesMutationCapabilitiesOnlyThroughTheOfficialClient/deps, TestOfficialBarsReachesMutationCapabilitiesOnlyThroughTheOfficialClient/deps-test, TestOfficialBarsReachesMutationCapabilitiesOnlyThroughTheOfficialClient/deps-tagged, TestOfficialBarsReachesMutationCapabilitiesOnlyThroughTheOfficialClient/deps-test-tagged, TestProductionImportsStayInsideTheAllowlist
G7 an officialbars test builds an official client without WithHTTPClient (its own transport, past the DefaultTransport guard)	CAUGHT	1 failing: TestOfficialBarsTestsNeverPointAnOfficialClientAtItsDefaults
G8 officialbars TestMain stops installing the real-host guard	CAUGHT	1 failing: TestTheDefaultTransportIsTheRealHostGuardDuringTheseTests
G9 continuationlane production imports the ops toggle package (caught by the lane census, not by its own deny list)	CAUGHT	44 failing: TestTheProposalClosureReachesNoMutationCapabilityButTheReadOnlyJournal/deps, TestTheProposalClosureReachesNoMutationCapabilityButTheReadOnlyJournal/deps-test, TestTheProposalClosureReachesNoMutationCapabilityButTheReadOnlyJournal/deps-tagged, TestTheProposalClosureReachesNoMutationCapabilityButTheReadOnlyJournal/deps-test-tagged, TestOfficialBarsReachesMutationCapabilitiesOnlyThroughTheOfficialClient/deps, TestOfficialBarsReachesMutationCapabilitiesOnlyThroughTheOfficialClient/deps-test, TestOfficialBarsReachesMutationCapabilitiesOnlyThroughTheOfficialClient/deps-tagged, TestOfficialBarsReachesMutationCapabilitiesOnlyThroughTheOfficialClient/deps-test-tagged …
G10 the coordinator's test-only journal exception is removed	CAUGHT	1 failing: TestEveryLaneEvidenceAndWorkerPackageReachesNoMutationCapability/walks/strategycoordinator/deps-test-tagged
G11 a tagged strategyhandoff test pulls in the ops toggle package (untagged walks cannot see it)	CAUGHT	2 failing: TestEveryLaneEvidenceAndWorkerPackageReachesNoMutationCapability/walks/strategyhandoff/deps-test-tagged, TestTheTaggedTestClosureAlsoReachesNoMutationCapability/deps-test-tagged
G12 the shared capability list loses internal/strategydispatch	CAUGHT	2 failing: TestTheCapabilityListNamesEveryForbiddenCapability, TestCapabilityMatchesThePackageAndItsChildrenOnly
G13 the officialbars cut walk stops cutting at internal/official (every capability then shows up)	CAUGHT	5 failing: TestReachableStopsAtTheCut, TestOfficialBarsReachesMutationCapabilitiesOnlyThroughTheOfficialClient/deps, TestOfficialBarsReachesMutationCapabilitiesOnlyThroughTheOfficialClient/deps-test, TestOfficialBarsReachesMutationCapabilitiesOnlyThroughTheOfficialClient/deps-tagged, TestOfficialBarsReachesMutationCapabilitiesOnlyThroughTheOfficialClient/deps-test-tagged

rc=0
