# old base aeeb209e -> landing HEAD; self Go commits 62: 5c5efec7 7101935c 46a9909c f9cbba8c 8a161fc8 eb072255 8f8b1178 b73b35e1 14b76963 4724c3d0 4c4fe685 472ce405 89a626c3 70f0487d 19976352 a5561ecf c43821e0 06be6ca9 b1474436 4748836b 44d0fb58 435f626e 4f49a8eb f992211b 272b715c d78f3f4a 3260f4eb 766a8456 36ade9b2 00e1b9bd 99ad897c 618b1002 ae8a5ff9 686b94e4 e5a335bb 80ae96a5 face8d0d bf269eb5 f9a25549 125dd048 40ec5aff 7b3f659f a5e61fcd 0b6cb9b1 82080177 eb3212b9 561d932d 068e6658 8b7f1a54 538439ed 3be54204 d54f4dca 65444341 a60f657b 7e124a73 f473d815 0b441270 cc79c887 178cc196 6f5b0df6 2d2a43c7 81bf5045
# required at the old base (gate window) 201; functions touched by self commits 301; FRESH 51; MISSING 8; NOT-REQUIRED(new-since-base-or-unchanged-at-landing) 240; STALE 2
file	function	commits	bundle	status
internal/app/engine/a112_central_integrity_census_test.go	TestTheCompleteCensusOfWhatCanStopTheEngineOnAStrategyFault	19976352	-	NOT-REQUIRED(new-since-base-or-unchanged-at-landing)
internal/app/engine/a112_central_integrity_census_test.go	centralIntegrityCensus	19976352	-	NOT-REQUIRED(new-since-base-or-unchanged-at-landing)
internal/app/engine/a112_coordinator_test.go	TestAMarketWithMoreScopesThanTheQueueHoldsClosesInsteadOfDroppingOne	6f5b0df6	-	NOT-REQUIRED(new-since-base-or-unchanged-at-landing)
internal/app/engine/a112_coordinator_test.go	collectOverflowing	6f5b0df6	-	NOT-REQUIRED(new-since-base-or-unchanged-at-landing)
internal/app/engine/a112_dispatch_handoff_test.go	TestAClosedMarketHandsOffNothingEvenWhenAnEntryIsStillAttached	eb072255	-	NOT-REQUIRED(new-since-base-or-unchanged-at-landing)
internal/app/engine/a112_dispatch_handoff_test.go	TestAMarketThatSelectedNothingSaysSoInsteadOfBorrowingTheCapacityName	eb072255	-	NOT-REQUIRED(new-since-base-or-unchanged-at-landing)
internal/app/engine/a112_dispatch_handoff_test.go	TestAMarketWithTwoSelectedScopesNamesWhyNothingWasHandedOff	eb072255	-	NOT-REQUIRED(new-since-base-or-unchanged-at-landing)
internal/app/engine/a112_dispatch_handoff_test.go	TestARefusedHandoffLeavesTheWorkerDormant	eb072255	-	NOT-REQUIRED(new-since-base-or-unchanged-at-landing)
internal/app/engine/a112_dispatch_handoff_test.go	TestASingleSelectedScopeIsTheValueThatCrossesTheSeam	eb072255	-	NOT-REQUIRED(new-since-base-or-unchanged-at-landing)
internal/app/engine/a112_family_gate_test.go	TestAGatedFamilyMustNotShrinkTheMarketIntoTheExactlyOneValve	6f5b0df6	-	NOT-REQUIRED(new-since-base-or-unchanged-at-landing)
internal/app/engine/a112_family_gate_test.go	TestAVerifiedActivationWhoseRiskOrProtectionDigestDisagreesLeavesTheMarketDormant	44d0fb58	-	NOT-REQUIRED(new-since-base-or-unchanged-at-landing)
internal/app/engine/a112_family_gate_test.go	TestTheLanesAreBuiltBeforeTheProposalsAreCollected	4748836b	-	NOT-REQUIRED(new-since-base-or-unchanged-at-landing)
internal/app/engine/a112_family_gate_test.go	TestTheProductionActivationLoaderRunsAndFindsNoManifest	435f626e,272b715c	-	NOT-REQUIRED(new-since-base-or-unchanged-at-landing)
internal/app/engine/a112_family_gate_test.go	TestWithoutASignedActivationCoordinationIsUnchanged	435f626e	-	NOT-REQUIRED(new-since-base-or-unchanged-at-landing)
internal/app/engine/a112_family_gate_test.go	TestWithoutAVerifiedActivationCoordinationIsUnchanged	272b715c	-	NOT-REQUIRED(new-since-base-or-unchanged-at-landing)
internal/app/engine/a112_family_gate_test.go	buildWorkerUnderActivation	44d0fb58	-	NOT-REQUIRED(new-since-base-or-unchanged-at-landing)
internal/app/engine/a112_family_gate_test.go	collectUnderGate	272b715c	-	NOT-REQUIRED(new-since-base-or-unchanged-at-landing)
internal/app/engine/a112_fault_scope_test.go	TestARefreshOnlyWorkerSwallowsACentralIntegrityErrorToo	36ade9b2	-	NOT-REQUIRED(new-since-base-or-unchanged-at-landing)
internal/app/engine/a112_fault_scope_test.go	TestAnEffectiveMarketFaultLeavesItsPeerAndTheSupervisorAlone	4f49a8eb	-	NOT-REQUIRED(new-since-base-or-unchanged-at-landing)
internal/app/engine/a112_first_leg_owner_scope_seal_test.go	TestTheFirstLegSealRefusesEveryForgeryAxis	80ae96a5	-	NOT-REQUIRED(new-since-base-or-unchanged-at-landing)
internal/app/engine/a112_first_leg_owner_scope_seal_test.go	TestTheFirstLegSealSelectsByScopeBeforeTheMarketCountGate	80ae96a5	-	NOT-REQUIRED(new-since-base-or-unchanged-at-landing)
internal/app/engine/a112_first_leg_owner_scope_seal_test.go	TestTheFirstLegSealSelectsByScopeInATwoScopePair	face8d0d	-	NOT-REQUIRED(new-since-base-or-unchanged-at-landing)
internal/app/engine/a112_first_leg_owner_scope_seal_test.go	TestTheProposalSetDigestMatchesWhatTheAssemblyRecords	e5a335bb	-	NOT-REQUIRED(new-since-base-or-unchanged-at-landing)
internal/app/engine/a112_first_leg_owner_scope_seal_test.go	TestTheScopeSelectorKeysOnMarketAndAccountToo	face8d0d	-	NOT-REQUIRED(new-since-base-or-unchanged-at-landing)
internal/app/engine/a112_first_leg_owner_scope_seal_test.go	firstLegIdentityFixture.collectWithPair	face8d0d	-	NOT-REQUIRED(new-since-base-or-unchanged-at-landing)
internal/app/engine/a112_first_leg_owner_scope_seal_test.go	requireRefusal	80ae96a5	-	NOT-REQUIRED(new-since-base-or-unchanged-at-landing)
internal/app/engine/a112_lane_dependency_test.go	TestEveryLaneStaysDormantOnAProposalItActuallyOwns	c43821e0,b1474436	-	NOT-REQUIRED(new-since-base-or-unchanged-at-landing)
internal/app/engine/a112_lane_dependency_test.go	TestTheLaneStageOnItsOwnCallsTheGatewayZeroTimes	c43821e0,b1474436	-	NOT-REQUIRED(new-since-base-or-unchanged-at-landing)
internal/app/engine/a112_lane_dependency_test.go	laneRuntimeForDependency	c43821e0	-	NOT-REQUIRED(new-since-base-or-unchanged-at-landing)
internal/app/engine/a112_lane_latch_durability_test.go	TestADurableLatchThatNamesNoLaneInThisBuildStopsTheCycleLoudlyAndCanBeClosed	b1474436	-	NOT-REQUIRED(new-since-base-or-unchanged-at-landing)
internal/app/engine/a112_lane_latch_durability_test.go	TestALatchOnlyReopensForAStrictlyNewerSignedActivation	b1474436,435f626e	-	NOT-REQUIRED(new-since-base-or-unchanged-at-landing)
internal/app/engine/a112_lane_latch_durability_test.go	TestALatchedLaneComesBackLatchedAfterTheProcessRestarts	b1474436	-	NOT-REQUIRED(new-since-base-or-unchanged-at-landing)
internal/app/engine/a112_lane_latch_durability_test.go	TestALedgerThatCannotTakeTheLatchStopsTheCycle	b1474436	-	NOT-REQUIRED(new-since-base-or-unchanged-at-landing)
internal/app/engine/a112_lane_latch_durability_test.go	TestARestoredLatchKeepsTheFirstCauseAcrossTheRestart	b1474436	-	NOT-REQUIRED(new-since-base-or-unchanged-at-landing)
internal/app/engine/a112_lane_latch_durability_test.go	TestOneLatchedLaneLeavesItsSevenPeersOpenAcrossARestart	b1474436	-	NOT-REQUIRED(new-since-base-or-unchanged-at-landing)
internal/app/engine/a112_lane_latch_durability_test.go	TestTheProductionStepNeverLatchesSoTheLedgerStaysEmpty	b1474436	-	NOT-REQUIRED(new-since-base-or-unchanged-at-landing)
internal/app/engine/a112_lane_latch_durability_test.go	TestTheRecoveryGenerationComesFromTheSignedActivationAndNothingElse	435f626e	-	NOT-REQUIRED(new-since-base-or-unchanged-at-landing)
internal/app/engine/a112_lane_latch_durability_test.go	TestTwoMarketsEvaluateTheirOwnLanesConcurrentlyWithoutTreadingOnEachOther	b1474436	-	NOT-REQUIRED(new-since-base-or-unchanged-at-landing)
internal/app/engine/a112_lane_latency_testseam_test.go	TestAHungLaneDoesNotDelayItsPeersInTheSameWave	538439ed	-	NOT-REQUIRED(new-since-base-or-unchanged-at-landing)
internal/app/engine/a112_lane_operability_test.go	TestAStalledRemoteWaveNeverBlocksTheProjectionRead	538439ed	-	NOT-REQUIRED(new-since-base-or-unchanged-at-landing)
internal/app/engine/a112_lane_operability_test.go	TestSafetyLoopsKeepTheirCadenceWhileEveryEntryQueueIsSaturated	538439ed	-	NOT-REQUIRED(new-since-base-or-unchanged-at-landing)
internal/app/engine/a112_lane_runtime_test.go	TestADroppedTriggerNeverDrivesACycle	c43821e0,b1474436	-	NOT-REQUIRED(new-since-base-or-unchanged-at-landing)
internal/app/engine/a112_lane_runtime_test.go	TestEveryFamilyLaneIsDormantUntilASignedManifestPromotesIt	c43821e0,b1474436	-	NOT-REQUIRED(new-since-base-or-unchanged-at-landing)
internal/app/engine/a112_lane_runtime_test.go	TestOnlyThePackageLevelStepEverRunsInsideALane	b1474436,068e6658	-	NOT-REQUIRED(new-since-base-or-unchanged-at-landing)
internal/app/engine/a112_lane_runtime_test.go	TestTheFamilyLaneStepCarriesNothingButItsLane	b1474436	-	NOT-REQUIRED(new-since-base-or-unchanged-at-landing)
internal/app/engine/a112_lane_runtime_test.go	TestTheLaneSetOutlivesTheRefreshThatAskedForIt	c43821e0	-	NOT-REQUIRED(new-since-base-or-unchanged-at-landing)
internal/app/engine/a112_lane_runtime_test.go	laneRuntimeFixture	c43821e0	-	NOT-REQUIRED(new-since-base-or-unchanged-at-landing)
internal/app/engine/a112_market_delivery_structure_test.go	a112EngineTypes.handoffSource	618b1002	-	NOT-REQUIRED(new-since-base-or-unchanged-at-landing)
internal/app/engine/a112_owner_scope_handoff_test.go	TestAScopeFaultStopsTheCycleBeforeTheNextScope	99ad897c	-	NOT-REQUIRED(new-since-base-or-unchanged-at-landing)
internal/app/engine/a112_owner_scope_handoff_test.go	TestTheProductionCycleDeliversEveryOwnerScopeHandoff	99ad897c	-	NOT-REQUIRED(new-since-base-or-unchanged-at-landing)
internal/app/engine/a112_owner_scope_handoff_test.go	TestTwoOwnerScopesStillPlaceNothingBecauseTheFirstLegGuardRefuses	99ad897c,80ae96a5	-	NOT-REQUIRED(new-since-base-or-unchanged-at-landing)
internal/app/engine/a112_owner_scope_handoff_test.go	TestTwoOwnerScopesTradeOnlyWhereEachHasItsOwnAuthority	face8d0d	-	NOT-REQUIRED(new-since-base-or-unchanged-at-landing)
internal/app/engine/a112_owner_scope_handoff_test.go	a112ExtraEntryKR	686b94e4,7b3f659f	-	NOT-REQUIRED(new-since-base-or-unchanged-at-landing)
internal/app/engine/a112_owner_scope_handoff_test.go	a112TwoScopeKR	99ad897c	-	NOT-REQUIRED(new-since-base-or-unchanged-at-landing)
internal/app/engine/a112_owner_scope_handoff_test.go	a112TwoScopePin	686b94e4,80ae96a5,face8d0d	-	NOT-REQUIRED(new-since-base-or-unchanged-at-landing)
internal/app/engine/a112_owner_scope_trading_test.go	TestACorruptLedgerRowStopsTheCycleWithItsCause	82080177	-	NOT-REQUIRED(new-since-base-or-unchanged-at-landing)
internal/app/engine/a112_owner_scope_trading_test.go	TestAForgedScopeStopsTheCycleBeforeTheNextValidScope	face8d0d	-	NOT-REQUIRED(new-since-base-or-unchanged-at-landing)
internal/app/engine/a112_owner_scope_trading_test.go	TestAScopeLatchIsRefusedAloneButALatchReadFaultStops	82080177	-	NOT-REQUIRED(new-since-base-or-unchanged-at-landing)
internal/app/engine/a112_owner_scope_trading_test.go	TestAScopeWithoutItsOwnAccountAuthorityIsRefusedAloneAndRecorded	bf269eb5	-	NOT-REQUIRED(new-since-base-or-unchanged-at-landing)
internal/app/engine/a112_owner_scope_trading_test.go	TestAnAccountLoadThatFailsUnderACancelledContextIsAFault	bf269eb5	-	NOT-REQUIRED(new-since-base-or-unchanged-at-landing)
internal/app/engine/a112_owner_scope_trading_test.go	TestAnActivatedTwoScopeMarketIssuesOneFirstLegPerScope	face8d0d,82080177	-	NOT-REQUIRED(new-since-base-or-unchanged-at-landing)
internal/app/engine/a112_owner_scope_trading_test.go	TestAnActivatedTwoScopeMarketPromotesItsWorkerPerScope	face8d0d	-	NOT-REQUIRED(new-since-base-or-unchanged-at-landing)
internal/app/engine/a112_owner_scope_trading_test.go	TestTheRiskStubBridgeIsStillNeededBecauseTheLoaderRefusesTheRealJournal	82080177	-	NOT-REQUIRED(new-since-base-or-unchanged-at-landing)
internal/app/engine/a112_owner_scope_trading_test.go	TestTheSecondLegOfOneCycleCountsTheFirstLegsHeldReservation	face8d0d	-	NOT-REQUIRED(new-since-base-or-unchanged-at-landing)
internal/app/engine/a112_owner_scope_trading_test.go	a112AccountLoader	face8d0d	-	NOT-REQUIRED(new-since-base-or-unchanged-at-landing)
internal/app/engine/a112_owner_scope_trading_test.go	a112MirrorLedgerIntoRiskStub	82080177	-	NOT-REQUIRED(new-since-base-or-unchanged-at-landing)
internal/app/engine/a112_owner_scope_trading_test.go	a112ReadRows	82080177	-	NOT-REQUIRED(new-since-base-or-unchanged-at-landing)
internal/app/engine/a112_owner_scope_trading_test.go	a112StubTables	82080177	-	NOT-REQUIRED(new-since-base-or-unchanged-at-landing)
internal/app/engine/a112_owner_scope_trading_test.go	newA112TradingFixture	face8d0d,7b3f659f,82080177	-	NOT-REQUIRED(new-since-base-or-unchanged-at-landing)
internal/app/engine/a112_proposal_closure_carriage_test.go	TestEveryReachableProposalClosureCarriesTheGatesActivationExceptRouteNotReady	6f5b0df6	-	NOT-REQUIRED(new-since-base-or-unchanged-at-landing)
internal/app/engine/a112_proposal_closure_carriage_test.go	TestTheThirteenProposalClosuresKeepTheirOrderAndTheGateIsComputedRightAfterRouteReadiness	6f5b0df6	-	NOT-REQUIRED(new-since-base-or-unchanged-at-landing)
internal/app/engine/a112_scope_refusal_census_test.go	TestTheScopeRefusalTypeIsMadeOnlyWhereTheCensusSaysItIs	face8d0d	-	NOT-REQUIRED(new-since-base-or-unchanged-at-landing)
internal/app/engine/strategy_account_first_leg_authority.go	newProductionStrategyFirstLegAuthorityLoader	e5a335bb	internal-app-engine--newproductionstrategyfirstlegauthorityloader	FRESH
internal/app/engine/strategy_account_first_leg_authority.go	productionStrategyFirstLegAuthorityLoader.collectStrategyFirstLegAuthority	686b94e4,80ae96a5,face8d0d,bf269eb5	internal-app-engine--productionstrategyfirstlegauthorityloader.collectstrategyfirstlegauthority	FRESH
internal/app/engine/strategy_account_first_leg_authority.go	strategyAccountAuthorityLoader.collectMarket	80ae96a5,face8d0d,f9a25549	internal-app-engine--strategyaccountauthorityloader.collectmarket	FRESH
internal/app/engine/strategy_account_first_leg_authority.go	strategyAccountMarketFromScopes	face8d0d	-	NOT-REQUIRED(new-since-base-or-unchanged-at-landing)
internal/app/engine/strategy_account_first_leg_authority_test.go	TestProductionFirstLegAuthorityLoaderPairedKRUS	80ae96a5	internal-app-engine--testproductionfirstlegauthorityloaderpairedkrus	FRESH
internal/app/engine/strategy_dispatch_cycle.go	newStrategyDispatchCycle	44d0fb58	internal-app-engine--newstrategydispatchcycle	FRESH
internal/app/engine/strategy_dispatch_cycle.go	strategyDispatchCycle.dispatch	b73b35e1,44d0fb58,272b715c,80ae96a5,face8d0d	internal-app-engine--strategydispatchcycle.dispatch	FRESH
internal/app/engine/strategy_dispatch_cycle_test.go	TestStrategyDispatchCyclePairsKRUSThroughDerivedLeaseAndGateway	b73b35e1	internal-app-engine--teststrategydispatchcyclepairskrusthroughderivedleaseandgateway	FRESH
internal/app/engine/strategy_dispatch_cycle_test.go	TestStrategyDispatchCycleReadOnlyRefusalsPrecedeFirstLegAdmissionPairedKRUS	b73b35e1	internal-app-engine--teststrategydispatchcyclereadonlyrefusalsprecedefirstlegadmissionpairedkrus	FRESH
internal/app/engine/strategy_dispatch_cycle_test.go	TestStrategyDispatchCycleRunsKRUSConcurrentlyUnderOneCentralOwner	b73b35e1,d78f3f4a	internal-app-engine--teststrategydispatchcyclerunskrusconcurrentlyunderonecentralowner	FRESH
internal/app/engine/strategy_dispatch_cycle_test.go	pairedStrategyDispatchCycleFixture	44d0fb58,272b715c,80ae96a5	internal-app-engine--pairedstrategydispatchcyclefixture	FRESH
internal/app/engine/strategy_dispatch_cycle_test.go	strategyDispatchGatewaySpy.ObserveStrategyEntryGate	80ae96a5	internal-app-engine--strategydispatchgatewayspy.observestrategyentrygate	FRESH
internal/app/engine/strategy_dispatch_envelope_test.go	TestTheSameEnvelopeCannotPlaceASecondOrder	14b76963	-	NOT-REQUIRED(new-since-base-or-unchanged-at-landing)
internal/app/engine/strategy_dispatch_handoff.go	deliverEachStrategyHandoff	80ae96a5	-	NOT-REQUIRED(new-since-base-or-unchanged-at-landing)
internal/app/engine/strategy_dispatch_handoff.go	strategyDispatchHandoff.Admitted	eb072255	-	NOT-REQUIRED(new-since-base-or-unchanged-at-landing)
internal/app/engine/strategy_dispatch_handoff.go	strategyProposalMarketAuthority.dispatchHandoff	eb072255,00e1b9bd	-	NOT-REQUIRED(new-since-base-or-unchanged-at-landing)
internal/app/engine/strategy_dispatch_handoff.go	strategyProposalMarketAuthority.dispatchHandoffs	686b94e4,e5a335bb,80ae96a5	-	NOT-REQUIRED(new-since-base-or-unchanged-at-landing)
internal/app/engine/strategy_dispatch_handoff_guard_test.go	TestAdmitCensusSeesEverySpellingItClaims	00e1b9bd	-	NOT-REQUIRED(new-since-base-or-unchanged-at-landing)
internal/app/engine/strategy_dispatch_handoff_guard_test.go	TestEveryMarketAuthorityCarryingEntriesAlsoReportsReady	8f8b1178	-	NOT-REQUIRED(new-since-base-or-unchanged-at-landing)
internal/app/engine/strategy_dispatch_handoff_guard_test.go	TestExactlyOneProductionCallSiteTurnsAHandoffIntoADispatch	eb072255,8f8b1178,b73b35e1	-	NOT-REQUIRED(new-since-base-or-unchanged-at-landing)
internal/app/engine/strategy_dispatch_handoff_guard_test.go	TestExactlyOneProductionSiteAdmitsIntoTheSeam	14b76963,00e1b9bd,99ad897c	-	NOT-REQUIRED(new-since-base-or-unchanged-at-landing)
internal/app/engine/strategy_dispatch_handoff_guard_test.go	TestNoProductionSiteDiscardsTheSeamsAdmissionAnswer	8f8b1178,b73b35e1,14b76963,99ad897c,eb3212b9	-	NOT-REQUIRED(new-since-base-or-unchanged-at-landing)
internal/app/engine/strategy_dispatch_handoff_guard_test.go	TestNoProductionSiteReadsAHandoffWithoutAskingWhetherItWasAdmitted	eb072255	-	NOT-REQUIRED(new-since-base-or-unchanged-at-landing)
internal/app/engine/strategy_dispatch_handoff_guard_test.go	TestSeamConsumersCannotReadTheRawEntryListAgain	b73b35e1	-	NOT-REQUIRED(new-since-base-or-unchanged-at-landing)
internal/app/engine/strategy_dispatch_handoff_guard_test.go	TestTheCoordinatorAndHandoffSeamsHoldNoMutationCapability	eb072255,8f8b1178	-	NOT-REQUIRED(new-since-base-or-unchanged-at-landing)
internal/app/engine/strategy_dispatch_handoff_guard_test.go	TestTheWorkerBuilderOnlyObservesThroughTheGateway	8f8b1178	-	NOT-REQUIRED(new-since-base-or-unchanged-at-landing)
internal/app/engine/strategy_dispatch_handoff_guard_test.go	admitSites	00e1b9bd	-	NOT-REQUIRED(new-since-base-or-unchanged-at-landing)
internal/app/engine/strategy_dispatch_handoff_guard_test.go	deliveredParamName	b73b35e1	-	NOT-REQUIRED(new-since-base-or-unchanged-at-landing)
internal/app/engine/strategy_dispatch_handoff_guard_test.go	identAppearsInSomeIfCondition	8f8b1178	-	NOT-REQUIRED(new-since-base-or-unchanged-at-landing)
internal/app/engine/strategy_dispatch_handoff_guard_test.go	identIsBlankAssigned	8f8b1178,b73b35e1	-	NOT-REQUIRED(new-since-base-or-unchanged-at-landing)
internal/app/engine/strategy_dispatch_handoff_guard_test.go	identMentions	14b76963	-	NOT-REQUIRED(new-since-base-or-unchanged-at-landing)
internal/app/engine/strategy_dispatch_handoff_guard_test.go	seamAdmissionAnswers	8f8b1178,99ad897c	-	NOT-REQUIRED(new-since-base-or-unchanged-at-landing)
internal/app/engine/strategy_dispatch_handoff_guard_test.go	singleProposalAssumptionSites	b73b35e1	-	NOT-REQUIRED(new-since-base-or-unchanged-at-landing)
internal/app/engine/strategy_dispatch_handoff_guard_test.go	strategyHandoffAdmitDoors	99ad897c	-	NOT-REQUIRED(new-since-base-or-unchanged-at-landing)
internal/app/engine/strategy_entry_supervisor.go	Context.NewPairedStrategyEntryProductionAssembly	c43821e0,b1474436,44d0fb58,272b715c,8b7f1a54	internal-app-engine--context.newpairedstrategyentryproductionassembly	FRESH
internal/app/engine/strategy_entry_supervisor.go	Context.NewRefreshingPairedStrategyEntrySupervisor	36ade9b2	internal-app-engine--context.newrefreshingpairedstrategyentrysupervisor	FRESH
internal/app/engine/strategy_entry_supervisor.go	Context.refreshPairedStrategyEntryProductionAssembly	a5561ecf	internal-app-engine--context.refreshpairedstrategyentryproductionassembly	FRESH
internal/app/engine/strategy_entry_supervisor.go	Context.runProductionStrategyMarketCycle	8a161fc8,eb072255,8f8b1178,b73b35e1,19976352,c43821e0,b1474436,00e1b9bd,99ad897c	internal-app-engine--context.runproductionstrategymarketcycle	FRESH
internal/app/engine/strategy_entry_supervisor.go	NewStrategyEntrySupervisor	36ade9b2	internal-app-engine--newstrategyentrysupervisor	FRESH
internal/app/engine/strategy_entry_supervisor.go	StrategyEntrySupervisor.Snapshot	4f49a8eb	internal-app-engine--strategyentrysupervisor.snapshot	FRESH
internal/app/engine/strategy_entry_supervisor.go	StrategyEntrySupervisor.recordSwallowedCycleError	36ade9b2	-	NOT-REQUIRED(new-since-base-or-unchanged-at-landing)
internal/app/engine/strategy_entry_supervisor.go	StrategyEntrySupervisor.runMarket	4f49a8eb,36ade9b2	internal-app-engine--strategyentrysupervisor.runmarket	FRESH
internal/app/engine/strategy_entry_supervisor.go	buildProductionStrategyMarketWorker	8a161fc8,eb072255,b1474436,44d0fb58,99ad897c,80ae96a5,face8d0d	internal-app-engine--buildproductionstrategymarketworker	FRESH
internal/app/engine/strategy_family_activation.go	strategyFamilyGate.installed	272b715c	-	NOT-REQUIRED(new-since-base-or-unchanged-at-landing)
internal/app/engine/strategy_family_activation.go	strategyProposalAuthorityLoader.familyGateFor	272b715c	-	NOT-REQUIRED(new-since-base-or-unchanged-at-landing)
internal/app/engine/strategy_family_activation.go	strategyProposalAuthorityLoader.loadFamilyActivation	44d0fb58,435f626e,272b715c,6f5b0df6	-	NOT-REQUIRED(new-since-base-or-unchanged-at-landing)
internal/app/engine/strategy_first_leg_admission.go	strategyFirstLegAdmissionBridge.admit	80ae96a5,face8d0d,7b3f659f	internal-app-engine--strategyfirstlegadmissionbridge.admit	FRESH
internal/app/engine/strategy_first_leg_backstop_shape_test.go	requireGuardFollowsTheRederivation	686b94e4	-	NOT-REQUIRED(new-since-base-or-unchanged-at-landing)
internal/app/engine/strategy_first_leg_identity_backstop_test.go	newFirstLegIdentityFixture	80ae96a5	-	NOT-REQUIRED(new-since-base-or-unchanged-at-landing)
internal/app/engine/strategy_first_leg_owner_scope.go	strategyProposalMarketAuthority.authorityForOwnerScope	e5a335bb	-	NOT-REQUIRED(new-since-base-or-unchanged-at-landing)
internal/app/engine/strategy_lane_projection.go	strategyLaneProjection	068e6658	-	NOT-REQUIRED(new-since-base-or-unchanged-at-landing)
internal/app/engine/strategy_lane_runtime.go	Context.productionStrategyLanes	c43821e0	-	NOT-REQUIRED(new-since-base-or-unchanged-at-landing)
internal/app/engine/strategy_lane_runtime.go	newStrategyLaneRuntime	c43821e0	-	NOT-REQUIRED(new-since-base-or-unchanged-at-landing)
internal/app/engine/strategy_lane_runtime.go	strategyFamilyLaneStep	b1474436	-	NOT-REQUIRED(new-since-base-or-unchanged-at-landing)
internal/app/engine/strategy_lane_runtime.go	strategyLaneRuntime.evaluate	c43821e0,b1474436,eb3212b9,068e6658	-	NOT-REQUIRED(new-since-base-or-unchanged-at-landing)
internal/app/engine/strategy_lane_runtime.go	strategyLaneRuntime.lanesFor	c43821e0	-	NOT-REQUIRED(new-since-base-or-unchanged-at-landing)
internal/app/engine/strategy_lane_runtime.go	strategyLaneRuntime.record	eb3212b9	-	NOT-REQUIRED(new-since-base-or-unchanged-at-landing)
internal/app/engine/strategy_lane_runtime.go	strategyLaneRuntime.runLane	b1474436,eb3212b9,068e6658	-	NOT-REQUIRED(new-since-base-or-unchanged-at-landing)
internal/app/engine/strategy_market_coordinator.go	arbitrateProposalScope	46a9909c	-	NOT-REQUIRED(new-since-base-or-unchanged-at-landing)
internal/app/engine/strategy_market_coordinator.go	coordinateMarketProposals	b1474436,4748836b	-	NOT-REQUIRED(new-since-base-or-unchanged-at-landing)
internal/app/engine/strategy_market_handoff_delivery.go	dispatchStrategyMarketHandoffs	80ae96a5	-	NOT-REQUIRED(new-since-base-or-unchanged-at-landing)
internal/app/engine/strategy_owner_scope_authority.go	strategyAccountMarketAuthority.accountScopeCause	bf269eb5	-	NOT-REQUIRED(new-since-base-or-unchanged-at-landing)
internal/app/engine/strategy_owner_scope_authority.go	strategyScopeRefusal.Error	face8d0d	-	NOT-REQUIRED(new-since-base-or-unchanged-at-landing)
internal/app/engine/strategy_proposal_ambiguity_test.go	TestProposalCollectMarketClosesTheMarketBeforeBuildingEntries	7101935c	internal-app-engine--testproposalcollectmarketclosesthemarketbeforebuildingentries	STALE
internal/app/engine/strategy_proposal_authority.go	strategyProposalAuthorityLoader.collectMarket	7101935c,46a9909c,f9cbba8c,b1474436,4748836b,80ae96a5,0b441270,6f5b0df6	internal-app-engine--strategyproposalauthorityloader.collectmarket	FRESH
internal/app/engine/strategy_proposal_authority.go	strategyProposalAuthorityPair.ResultAuthority	8a161fc8,eb072255,80ae96a5	internal-app-engine--strategyproposalauthoritypair.resultauthority	FRESH
internal/app/engine/strategy_proposal_authority_test.go	proposalRoutePair	7101935c	internal-app-engine--proposalroutepair	FRESH
internal/app/engine/strategy_risk_authority.go	strategyRiskAuthorityLoader.collectMarket	80ae96a5,face8d0d,82080177	internal-app-engine--strategyriskauthorityloader.collectmarket	FRESH
internal/app/engine/strategy_risk_authority_test.go	createStrategyRiskLoaderJournal	82080177	-	MISSING
internal/app/engine/strategy_risk_authority_test.go	newStrategyRiskLoaderFixture	80ae96a5	internal-app-engine--newstrategyriskloaderfixture	FRESH
internal/app/engine/strategy_risk_authority_test.go	newStrategyRiskLoaderFixtureGeneration	7b3f659f	-	NOT-REQUIRED(new-since-base-or-unchanged-at-landing)
internal/app/engine/strategy_risk_authority_test.go	newStrategyRiskLoaderFixtureWith	face8d0d	-	NOT-REQUIRED(new-since-base-or-unchanged-at-landing)
internal/app/engine/strategy_route_authority.go	strategyRouteAuthorityLoader.collectMarket	82080177	internal-app-engine--strategyrouteauthorityloader.collectmarket	FRESH
internal/app/engine/strategy_runtime_projection.go	Context.Read	5c5efec7,eb3212b9	internal-app-engine--context.read	FRESH
internal/app/engine/strategy_runtime_projection.go	strategyProjectionFromAssembly	8a161fc8,eb072255,80ae96a5,eb3212b9	internal-app-engine--strategyprojectionfromassembly	FRESH
internal/breakoutlane/evaluator_test.go	TestAdversarialInvalidUTF8ConfigAndFXDirectionScale	3be54204	internal-breakoutlane--testadversarialinvalidutf8configandfxdirectionscale	FRESH
internal/breakoutlane/machine.go	evaluateFresh	65444341	internal-breakoutlane--evaluatefresh	FRESH
internal/breakoutlane/types.go	NewFXSeal	3be54204	internal-breakoutlane--newfxseal	FRESH
internal/console/strategy_runtime_multimarket.go	multiMarketStrategyRuntimePage.project	5c5efec7	internal-console--multimarketstrategyruntimepage.project	FRESH
internal/execgw/classify.go	classifyMutation	766a8456	-	MISSING
internal/execgw/failclosed.go	AllReasonCodes	3260f4eb,766a8456	internal-execgw--allreasoncodes	FRESH
internal/journal/a066_storage_exit_structure_test.go	TestA066StorageErrorExitsFailClosed	0b6cb9b1	-	NOT-REQUIRED(new-since-base-or-unchanged-at-landing)
internal/journal/schema_test.go	TestSchemaTablesAndColumns	c43821e0	internal-journal--testschematablesandcolumns	FRESH
internal/journal/strategy_lane_latch_test.go	TestALatchOpensOnlyForAStrictlyNewerSignedActivation	435f626e	-	NOT-REQUIRED(new-since-base-or-unchanged-at-landing)
internal/riskbucket/production_snapshot_authority.go	LoadProductionRiskSnapshotAuthority	face8d0d,82080177	internal-riskbucket--loadproductionrisksnapshotauthority	FRESH
internal/riskbucket/production_snapshot_authority.go	bindProductionRiskInputs	face8d0d	internal-riskbucket--bindproductionriskinputs	FRESH
internal/riskbucket/production_snapshot_authority.go	loadProductionRiskEntries	face8d0d,82080177	internal-riskbucket--loadproductionriskentries	FRESH
internal/riskbucket/production_snapshot_authority.go	readProductionRiskUsage	82080177	-	MISSING
internal/riskbucket/production_snapshot_authority.go	validProductionRiskPolicyContents	40ec5aff	internal-riskbucket--validproductionriskpolicycontents	FRESH
internal/riskbucket/production_snapshot_authority_test.go	createProductionRiskDB	82080177	-	MISSING
internal/riskbucket/production_snapshot_authority_test.go	newProductionRiskFixture	82080177	-	MISSING
internal/scheduler/budget.go	BudgetCoordinator.Complete	a5e61fcd	internal-scheduler--budgetcoordinator.complete	FRESH
internal/scheduler/budget.go	BudgetCoordinator.TryAcquire	a5e61fcd	internal-scheduler--budgetcoordinator.tryacquire	FRESH
internal/strategyarbiter/arbiter.go	selectHighestScore	46a9909c	-	NOT-REQUIRED(new-since-base-or-unchanged-at-landing)
internal/strategyflow/seal_census_test.go	TestOnlyProposeSealsAProposalInTheProductionBuild	e5a335bb	-	NOT-REQUIRED(new-since-base-or-unchanged-at-landing)
internal/strategyflow/seal_census_test.go	TestTheStrategyflowSurfaceIsFrozen	e5a335bb	-	NOT-REQUIRED(new-since-base-or-unchanged-at-landing)
internal/strategyflow/seal_census_test.go	strategyflowSourceFiles	e5a335bb	-	NOT-REQUIRED(new-since-base-or-unchanged-at-landing)
internal/strategyhandoff/dependency_closure_test.go	TestOnlyTheEngineImportsThisSeam	14b76963	-	NOT-REQUIRED(new-since-base-or-unchanged-at-landing)
internal/strategyhandoff/dependency_closure_test.go	TestTheHandoffSeamImportsNothingOutsideItsAllowedClosure	8f8b1178,00e1b9bd	-	NOT-REQUIRED(new-since-base-or-unchanged-at-landing)
internal/strategyhandoff/dependency_closure_test.go	TestTheHandoffSeamTransitivelyReachesNoMutationCapability	8f8b1178	-	NOT-REQUIRED(new-since-base-or-unchanged-at-landing)
internal/strategyhandoff/dependency_closure_test.go	assertNoMutationCapabilityInWalk	b73b35e1	-	NOT-REQUIRED(new-since-base-or-unchanged-at-landing)
internal/strategyhandoff/escape_test.go	TestNoAccessorHandsOutAResultWithoutSayingWhetherItWasAdmitted	8f8b1178	-	NOT-REQUIRED(new-since-base-or-unchanged-at-landing)
internal/strategyhandoff/escape_test.go	TestTheHandoffCarriesNoExportedField	8f8b1178,14b76963	-	NOT-REQUIRED(new-since-base-or-unchanged-at-landing)
internal/strategyhandoff/escape_test.go	TestThePackageExposesExactlyTheSurfaceTheSeamNeeds	14b76963,99ad897c	-	NOT-REQUIRED(new-since-base-or-unchanged-at-landing)
internal/strategyhandoff/escape_test.go	isResultType	8f8b1178	-	NOT-REQUIRED(new-since-base-or-unchanged-at-landing)
internal/strategyhandoff/escape_test.go	productionOnly	8f8b1178	-	NOT-REQUIRED(new-since-base-or-unchanged-at-landing)
internal/strategyhandoff/escape_test.go	receiverTypeName	8f8b1178	-	NOT-REQUIRED(new-since-base-or-unchanged-at-landing)
internal/strategyhandoff/handoff.go	Admit	8f8b1178	-	NOT-REQUIRED(new-since-base-or-unchanged-at-landing)
internal/strategyhandoff/handoff.go	Handoff.Deliver	b73b35e1,00e1b9bd	-	NOT-REQUIRED(new-since-base-or-unchanged-at-landing)
internal/strategyhandoff/handoff.go	Handoff.Refusal	8f8b1178	-	NOT-REQUIRED(new-since-base-or-unchanged-at-landing)
internal/strategyhandoff/handoff.go	Handoff.Single	8f8b1178,b73b35e1	-	NOT-REQUIRED(new-since-base-or-unchanged-at-landing)
internal/strategyhandoff/handoff.go	Handoff.refusalNow	b73b35e1	-	NOT-REQUIRED(new-since-base-or-unchanged-at-landing)
internal/strategyhandoff/handoff_test.go	TestARaisedCapacityHandsOffNothingRatherThanDroppingTheSecondSelection	8f8b1178	-	NOT-REQUIRED(new-since-base-or-unchanged-at-landing)
internal/strategyhandoff/handoff_test.go	TestARefusedSingleReturnsTheZeroResult	b73b35e1	-	NOT-REQUIRED(new-since-base-or-unchanged-at-landing)
internal/strategyhandoff/handoff_test.go	TestDeliverReturnsOnlyTheBodysError	b73b35e1	-	NOT-REQUIRED(new-since-base-or-unchanged-at-landing)
internal/strategyhandoff/handoff_test.go	TestDeliverRunsTheBodyOnlyWhenSomethingCrossedTheSeam	b73b35e1	-	NOT-REQUIRED(new-since-base-or-unchanged-at-landing)
internal/strategyhandoff/handoff_test.go	TestTheHandoffDoesNotAliasTheCallersSlice	8f8b1178	-	NOT-REQUIRED(new-since-base-or-unchanged-at-landing)
internal/strategyhandoff/mint_census_test.go	TestOnlyTheTwoDoorsReturnASeamValue	618b1002	-	NOT-REQUIRED(new-since-base-or-unchanged-at-landing)
internal/strategyhandoff/mint_census_test.go	TestSeamValuesAreBuiltOnlyInsideTheirDoors	618b1002	-	NOT-REQUIRED(new-since-base-or-unchanged-at-landing)
internal/strategyhandoff/mint_census_test.go	declLabel	618b1002	-	NOT-REQUIRED(new-since-base-or-unchanged-at-landing)
internal/strategyhandoff/mint_census_test.go	mentionsSeamType	618b1002	-	NOT-REQUIRED(new-since-base-or-unchanged-at-landing)
internal/strategyprojection/model.go	Clone	5c5efec7,eb3212b9	internal-strategyprojection--clone	FRESH
internal/strategyprojection/model.go	DormantSnapshot	eb3212b9	internal-strategyprojection--dormantsnapshot	FRESH
internal/strategyprojection/model.go	UnavailableSnapshot	eb3212b9	internal-strategyprojection--unavailablesnapshot	FRESH
internal/strategyprojection/model.go	Validate	5c5efec7,eb3212b9	internal-strategyprojection--validate	FRESH
internal/strategyprojection/projection_test.go	currentPair	eb3212b9	internal-strategyprojection--currentpair	FRESH
internal/strategyprojectionrpc/a112_additive_fields_test.go	TestClientIgnoresAdditiveFieldsFromANewerEngine	eb3212b9	-	NOT-REQUIRED(new-since-base-or-unchanged-at-landing)
internal/strategyprojectionrpc/transport.go	Client.Read	5c5efec7	internal-strategyprojectionrpc--client.read	FRESH
internal/strategyprojectionrpc/transport_unix_test.go	TestUnixClientRejectsUnknownSchemaFieldsAndOversizedResponse	5c5efec7	internal-strategyprojectionrpc--testunixclientrejectsunknownschemafieldsandoversizedresponse	STALE
internal/strategyproposal/multilane_testseam.go	ProductionBatchAuthorityMultiLaneForTest	f9cbba8c	-	NOT-REQUIRED(new-since-base-or-unchanged-at-landing)
internal/strategyproposal/production.go	LoadProductionAuthorityBatch	46a9909c,f9cbba8c	internal-strategyproposal--loadproductionauthoritybatch	FRESH
internal/strategyproposal/production.go	ProductionBatchAuthority.Len	f9cbba8c	internal-strategyproposal--productionbatchauthority.len	FRESH
internal/strategyproposal/production.go	validScopes	46a9909c	internal-strategyproposal--validscopes	FRESH
internal/strategyproposal/production_test.go	productionFixture	f9cbba8c	internal-strategyproposal--productionfixture	FRESH
internal/strategyrouter/a112_activation_error_fields_test.go	TestEveryActivationRefusalNamesItsFieldAndKeepsItsSentinel	6f5b0df6	-	NOT-REQUIRED(new-since-base-or-unchanged-at-landing)
internal/strategyrouter/production.go	LoadProductionRouteAuthorityBatch	82080177	internal-strategyrouter--loadproductionrouteauthoritybatch	FRESH
internal/strategyrouter/production.go	loadProductionRouteOwnersFrom	82080177	-	MISSING
internal/strategyrouter/production.go	openProductionRouteSnapshot	82080177	-	MISSING
internal/strategyrouter/production_family_activation.go	FamilyActivation.ProtectionReadyDigest	44d0fb58	-	NOT-REQUIRED(new-since-base-or-unchanged-at-landing)
internal/strategyrouter/production_family_activation.go	FamilyActivation.ProtectionReadyMinGeneration	272b715c	-	NOT-REQUIRED(new-since-base-or-unchanged-at-landing)
internal/strategyrouter/production_family_activation.go	FamilyActivation.RiskBundleDigest	44d0fb58	-	NOT-REQUIRED(new-since-base-or-unchanged-at-landing)
internal/strategyrouter/production_family_activation.go	FamilyActivationDocument.body	0b441270	-	NOT-REQUIRED(new-since-base-or-unchanged-at-landing)
internal/strategyrouter/production_family_activation.go	LoadProductionFamilyActivation	44d0fb58,435f626e,272b715c,0b441270,6f5b0df6	-	NOT-REQUIRED(new-since-base-or-unchanged-at-landing)
internal/strategyrouter/production_family_activation.go	decodeProductionFamilyActivation	435f626e,0b441270	-	NOT-REQUIRED(new-since-base-or-unchanged-at-landing)
internal/strategyrouter/production_family_activation.go	familyActivationRemaining	0b441270	-	NOT-REQUIRED(new-since-base-or-unchanged-at-landing)
internal/strategyrouter/production_family_activation.go	validateProductionFamilyActivation	44d0fb58,435f626e,272b715c,0b441270,6f5b0df6	-	NOT-REQUIRED(new-since-base-or-unchanged-at-landing)
internal/strategyrouter/production_family_activation_test.go	TestASignedFourFamilyActivationPromotesExactlyTheLanesItNames	435f626e	-	NOT-REQUIRED(new-since-base-or-unchanged-at-landing)
internal/strategyrouter/production_family_activation_test.go	TestAVerifiedActivationCarriesTheTwoDigestsTheLaterStageMustBind	44d0fb58	-	NOT-REQUIRED(new-since-base-or-unchanged-at-landing)
internal/strategyrouter/production_family_activation_test.go	TestAnActivationPromotesOnlyTheFamiliesItTurnsOn	435f626e	-	NOT-REQUIRED(new-since-base-or-unchanged-at-landing)
internal/strategyrouter/production_family_activation_test.go	TestAnActivationSignedByAnotherKeyPromotesNothing	435f626e	-	NOT-REQUIRED(new-since-base-or-unchanged-at-landing)
internal/strategyrouter/production_family_activation_test.go	TestAnActivationWhoseBindingsDoNotMatchPromotesNothing	44d0fb58,435f626e	-	NOT-REQUIRED(new-since-base-or-unchanged-at-landing)
internal/strategyrouter/production_family_activation_test.go	TestAnActivationWhoseBytesAreNotCanonicalPromotesNothing	435f626e	-	NOT-REQUIRED(new-since-base-or-unchanged-at-landing)
internal/strategyrouter/production_family_activation_test.go	TestTheOtherMarketsWholeManifestInThisMarketsFilePromotesNothing	435f626e	-	NOT-REQUIRED(new-since-base-or-unchanged-at-landing)
internal/strategyrouter/production_family_activation_test.go	TestWithNoActivationFileNothingIsPromoted	435f626e	-	NOT-REQUIRED(new-since-base-or-unchanged-at-landing)
internal/strategyrouter/production_family_activation_test.go	familyActivationFixture.body	44d0fb58,435f626e	-	NOT-REQUIRED(new-since-base-or-unchanged-at-landing)
internal/strategyrouter/production_family_activation_test.go	familyActivationFixture.config	44d0fb58,435f626e	-	NOT-REQUIRED(new-since-base-or-unchanged-at-landing)
internal/strategyrouter/production_family_activation_test.go	familyActivationFixture.write	435f626e	-	NOT-REQUIRED(new-since-base-or-unchanged-at-landing)
internal/strategyrouter/production_family_activation_test.go	newFamilyActivationFixture	435f626e	-	NOT-REQUIRED(new-since-base-or-unchanged-at-landing)
internal/strategyrouter/production_family_activation_testseam.go	FamilyActivationForTest	44d0fb58	-	NOT-REQUIRED(new-since-base-or-unchanged-at-landing)
internal/strategyrouter/production_family_activation_testseam.go	FamilyActivationWithBindingsForTest	44d0fb58,272b715c	-	NOT-REQUIRED(new-since-base-or-unchanged-at-landing)
internal/strategyrouter/production_test.go	newProductionRouteFixture	82080177	-	MISSING
internal/strategyworker/bounded.go	invokeStep	89a626c3	-	NOT-REQUIRED(new-since-base-or-unchanged-at-landing)
internal/strategyworker/bounded_test.go	TestACycleThatCrossesTheDeadlineIsAbandonedAndCountedAsAFailure	89a626c3	-	NOT-REQUIRED(new-since-base-or-unchanged-at-landing)
internal/strategyworker/bounded_test.go	TestALaneAdmitsOnlyOneCycleAtATime	89a626c3	-	NOT-REQUIRED(new-since-base-or-unchanged-at-landing)
internal/strategyworker/bounded_test.go	TestALateResultFromAnAbandonedCycleChangesNothing	89a626c3	-	NOT-REQUIRED(new-since-base-or-unchanged-at-landing)
internal/strategyworker/bounded_test.go	TestAPanickingStepIsAnAbnormalFailureRatherThanACrash	89a626c3	-	NOT-REQUIRED(new-since-base-or-unchanged-at-landing)
internal/strategyworker/bounded_test.go	TestCancellationIsNotAFailure	89a626c3	-	NOT-REQUIRED(new-since-base-or-unchanged-at-landing)
internal/strategyworker/bounded_test.go	TestTheCadenceIsMeasuredFromTheCycleStartNotItsEnd	89a626c3	-	NOT-REQUIRED(new-since-base-or-unchanged-at-landing)
internal/strategyworker/bounded_test.go	TestTheWatchdogSleepsForTheDeadlineAndNotSomeOtherPolicyValue	89a626c3	-	NOT-REQUIRED(new-since-base-or-unchanged-at-landing)
internal/strategyworker/bounded_test.go	neverRuns	89a626c3	-	NOT-REQUIRED(new-since-base-or-unchanged-at-landing)
internal/strategyworker/bounded_test.go	succeeds	89a626c3	-	NOT-REQUIRED(new-since-base-or-unchanged-at-landing)
internal/strategyworker/cycle_test.go	TestALatchedLaneEmitsNothingEvenWhenItIsEffective	472ce405,b1474436	-	NOT-REQUIRED(new-since-base-or-unchanged-at-landing)
internal/strategyworker/cycle_test.go	TestAWorkerOfTheOtherMarketRefuses	b1474436	-	NOT-REQUIRED(new-since-base-or-unchanged-at-landing)
internal/strategyworker/cycle_test.go	TestAWorkerRefusesAProposalFromAnotherLane	b1474436	-	NOT-REQUIRED(new-since-base-or-unchanged-at-landing)
internal/strategyworker/cycle_test.go	TestAWorkerRefusesAProposalWhoseSealNoLongerHolds	b1474436	-	NOT-REQUIRED(new-since-base-or-unchanged-at-landing)
internal/strategyworker/cycle_test.go	TestAWorkerRefusesWhenTheFamilyCannotBeDerivedFromTheSealedAuthority	b1474436	-	NOT-REQUIRED(new-since-base-or-unchanged-at-landing)
internal/strategyworker/cycle_test.go	TestAnEffectiveWorkerEmitsAnEnvelopeTheCoordinatorAdmitsForThisLane	b1474436	-	NOT-REQUIRED(new-since-base-or-unchanged-at-landing)
internal/strategyworker/cycle_test.go	TestEveryProductionWorkerIsBornDormantAndEmitsNothing	b1474436	-	NOT-REQUIRED(new-since-base-or-unchanged-at-landing)
internal/strategyworker/cycle_test.go	emptyEnvelope	4c4fe685	-	NOT-REQUIRED(new-since-base-or-unchanged-at-landing)
internal/strategyworker/dependency_closure_test.go	TestTheWorkerImportsNothingOutsideItsAllowedClosure	4c4fe685,472ce405	-	NOT-REQUIRED(new-since-base-or-unchanged-at-landing)
internal/strategyworker/fixture_test.go	allKRLanes	89a626c3	-	NOT-REQUIRED(new-since-base-or-unchanged-at-landing)
internal/strategyworker/fixture_test.go	effective	b1474436	-	NOT-REQUIRED(new-since-base-or-unchanged-at-landing)
internal/strategyworker/fixture_test.go	fixture.candidate	89a626c3	-	NOT-REQUIRED(new-since-base-or-unchanged-at-landing)
internal/strategyworker/fixture_test.go	fixture.input	89a626c3	-	NOT-REQUIRED(new-since-base-or-unchanged-at-landing)
internal/strategyworker/fixture_test.go	fixture.result	89a626c3	-	NOT-REQUIRED(new-since-base-or-unchanged-at-landing)
internal/strategyworker/fixture_test.go	fixture.scope	89a626c3	-	NOT-REQUIRED(new-since-base-or-unchanged-at-landing)
internal/strategyworker/fixture_test.go	newFixture	89a626c3	-	NOT-REQUIRED(new-since-base-or-unchanged-at-landing)
internal/strategyworker/golden_contract_test.go	TestProductionWorkersAreExactlyTheEightTheGoldenFroze	b1474436,f473d815	-	NOT-REQUIRED(new-since-base-or-unchanged-at-landing)
internal/strategyworker/lane.go	Lane.ConsecutiveFailures	472ce405	-	NOT-REQUIRED(new-since-base-or-unchanged-at-landing)
internal/strategyworker/lane.go	Lane.Fail	472ce405	-	NOT-REQUIRED(new-since-base-or-unchanged-at-landing)
internal/strategyworker/lane.go	Lane.FirstFailure	472ce405,c43821e0	-	NOT-REQUIRED(new-since-base-or-unchanged-at-landing)
internal/strategyworker/lane.go	Lane.Health	472ce405,068e6658	-	NOT-REQUIRED(new-since-base-or-unchanged-at-landing)
internal/strategyworker/lane.go	Lane.Key	19976352	-	NOT-REQUIRED(new-since-base-or-unchanged-at-landing)
internal/strategyworker/lane.go	Lane.LatchRevision	472ce405	-	NOT-REQUIRED(new-since-base-or-unchanged-at-landing)
internal/strategyworker/lane.go	Lane.Latched	472ce405	-	NOT-REQUIRED(new-since-base-or-unchanged-at-landing)
internal/strategyworker/lane.go	Lane.RestartNotBefore	472ce405	-	NOT-REQUIRED(new-since-base-or-unchanged-at-landing)
internal/strategyworker/lane.go	Lane.Run	472ce405,b1474436	-	NOT-REQUIRED(new-since-base-or-unchanged-at-landing)
internal/strategyworker/lane.go	Lane.Succeed	472ce405	-	NOT-REQUIRED(new-since-base-or-unchanged-at-landing)
internal/strategyworker/lane.go	ProductionLanes	472ce405	-	NOT-REQUIRED(new-since-base-or-unchanged-at-landing)
internal/strategyworker/lane.go	newLane	472ce405	-	NOT-REQUIRED(new-since-base-or-unchanged-at-landing)
internal/strategyworker/lane_test.go	TestAFailureWithoutAReasonStillRecordsOne	472ce405	-	NOT-REQUIRED(new-since-base-or-unchanged-at-landing)
internal/strategyworker/lane_test.go	TestAFaultOnOneLaneChangesNothingOnItsPeers	472ce405	-	NOT-REQUIRED(new-since-base-or-unchanged-at-landing)
internal/strategyworker/lane_test.go	TestALatchedLaneReportsTheLatchRatherThanDormancy	472ce405,b1474436	-	NOT-REQUIRED(new-since-base-or-unchanged-at-landing)
internal/strategyworker/lane_test.go	TestASecondFailureDoesNotMintASecondLatch	472ce405	-	NOT-REQUIRED(new-since-base-or-unchanged-at-landing)
internal/strategyworker/lane_test.go	TestAnAbnormalFailureLatchesAtOnceBelowTheThreshold	472ce405	-	NOT-REQUIRED(new-since-base-or-unchanged-at-landing)
internal/strategyworker/lane_test.go	TestAnOrdinaryFailureCountsAndLatchesExactlyAtTheThreshold	472ce405	-	NOT-REQUIRED(new-since-base-or-unchanged-at-landing)
internal/strategyworker/lane_test.go	TestEveryProductionLaneIsBornHealthyAndUnlatched	472ce405	-	NOT-REQUIRED(new-since-base-or-unchanged-at-landing)
internal/strategyworker/lane_test.go	TestProductionLanesHandsOutFreshLanesEveryTime	472ce405	-	NOT-REQUIRED(new-since-base-or-unchanged-at-landing)
internal/strategyworker/lane_test.go	TestSuccessClearsTheCounterButNeverTheLatch	472ce405	-	NOT-REQUIRED(new-since-base-or-unchanged-at-landing)
internal/strategyworker/lane_test.go	TestTheRestartDelayFollowsThePolicyLadder	472ce405	-	NOT-REQUIRED(new-since-base-or-unchanged-at-landing)
internal/strategyworker/lane_test.go	laneUnder	472ce405	-	NOT-REQUIRED(new-since-base-or-unchanged-at-landing)
internal/strategyworker/policy_receipt_test.go	TestTheProductionThresholdMatchesAnEngineThatKeepsNoFailureCounter	4f49a8eb,36ade9b2	-	NOT-REQUIRED(new-since-base-or-unchanged-at-landing)
internal/strategyworker/policy_receipt_test.go	renderStatement	472ce405	-	NOT-REQUIRED(new-since-base-or-unchanged-at-landing)
internal/strategyworker/policy_test.go	TestEveryProductionLaneCarriesTheSameServerOwnedPolicy	472ce405	-	NOT-REQUIRED(new-since-base-or-unchanged-at-landing)
internal/strategyworker/policy_test.go	TestTheFailureCountersSaturateRatherThanWrap	472ce405	-	NOT-REQUIRED(new-since-base-or-unchanged-at-landing)
internal/strategyworker/policy_test.go	TestTheGoldenSevenAreEachSomethingThisLaneCanShow	472ce405	-	NOT-REQUIRED(new-since-base-or-unchanged-at-landing)
internal/strategyworker/policy_test.go	theDeadlineIsEnforced	89a626c3	-	NOT-REQUIRED(new-since-base-or-unchanged-at-landing)
internal/strategyworker/rehearsal_test.go	TestRestartForgetsALatchedLaneWhichIsExactlyWhatTask533MustFix	c43821e0	-	NOT-REQUIRED(new-since-base-or-unchanged-at-landing)
internal/strategyworker/rehearsal_test.go	rehearse	b1474436	-	NOT-REQUIRED(new-since-base-or-unchanged-at-landing)
internal/strategyworker/restore_test.go	TestAProductionLaneBornFromADurableRecordIsLatched	b1474436	-	NOT-REQUIRED(new-since-base-or-unchanged-at-landing)
internal/strategyworker/restore_test.go	TestARestoredLaneStillCannotUnlatchItself	b1474436	-	NOT-REQUIRED(new-since-base-or-unchanged-at-landing)
internal/strategyworker/worker.go	FamilyWorker.Desired	b1474436	-	NOT-REQUIRED(new-since-base-or-unchanged-at-landing)
internal/strategyworker/worker.go	FamilyWorker.Effective	b1474436	-	NOT-REQUIRED(new-since-base-or-unchanged-at-landing)
internal/strategyworker/worker.go	FamilyWorker.Horizon	b1474436	-	NOT-REQUIRED(new-since-base-or-unchanged-at-landing)
internal/strategyworker/worker.go	FamilyWorker.Key	b1474436	-	NOT-REQUIRED(new-since-base-or-unchanged-at-landing)
internal/strategyworker/worker.go	FamilyWorker.Run	b1474436	-	NOT-REQUIRED(new-since-base-or-unchanged-at-landing)
internal/strategyworker/worker.go	ProductionWorkers	b1474436	-	NOT-REQUIRED(new-since-base-or-unchanged-at-landing)
internal/strategyworker/worker.go	dormant	b1474436	-	NOT-REQUIRED(new-since-base-or-unchanged-at-landing)
internal/strategyworker/worker.go	newWorker	b1474436	-	NOT-REQUIRED(new-since-base-or-unchanged-at-landing)
